{
"type": "FeatureCollection",
"name": "Eaton_ez_20250109_200000",
"crs": { "type": "name", "properties": { "name": "urn:ogc:def:crs:EPSG::3857" } },
"features": [
{ "type": "Feature", "properties": { "OBJECTID": 394, "zoneId": "US-CA-XLA-MRV-003", "country_abbr": "US", "state_abbr": "CA", "county_abb": "XLA", "city_abbr": "MRV", "zone_sequence": "003", "city_zone_sequence": "MRV-003", "incident_name": "EATON", "most_extreme_status": "Evacuation Order", "datetime": "2025-01-09T21:17:00", "datetime_1h": "2025-01-09T21:00:00", "datetime_2h": "2025-01-09T22:00:00", "datetime_3h": "2025-01-09T21:00:00", "datetime_4h": "2025-01-09T20:00:00", "datetime_6h": "2025-01-10T00:00:00", "datetime_8h": "2025-01-10T00:00:00", "datetime_12h": "2025-01-10T00:00:00" }, "geometry": { "type": "Polygon", "coordinates": [ [ [ -13136621.584894454106688, 4050536.391780317761004 ], [ -13136617.504922574386001, 4050545.56598830409348 ], [ -13136607.623809052631259, 4050567.784288031980395 ], [ -13136606.753595536574721, 4050570.715337952598929 ], [ -13136601.260014958679676, 4050589.218955839518458 ], [ -13136597.147421456873417, 4050603.07070123963058 ], [ -13136593.25255418382585, 4050616.189150962047279 ], [ -13136589.968580449, 4050641.70323211979121 ], [ -13136587.174452098086476, 4050663.410397375933826 ], [ -13136602.837269430980086, 4050669.66775406897068 ], [ -13136604.838217684999108, 4050663.441481915302575 ], [ -13136645.630685817450285, 4050680.857603024225682 ], [ -13136667.504170602187514, 4050687.672510158736259 ], [ -13136700.81389763019979, 4050684.915516073815525 ], [ -13136718.466256754472852, 4050687.930433065630496 ], [ -13136732.269266474992037, 4050686.772089757025242 ], [ -13136993.642096761614084, 4050665.148072906304151 ], [ -13136995.291880337521434, 4050867.609210955444723 ], [ -13137001.615661976858974, 4050867.55716901505366 ], [ -13137003.267207959666848, 4050945.180016620550305 ], [ -13136995.922834422439337, 4050945.240183678455651 ], [ -13136996.273712012916803, 4050988.442246409598738 ], [ -13137105.571415986865759, 4050987.489969767164439 ], [ -13137105.608431497588754, 4050991.924196518957615 ], [ -13137145.336374828591943, 4050989.152494792826474 ], [ -13137153.612905384972692, 4051196.066305395681411 ], [ -13137107.37897701561451, 4051204.157322382088751 ], [ -13137108.81666823849082, 4051376.495014459826052 ], [ -13137109.584009742364287, 4051468.468672057148069 ], [ -13137109.476749518886209, 4051496.043769910931587 ], [ -13137108.628476742655039, 4051714.1420499230735 ], [ -13137108.370676387101412, 4051780.506190326996148 ], [ -13137107.890505550429225, 4051904.081396121066064 ], [ -13137107.683593787252903, 4051956.49312148289755 ], [ -13137107.881828086450696, 4052187.746398750226945 ], [ -13137107.9158417545259, 4052199.026808905415237 ], [ -13137107.970163103193045, 4052217.236166259273887 ], [ -13137108.89022259414196, 4052393.410898882895708 ], [ -13137109.470915485173464, 4052504.332546815276146 ], [ -13137111.676985597237945, 4052926.492158407811075 ], [ -13137106.522577693685889, 4052933.84713701158762 ], [ -13135632.037610983476043, 4052967.08333514817059 ], [ -13135643.292841946706176, 4052468.626984021160752 ], [ -13135642.879397127777338, 4051974.302847997285426 ], [ -13135642.528669042512774, 4051921.468093038070947 ], [ -13135642.262880066409707, 4051881.466312162112445 ], [ -13135641.882841780781746, 4051823.977152607869357 ], [ -13135641.706334374845028, 4051797.680361742619425 ], [ -13135640.80536150559783, 4051661.42828981205821 ], [ -13135640.294195540249348, 4051585.082688158378005 ], [ -13135621.093681748956442, 4051565.801113606896251 ], [ -13135668.650462264195085, 4051551.777856341097504 ], [ -13135683.957465544342995, 4051475.238471569959074 ], [ -13135674.496371928602457, 4051402.461004036013037 ], [ -13135766.614566354081035, 4051322.535069276113063 ], [ -13135857.237933162599802, 4051215.129581902176142 ], [ -13136008.276820397004485, 4051030.526506524998695 ], [ -13136105.613047381862998, 4050886.200286782346666 ], [ -13136390.908779103308916, 4050765.369114658329636 ], [ -13136483.210432728752494, 4050664.676533360034227 ], [ -13136621.584894454106688, 4050536.391780317761004 ] ] ] } },
{ "type": "Feature", "properties": { "OBJECTID": 420, "zoneId": "US-CA-XLA-LAC-E165", "country_abbr": "US", "state_abbr": "CA", "county_abb": "XLA", "city_abbr": "LAC", "zone_sequence": "E165", "city_zone_sequence": "LAC-E165", "incident_name": "EATON", "most_extreme_status": "Evacuation Order", "datetime": "2025-01-09T21:17:00", "datetime_1h": "2025-01-09T21:00:00", "datetime_2h": "2025-01-09T22:00:00", "datetime_3h": "2025-01-09T21:00:00", "datetime_4h": "2025-01-09T20:00:00", "datetime_6h": "2025-01-10T00:00:00", "datetime_8h": "2025-01-10T00:00:00", "datetime_12h": "2025-01-10T00:00:00" }, "geometry": { "type": "Polygon", "coordinates": [ [ [ -13155269.311553942039609, 4056784.441967292688787 ], [ -13155268.771771630272269, 4056794.879911187104881 ], [ -13155314.54369361512363, 4056868.930548652075231 ], [ -13155344.623325649648905, 4056942.878835968207568 ], [ -13155345.046482872217894, 4056943.919060761108994 ], [ -13155348.571308128535748, 4057081.849036288913339 ], [ -13155348.47165191359818, 4057081.850425637792796 ], [ -13155345.911383217200637, 4057085.888785107992589 ], [ -13155313.18333637341857, 4057137.175184860825539 ], [ -13155310.066360240802169, 4057142.021187431178987 ], [ -13155306.392933262512088, 4057147.809406091924757 ], [ -13155303.498542677611113, 4057153.463006707374007 ], [ -13155294.25916787609458, 4057152.251628470141441 ], [ -13155273.442343836650252, 4057150.097756689880043 ], [ -13155260.195240499451756, 4057148.617065463680774 ], [ -13155250.735512549057603, 4057143.363071740604937 ], [ -13155236.507317252457142, 4057135.43317140173167 ], [ -13155226.536563936620951, 4057130.000696017872542 ], [ -13155217.560667673125863, 4057085.854973024223 ], [ -13155194.1511290948838, 4057071.141016341280192 ], [ -13155191.532693626359105, 4057085.693518946878612 ], [ -13155178.454584073275328, 4057158.686125930864364 ], [ -13155171.85066793859005, 4057195.049645903520286 ], [ -13155135.945335736498237, 4057197.860834064893425 ], [ -13155136.492911633104086, 4057201.558819529600441 ], [ -13155140.972139554098248, 4057204.480545073281974 ], [ -13155164.493402823805809, 4057220.182191161904484 ], [ -13155164.654039075598121, 4057220.305815480649471 ], [ -13155169.566580004990101, 4057224.058312498033047 ], [ -13155186.835679145529866, 4057237.460475677158684 ], [ -13155202.920656720176339, 4057249.911321787163615 ], [ -13155219.007121743634343, 4057262.363490731921047 ], [ -13155223.982650248333812, 4057266.263194779399782 ], [ -13155228.357970440760255, 4057269.632527633570135 ], [ -13155240.941106783226132, 4057286.502770641818643 ], [ -13155253.961390312761068, 4057303.958777710329741 ], [ -13155255.906724352389574, 4057307.754822066053748 ], [ -13155258.859454477205873, 4057313.516304142773151 ], [ -13155263.312211511656642, 4057314.996934751980007 ], [ -13155284.462901402264833, 4057295.881887120660394 ], [ -13155285.687380069866776, 4057272.056095252279192 ], [ -13155288.247830549255013, 4057221.845540177542716 ], [ -13155291.142177941277623, 4057219.826294912490994 ], [ -13155297.153507029637694, 4057218.076438145712018 ], [ -13155318.639883184805512, 4057235.98276872234419 ], [ -13155337.562309866771102, 4057251.86391269788146 ], [ -13155350.413494082167745, 4057262.496630917768925 ], [ -13155362.943149982020259, 4057272.863290349487215 ], [ -13155365.773981032893062, 4057275.829964778851718 ], [ -13155366.234781386330724, 4057278.975942518096417 ], [ -13155366.171468537300825, 4057282.420778481289744 ], [ -13155366.060046074911952, 4057299.381872978061438 ], [ -13155366.060144927352667, 4057307.862573912832886 ], [ -13155371.73741702735424, 4057315.939329373650253 ], [ -13155374.854428669437766, 4057316.208577490411699 ], [ -13155399.344598868861794, 4057319.573862140066922 ], [ -13155401.905063042417169, 4057305.97801646636799 ], [ -13155469.80988641269505, 4057313.650913270190358 ], [ -13155485.951224934309721, 4057360.765391647815704 ], [ -13155496.622403495013714, 4057380.426234802696854 ], [ -13155511.888737423345447, 4057408.553152661304921 ], [ -13155490.960629738867283, 4057420.264451662544161 ], [ -13155488.099790068343282, 4057421.906906152609736 ], [ -13155479.940008277073503, 4057426.591405195184052 ], [ -13155487.535207781940699, 4057442.246919813100249 ], [ -13155494.634183287620544, 4057456.879547453951091 ], [ -13155506.545217964798212, 4057481.24478036724031 ], [ -13155509.16903817653656, 4057485.419609753414989 ], [ -13155512.890410570427775, 4057491.340792001225054 ], [ -13155518.9206861294806, 4057500.891129996161908 ], [ -13155530.145028939470649, 4057518.667696469463408 ], [ -13155546.028647474944592, 4057544.029351494275033 ], [ -13155527.06147425621748, 4057545.757437763269991 ], [ -13155504.541627651080489, 4057531.186854499392211 ], [ -13155486.285216357558966, 4057535.763864634092897 ], [ -13155492.853077556937933, 4057548.956163898576051 ], [ -13155478.604022325947881, 4057595.129101255442947 ], [ -13155493.743625912815332, 4057602.667706361506134 ], [ -13155510.775497095659375, 4057611.013984301127493 ], [ -13155556.416535411030054, 4057633.629378935322165 ], [ -13155627.848109753802419, 4057650.341628566384315 ], [ -13155648.477747172117233, 4057655.168128992430866 ], [ -13155715.603310173377395, 4057692.187697543762624 ], [ -13155718.274985410273075, 4057695.418518606573343 ], [ -13155718.375079331919551, 4057700.001562183722854 ], [ -13155719.054162735119462, 4057731.09215807216242 ], [ -13155719.610783344134688, 4057752.092511730268598 ], [ -13155727.037787111476064, 4057755.619540498591959 ], [ -13155749.778418894857168, 4057766.227325638756156 ], [ -13155850.522632645443082, 4057757.207917973864824 ], [ -13155856.867824476212263, 4057757.207966489251703 ], [ -13155896.163577007129788, 4057754.919495607726276 ], [ -13155994.570037368685007, 4057807.689662605989724 ], [ -13156000.879611968994141, 4057807.952808685135096 ], [ -13156004.254826722666621, 4057808.093626923393458 ], [ -13156010.265926605090499, 4057810.516721349209547 ], [ -13156019.282935047522187, 4057813.478278496302664 ], [ -13156023.488628713414073, 4057814.651952117681503 ], [ -13156026.518767070025206, 4057815.362949565984309 ], [ -13156173.237816974520683, 4057853.460036356002092 ], [ -13156177.022596282884479, 4057854.537096442654729 ], [ -13156184.703774621710181, 4057856.421702475752681 ], [ -13156188.970835158601403, 4057858.171924089547247 ], [ -13156177.579136742278934, 4057961.963541396893561 ], [ -13156176.466056494042277, 4057972.598458400927484 ], [ -13156171.234009921550751, 4057996.426392608787864 ], [ -13156169.007566118612885, 4058016.888736928347498 ], [ -13156154.202052023261786, 4058154.875994957052171 ], [ -13156153.73454244621098, 4058159.138884075917304 ], [ -13156152.754954192787409, 4058168.069021394010633 ], [ -13156124.702411675825715, 4058179.915769754443318 ], [ -13156115.921638667583466, 4058193.058062810450792 ], [ -13156113.459211345762014, 4058196.74363699555397 ], [ -13156097.763157131150365, 4058220.302810993045568 ], [ -13156091.974534815177321, 4058221.110429058782756 ], [ -13156036.760098218917847, 4058227.841673884540796 ], [ -13156027.07532812282443, 4058228.918525222223252 ], [ -13156000.247328283265233, 4058212.225323422346264 ], [ -13155996.630345851182938, 4058209.996210338547826 ], [ -13155988.669990252703428, 4058205.090368219185621 ], [ -13155974.866481931880116, 4058196.474411096423864 ], [ -13155949.151666089892387, 4058180.588988800067455 ], [ -13155944.142252046614885, 4058176.954055768903345 ], [ -13155909.744538964703679, 4058156.22215890372172 ], [ -13155905.514376828446984, 4058154.337485836353153 ], [ -13155888.447342714294791, 4058147.147125081159174 ], [ -13155861.097818518057466, 4058135.624860080424696 ], [ -13155862.767747132107615, 4058155.414401492103934 ], [ -13155865.852410890161991, 4058191.997013073414564 ], [ -13155866.218645671382546, 4058196.339831611607224 ], [ -13155869.446916691958904, 4058234.034282380715013 ], [ -13155874.567591894418001, 4058293.672514370642602 ], [ -13155894.939393449574709, 4058326.349794932641089 ], [ -13155901.172881510108709, 4058336.348597143776715 ], [ -13155944.142190150916576, 4058405.276798707433045 ], [ -13155975.311554731801152, 4058415.777413174975663 ], [ -13156072.50226821936667, 4058448.551536601036787 ], [ -13156273.536554725840688, 4058516.343094028066844 ], [ -13156272.907386984676123, 4058618.880043981131166 ], [ -13156272.200782284140587, 4058734.036940597463399 ], [ -13156471.462356548756361, 4058735.921750965993851 ], [ -13156641.336197501048446, 4058737.671858986839652 ], [ -13156678.501729236915708, 4058737.971502264495939 ], [ -13156724.82574724778533, 4058738.345010127872229 ], [ -13156735.735042540356517, 4058756.78923915931955 ], [ -13156735.18311426974833, 4058775.556629343889654 ], [ -13156734.733299035578966, 4058790.850636397488415 ], [ -13156734.621960286051035, 4058799.46702516824007 ], [ -13156733.84270603954792, 4058828.143259707838297 ], [ -13156739.174151116982102, 4058837.066668627317995 ], [ -13156746.310592647641897, 4058849.011068718507886 ], [ -13156780.950071515515447, 4058854.844219599850476 ], [ -13156783.899260897189379, 4058855.701364395674318 ], [ -13156800.83377049677074, 4058861.053573025390506 ], [ -13156708.350517043843865, 4058965.18460253207013 ], [ -13156670.668862400576472, 4059005.708839908242226 ], [ -13156646.924459429457784, 4059030.171662326902151 ], [ -13156636.927991639822721, 4059040.484598423819989 ], [ -13156626.642079040408134, 4059053.099613758269697 ], [ -13156621.031528282910585, 4059061.379637476056814 ], [ -13156615.454432144761086, 4059072.904235028196126 ], [ -13156610.489580741152167, 4059089.073743636719882 ], [ -13156609.944078613072634, 4059102.389057343360037 ], [ -13156610.901506604626775, 4059113.132745666895062 ], [ -13156613.896027067676187, 4059122.220679262187332 ], [ -13156618.905351167544723, 4059132.022052384447306 ], [ -13156622.545464117079973, 4059138.403654524125159 ], [ -13156646.701869316399097, 4059169.813900290522724 ], [ -13156652.802141344174743, 4059179.359447278548032 ], [ -13156657.433033384382725, 4059189.053052836563438 ], [ -13156662.07500527985394, 4059199.50076387450099 ], [ -13156665.781965361908078, 4059212.223771688062698 ], [ -13156668.164242317900062, 4059225.202602311968803 ], [ -13156668.965702464804053, 4059237.925645157229155 ], [ -13156668.43136646039784, 4059250.392923945561051 ], [ -13156667.106639249250293, 4059261.513796874787658 ], [ -13156664.190119130536914, 4059273.173320133704692 ], [ -13156659.692764054983854, 4059284.576928745489568 ], [ -13156652.534908888861537, 4059296.505660125985742 ], [ -13156645.109912434592843, 4059305.782165734563023 ], [ -13156635.213640091940761, 4059315.59714395692572 ], [ -13156625.417483380064368, 4059324.617750314064324 ], [ -13156613.662192909047008, 4059333.194023279938847 ], [ -13156599.791800608858466, 4059339.710568945389241 ], [ -13156587.602243341505527, 4059343.412925704848021 ], [ -13156573.820969082415104, 4059346.859715420287102 ], [ -13156561.074814697727561, 4059347.007765956223011 ], [ -13156544.210033068433404, 4059346.752034257166088 ], [ -13156510.540887685492635, 4059343.827967621386051 ], [ -13156493.51508898101747, 4059342.349321002140641 ], [ -13156478.676124049350619, 4059342.080119202379137 ], [ -13156465.952325955033302, 4059343.143704450223595 ], [ -13156454.564360413700342, 4059345.526849648915231 ], [ -13156443.955618729814887, 4059349.242855663876981 ], [ -13156435.217088794335723, 4059354.008944558445364 ], [ -13156426.734523227438331, 4059361.171554000582546 ], [ -13156418.519131446257234, 4059371.767492725048214 ], [ -13156412.151603585109115, 4059382.107529464177787 ], [ -13156398.837838796898723, 4059410.502635343931615 ], [ -13156388.64092412404716, 4059433.72751910565421 ], [ -13156377.798536522313952, 4059458.797166554722935 ], [ -13156370.929961748421192, 4059473.5265853703022 ], [ -13156361.835179166868329, 4059485.361332074273378 ], [ -13156349.567795546725392, 4059495.432231897488236 ], [ -13156329.463489387184381, 4059508.734484983142465 ], [ -13156309.448231695219874, 4059520.151866793166846 ], [ -13156272.991202546283603, 4059540.199594450183213 ], [ -13156248.667780593037605, 4059554.767544202506542 ], [ -13156238.01461542211473, 4059559.708851275965571 ], [ -13156227.116385839879513, 4059563.182490905746818 ], [ -13156196.726240772753954, 4059569.012339009903371 ], [ -13156173.438178367912769, 4059570.803065538872033 ], [ -13156155.972069106996059, 4059570.803111370187253 ], [ -13156134.019953466951847, 4059567.073532517068088 ], [ -13156116.40923117287457, 4059564.084636815357953 ], [ -13156110.275419473648071, 4059563.613264807499945 ], [ -13156098.508908107876778, 4059562.69775355188176 ], [ -13156085.32876355573535, 4059563.990321492310613 ], [ -13156069.443522868677974, 4059571.449398666154593 ], [ -13156056.330072270706296, 4059581.022233680821955 ], [ -13156048.660153230652213, 4059591.402989362832159 ], [ -13156043.127497617155313, 4059599.979507572483271 ], [ -13156039.954833464697003, 4059614.385953261516988 ], [ -13156037.56150359660387, 4059628.267349984496832 ], [ -13156037.583866013213992, 4059639.025066093541682 ], [ -13156036.537492299452424, 4059661.119574386626482 ], [ -13156031.906470458954573, 4059685.368419096805155 ], [ -13156024.681857435032725, 4059698.307317131664604 ], [ -13156013.394050497561693, 4059709.496007233392447 ], [ -13156000.280634181573987, 4059719.203506390098482 ], [ -13155988.747922914102674, 4059726.406893006060272 ], [ -13155973.107515087351203, 4059733.044698131736368 ], [ -13155957.411501618102193, 4059738.740043278317899 ], [ -13155940.71355339884758, 4059744.825738715939224 ], [ -13155933.733906038105488, 4059748.137990157585591 ], [ -13155927.010213805362582, 4059751.342348852660507 ], [ -13155917.436679597944021, 4059757.899397123605013 ], [ -13155908.341911487281322, 4059768.455411542672664 ], [ -13155902.208148432895541, 4059780.909722754731774 ], [ -13155899.347341269254684, 4059791.007992039900273 ], [ -13155896.976160082966089, 4059808.524870661552995 ], [ -13155897.310134921222925, 4059812.362193152308464 ], [ -13155898.423394283279777, 4059825.247431290335953 ], [ -13155900.226646471768618, 4059844.824337231460959 ], [ -13155910.022795611992478, 4059930.255488633178174 ], [ -13155913.329057181254029, 4059950.627108289394528 ], [ -13155917.74842849560082, 4059962.812295339535922 ], [ -13155922.457211010158062, 4059972.789442031178623 ], [ -13155928.891469672322273, 4059982.443488141521811 ], [ -13155936.694947162643075, 4059990.468233190011233 ], [ -13155950.988380355760455, 4060000.607019146438688 ], [ -13155963.077775018289685, 4060006.585281080100685 ], [ -13155987.723789276555181, 4060014.690787550993264 ], [ -13156014.596359549090266, 4060025.66443367023021 ], [ -13156034.355485675856471, 4060039.182655575685203 ], [ -13156058.979330878704786, 4060058.463793776929379 ], [ -13156109.384870672598481, 4060097.645751504227519 ], [ -13156127.452098943293095, 4060116.603820524644107 ], [ -13156138.04973940551281, 4060139.156904248055071 ], [ -13156141.901296492666006, 4060154.075811358168721 ], [ -13156143.125736083835363, 4060170.650680122897029 ], [ -13156143.727012172341347, 4060196.772212252486497 ], [ -13156143.203727634623647, 4060206.493718448095024 ], [ -13156140.888227790594101, 4060249.621200408786535 ], [ -13156140.832675578072667, 4060269.373977445997298 ], [ -13156141.133265590295196, 4060295.266741346102208 ], [ -13156141.689785229042172, 4060301.891523390077055 ], [ -13156147.656522961333394, 4060326.208882360719144 ], [ -13156169.486238036304712, 4060389.709242102690041 ], [ -13156185.549672059714794, 4060431.692912152502686 ], [ -13156197.193742893636227, 4060466.082472706679255 ], [ -13156202.837654436007142, 4060475.669528170488775 ], [ -13156209.249582190066576, 4060484.583394205663353 ], [ -13156218.544849839061499, 4060493.941586907487363 ], [ -13156229.331748571246862, 4060501.859024494420737 ], [ -13156245.595443243160844, 4060513.438943336717784 ], [ -13156266.167266327887774, 4060527.833137918263674 ], [ -13156275.328849511221051, 4060535.077280536293983 ], [ -13156285.948726817965508, 4060544.718283409252763 ], [ -13156295.032432556152344, 4060556.136636848561466 ], [ -13156304.294153856113553, 4060571.51387851126492 ], [ -13156312.030816385522485, 4060587.806585179641843 ], [ -13156320.847402546554804, 4060614.171459080651402 ], [ -13156328.161185374483466, 4060635.729210099671036 ], [ -13156333.827214429154992, 4060654.2304523778148 ], [ -13156341.241185577586293, 4060670.240523129235953 ], [ -13156351.426824474707246, 4060685.267768588848412 ], [ -13156360.499488655477762, 4060696.497827783226967 ], [ -13156372.833662742748857, 4060709.289882851298898 ], [ -13156387.004557445645332, 4060720.748777352273464 ], [ -13156402.155206153169274, 4060730.618858862668276 ], [ -13156417.784486595541239, 4060736.799474784173071 ], [ -13156436.096513442695141, 4060741.283449112437665 ], [ -13156471.963592816144228, 4060742.616537228692323 ], [ -13156708.940490199252963, 4060721.906782583799213 ], [ -13156743.828062472864985, 4060724.869220440275967 ], [ -13156763.976895872503519, 4060732.881022075656801 ], [ -13156777.413109429180622, 4060738.832690732553601 ], [ -13156789.023699147626758, 4060748.37961795181036 ], [ -13156801.068530835211277, 4060764.134074368979782 ], [ -13156810.56411768682301, 4060779.525060132145882 ], [ -13156819.425235314294696, 4060797.824425544124097 ], [ -13156829.076491676270962, 4060816.352843847125769 ], [ -13156833.707441492006183, 4060831.487980638165027 ], [ -13156836.612790143117309, 4060845.640194354113191 ], [ -13156837.648206459358335, 4060850.68973488593474 ], [ -13156837.68155855499208, 4060869.904884529300034 ], [ -13156833.429189408197999, 4060888.972083984874189 ], [ -13156827.239760931581259, 4060903.609120059758425 ], [ -13156818.211724067106843, 4060916.53598358342424 ], [ -13156807.302354302257299, 4060927.03910159971565 ], [ -13156792.69735087826848, 4060938.201965820044279 ], [ -13156783.16840591840446, 4060943.547851426526904 ], [ -13156772.170007498934865, 4060949.715087933000177 ], [ -13156750.29570796713233, 4060959.275637263432145 ], [ -13156727.50853306055069, 4060971.865994459483773 ], [ -13156709.986941834911704, 4060985.048759097699076 ], [ -13156695.170286443084478, 4061001.382614257279783 ], [ -13156683.76014138199389, 4061019.170707468409091 ], [ -13156675.800735786557198, 4061037.241730397567153 ], [ -13156668.843190355226398, 4061059.325388762168586 ], [ -13156663.700274745002389, 4061082.890366876963526 ], [ -13156660.549985028803349, 4061111.558985108043998 ], [ -13156657.800338502973318, 4061146.421889323275536 ], [ -13156655.473791312426329, 4061192.071013858541846 ], [ -13156657.600054144859314, 4061222.167347499635071 ], [ -13156660.516539976000786, 4061242.487415017560124 ], [ -13156666.550054933875799, 4061258.848509133793414 ], [ -13156675.333119342103601, 4061274.617113112937659 ], [ -13156683.89360654912889, 4061287.921486285980791 ], [ -13156688.391007374972105, 4061293.146329515147954 ], [ -13156694.190648540854454, 4061298.384622326586396 ], [ -13156709.541632590815425, 4061308.457151202484965 ], [ -13156724.970577355474234, 4061317.425383885391057 ], [ -13156744.907823571935296, 4061327.013211564160883 ], [ -13156761.850739352405071, 4061335.456403288058937 ], [ -13156777.569055235013366, 4061345.515672668348998 ], [ -13156783.624747147783637, 4061350.578762971330434 ], [ -13156789.034924156963825, 4061356.301916781812906 ], [ -13156792.942238174378872, 4061360.840009219478816 ], [ -13156796.849561983719468, 4061366.347488593775779 ], [ -13156800.567599359899759, 4061372.151424917392433 ], [ -13156804.118756793439388, 4061378.278484615497291 ], [ -13156807.402573792263865, 4061384.257579514291137 ], [ -13156810.185641435906291, 4061390.573057198431343 ], [ -13156812.812831176444888, 4061397.279138260055333 ], [ -13156814.460360754281282, 4061403.998734338209033 ], [ -13156815.462207118049264, 4061411.162794805597514 ], [ -13156815.484457433223724, 4061417.990128026343882 ], [ -13156814.682994727045298, 4061433.099102639593184 ], [ -13156811.833213424310088, 4061450.079868481028825 ], [ -13156809.061241554096341, 4061469.309605639893562 ], [ -13156807.30247207917273, 4061489.333853516727686 ], [ -13156806.801524797454476, 4061506.045472190715373 ], [ -13156809.105775469914079, 4061522.757019824814051 ], [ -13156814.19316703826189, 4061539.428230794146657 ], [ -13156821.261967282742262, 4061553.460169988684356 ], [ -13156830.57937103509903, 4061567.424726894591004 ], [ -13156841.310583639889956, 4061579.14040719717741 ], [ -13156853.221700139343739, 4061588.701488821301609 ], [ -13156868.272166201844811, 4061601.198205452412367 ], [ -13156880.751018004491925, 4061613.169757956638932 ], [ -13156893.09633706510067, 4061627.821186387445778 ], [ -13156901.100187411531806, 4061641.2876057010144 ], [ -13156907.70151281170547, 4061655.144591693766415 ], [ -13156911.909452123567462, 4061669.890335653442889 ], [ -13156914.068897739052773, 4061685.013074508868158 ], [ -13156914.580979751423001, 4061700.984310552012175 ], [ -13156911.909382436424494, 4061722.3689990863204 ], [ -13156906.844293953850865, 4061746.595276662148535 ], [ -13156903.348962686955929, 4061769.25952906999737 ], [ -13156901.00011820346117, 4061791.735164626501501 ], [ -13156900.065004535019398, 4061809.942077985033393 ], [ -13156902.124356115236878, 4061826.196213403716683 ], [ -13156904.751558549702168, 4061840.834469054359943 ], [ -13156910.896340006962419, 4061857.330965541768819 ], [ -13156918.800084300339222, 4061873.558373398147523 ], [ -13156931.078614002093673, 4061892.2771006654948 ], [ -13156947.709651194512844, 4061911.978829745668918 ], [ -13156969.127553505823016, 4061939.302953793667257 ], [ -13156992.716201139613986, 4061972.134849273134023 ], [ -13157028.338419934734702, 4062016.831282195169479 ], [ -13157055.177589353173971, 4062052.653037816286087 ], [ -13157073.979414388537407, 4062080.973980850540102 ], [ -13157085.078028291463852, 4062096.878461875487119 ], [ -13157098.592172617092729, 4062116.984527347609401 ], [ -13157114.555336501449347, 4062133.037150694057345 ], [ -13157128.503696860745549, 4062141.359757289290428 ], [ -13157144.889904644340277, 4062148.470243432559073 ], [ -13157162.233514927327633, 4062153.547443362884223 ], [ -13157183.317467560991645, 4062156.56400747410953 ], [ -13157226.28680937550962, 4062157.183400667738169 ], [ -13157234.034662632271647, 4062157.170002705883235 ], [ -13157252.847552381455898, 4062157.843375163152814 ], [ -13157274.120739465579391, 4062161.398581827525049 ], [ -13157293.568317290395498, 4062169.411439657676965 ], [ -13157312.08064853399992, 4062179.942784573417157 ], [ -13157328.711834114044905, 4062194.756485692691058 ], [ -13157341.613745506852865, 4062211.253614202607423 ], [ -13157350.096279241144657, 4062226.161706396378577 ], [ -13157353.491606643423438, 4062241.002364246640354 ], [ -13157356.185485111549497, 4062261.916872334200889 ], [ -13157355.328347852453589, 4062282.912140548229218 ], [ -13157354.092580387368798, 4062293.874419580679387 ], [ -13157343.973754337057471, 4062318.640565702691674 ], [ -13157333.342717027291656, 4062336.821305615827441 ], [ -13157321.264580441638827, 4062358.045747347176075 ], [ -13157311.034171849489212, 4062378.839139819145203 ], [ -13157303.509084701538086, 4062399.511365683283657 ], [ -13157298.321554018184543, 4062419.362230148166418 ], [ -13157295.583161780610681, 4062437.772069639526308 ], [ -13157295.215810244902968, 4062456.357032289728522 ], [ -13157298.243718983605504, 4062473.770364854950458 ], [ -13157304.833745008334517, 4062490.106316288001835 ], [ -13157308.663109887391329, 4062499.425715661142021 ], [ -13157320.273815708234906, 4062519.667289057280868 ], [ -13157335.235062655061483, 4062543.854875267017633 ], [ -13157359.836799252778292, 4062574.816612595226616 ], [ -13157381.054166737943888, 4062600.324122438207269 ], [ -13157392.152778744697571, 4062613.67034206353128 ], [ -13157401.889061044901609, 4062625.240256414748728 ], [ -13157425.381597319617867, 4062653.157329845707864 ], [ -13157437.014610234647989, 4062663.931322296150029 ], [ -13157446.398802006617188, 4062669.816681768279523 ], [ -13157449.148320293053985, 4062671.123080090153962 ], [ -13157465.512403329834342, 4062677.601020979229361 ], [ -13157484.158368054777384, 4062682.422505762893707 ], [ -13157502.815564135089517, 4062684.738782017957419 ], [ -13157523.387314863502979, 4062683.270896764472127 ], [ -13157545.695721892639995, 4062678.530225450638682 ], [ -13157577.755785891786218, 4062671.352018991019577 ], [ -13157587.340348633006215, 4062668.37564333807677 ], [ -13157598.717222299426794, 4062666.571032515261322 ], [ -13157605.975287161767483, 4062666.961557648610324 ], [ -13157616.995883464813232, 4062668.079356684349477 ], [ -13157627.292991913855076, 4062669.924508976284415 ], [ -13157642.287676002830267, 4062676.065773359499872 ], [ -13157657.159955523908138, 4062685.924020202830434 ], [ -13157669.616656746715307, 4062698.193105677142739 ], [ -13157680.459175927564502, 4062712.307125653605908 ], [ -13157687.6837955173105, 4062727.094623536337167 ], [ -13157692.848924713209271, 4062743.700274614617229 ], [ -13157694.229430891573429, 4062762.999626774340868 ], [ -13157693.561488566920161, 4062777.046468405518681 ], [ -13157691.780322279781103, 4062790.29867082554847 ], [ -13157684.177215194329619, 4062818.446334706619382 ], [ -13157680.3700310587883, 4062831.564045845996588 ], [ -13157678.75597614236176, 4062847.590718212071806 ], [ -13157679.19000493735075, 4062867.751991933677346 ], [ -13157682.474028656259179, 4062882.64751897379756 ], [ -13157688.10670561157167, 4062900.115390592254698 ], [ -13157695.876815419644117, 4062913.623646216001362 ], [ -13157706.318621618673205, 4062928.572961709927768 ], [ -13157720.300383390858769, 4062940.694146106019616 ], [ -13157733.05756875872612, 4062949.219285365659744 ], [ -13157745.814873017370701, 4062955.145221452694386 ], [ -13157760.553554007783532, 4062959.818558984901756 ], [ -13157777.652190167456865, 4062963.630111390259117 ], [ -13157795.307445824146271, 4062966.970160990953445 ], [ -13157809.701038282364607, 4062971.549173968844116 ], [ -13157821.92391013354063, 4062977.757907185237855 ], [ -13157834.425197262316942, 4062986.512218749616295 ], [ -13157843.93172793276608, 4062996.034013481810689 ], [ -13157851.234304228797555, 4063007.737711173016578 ], [ -13157858.369903182610869, 4063022.404364039655775 ], [ -13157862.577837819233537, 4063037.973413809202611 ], [ -13157865.115857310593128, 4063055.764860896859318 ], [ -13157865.126953860744834, 4063070.525762125849724 ], [ -13157862.97860468365252, 4063084.802023813594133 ], [ -13157858.937707168981433, 4063095.670787598472089 ], [ -13157851.445934381335974, 4063108.694457926321775 ], [ -13157841.082005297765136, 4063122.728353475686163 ], [ -13157827.690327886492014, 4063137.758694320451468 ], [ -13157808.866159688681364, 4063157.152977033983916 ], [ -13157791.199739689007401, 4063181.005099040456116 ], [ -13157777.652191057801247, 4063201.665430910885334 ], [ -13157769.837583733722568, 4063215.200988960452378 ], [ -13157762.523866357281804, 4063225.557981065474451 ], [ -13157753.90767109207809, 4063234.729938281234354 ], [ -13157744.579176910221577, 4063241.975989664439112 ], [ -13157734.638278033584356, 4063248.373422979842871 ], [ -13157723.072132734581828, 4063252.319657221436501 ], [ -13157710.270431814715266, 4063254.811268225312233 ], [ -13157692.359231721609831, 4063256.34656337602064 ], [ -13157673.189914885908365, 4063256.629423830658197 ], [ -13157656.569983370602131, 4063257.895473303738981 ], [ -13157638.14661187492311, 4063262.622884327545762 ], [ -13157621.905037945136428, 4063270.057311092037708 ], [ -13157606.676569897681475, 4063279.929690128192306 ], [ -13157595.244054408743978, 4063291.02763157337904 ], [ -13157585.22523333132267, 4063305.021130346693099 ], [ -13157580.88379879668355, 4063317.587221357505769 ], [ -13157578.145290229469538, 4063330.907485141418874 ], [ -13157576.542386634275317, 4063345.385964874643832 ], [ -13157576.631405824795365, 4063357.7770478380844 ], [ -13157580.115771120414138, 4063373.386818956118077 ], [ -13157586.060255527496338, 4063390.424442302435637 ], [ -13157593.307164397090673, 4063406.505873471498489 ], [ -13157601.767344731837511, 4063425.375237332191318 ], [ -13157608.646836165338755, 4063442.062725148163736 ], [ -13157615.648884452879429, 4063464.070279192179441 ], [ -13157631.834706354886293, 4063518.98179830936715 ], [ -13157638.012969706207514, 4063546.417438754346222 ], [ -13157639.315477771684527, 4063552.195521187968552 ], [ -13157642.677274407818913, 4063574.041661548428237 ], [ -13157642.955572579056025, 4063594.258204272948205 ], [ -13157640.718136750161648, 4063611.70007755421102 ], [ -13157634.751295605674386, 4063630.260119682177901 ], [ -13157626.636115301400423, 4063648.388986820355058 ], [ -13157616.873390056192875, 4063665.736831129994243 ], [ -13157603.993781857192516, 4063679.178728838916868 ], [ -13157588.420099381357431, 4063692.87654500734061 ], [ -13157572.623950576409698, 4063701.900742355268449 ], [ -13157553.610588118433952, 4063709.618257236201316 ], [ -13157531.491418654099107, 4063715.948710881639272 ], [ -13157511.164451360702515, 4063717.591965296771377 ], [ -13157493.108449658378959, 4063717.214701748453081 ], [ -13157472.080187160521746, 4063713.739810898434371 ], [ -13157453.957271756604314, 4063707.449894901830703 ], [ -13157436.803028615191579, 4063699.099164445418864 ], [ -13157420.628333989530802, 4063688.620337432250381 ], [ -13157406.379519652575254, 4063677.72416781168431 ], [ -13157392.987662345170975, 4063664.618926129769534 ], [ -13157382.189701462164521, 4063651.459942956920713 ], [ -13157371.625405641272664, 4063634.852882759645581 ], [ -13157360.949908109381795, 4063613.962906462606043 ], [ -13157351.342995312064886, 4063595.807189310435206 ], [ -13157340.478256424888968, 4063574.081989275291562 ], [ -13157328.355672523379326, 4063554.296588558703661 ], [ -13157316.321977127343416, 4063538.161047590896487 ], [ -13157304.310552418231964, 4063525.41976120043546 ], [ -13157292.154513338580728, 4063515.655100256204605 ], [ -13157278.629192311316729, 4063507.277562148403376 ], [ -13157263.634469259530306, 4063501.526462554000318 ], [ -13157247.515420015901327, 4063498.468999844510108 ], [ -13157230.216355673968792, 4063497.243408703245223 ], [ -13157214.108398193493485, 4063499.910279029980302 ], [ -13157197.043065931648016, 4063504.422188136726618 ], [ -13157182.861009001731873, 4063511.398881404660642 ], [ -13157171.595553789287806, 4063519.749436899088323 ], [ -13157159.90689293295145, 4063529.729706762824208 ], [ -13157148.763816468417645, 4063541.487908796407282 ], [ -13157139.490889081731439, 4063553.744359175674617 ], [ -13157129.204979931935668, 4063570.203080819454044 ], [ -13157122.024966506287456, 4063586.648315469268709 ], [ -13157119.308664176613092, 4063604.076906417496502 ], [ -13157117.894967531785369, 4063622.717634004540741 ], [ -13157119.264150628820062, 4063641.358383610844612 ], [ -13157122.99343516677618, 4063672.053761766292155 ], [ -13157125.286591183394194, 4063699.90733875380829 ], [ -13157127.668867137283087, 4063727.141295660287142 ], [ -13157126.822826204821467, 4063750.375182598363608 ], [ -13157125.408972939476371, 4063768.746827480383217 ], [ -13157119.987770289182663, 4063785.528960242401809 ], [ -13157113.720490524545312, 4063796.681322115007788 ], [ -13157104.191577512770891, 4063808.062656877562404 ], [ -13157090.877702403813601, 4063818.366433752235025 ], [ -13157076.472917104139924, 4063827.067271701060236 ], [ -13157061.990340186282992, 4063834.152048523072153 ], [ -13157046.093983022496104, 4063838.852742942981422 ], [ -13157026.946957359090447, 4063840.266893131658435 ], [ -13157006.085685227066278, 4063838.785331387538463 ], [ -13156977.910749159753323, 4063834.488810896407813 ], [ -13156855.058427430689335, 4063814.083222008310258 ], [ -13156821.016993602737784, 4063808.736060597933829 ], [ -13156790.905072677880526, 4063804.600970951840281 ], [ -13156759.947126965969801, 4063800.748990283813328 ], [ -13156742.080453110858798, 4063800.129358574282378 ], [ -13156727.664441574364901, 4063802.055458539631218 ], [ -13156712.948111088946462, 4063806.594488225877285 ], [ -13156700.391216533258557, 4063812.73627412179485 ], [ -13156687.967954127117991, 4063821.70668699266389 ], [ -13156673.74123971350491, 4063834.219367424026132 ], [ -13156659.71508083306253, 4063850.395619690883905 ], [ -13156649.406853014603257, 4063869.669791898690164 ], [ -13156644.753771547228098, 4063887.044907577801496 ], [ -13156644.052456865087152, 4063901.631914637982845 ], [ -13156645.232358530163765, 4063918.602925224229693 ], [ -13156649.54054338298738, 4063933.688365638721734 ], [ -13156655.317910742014647, 4063951.481103940866888 ], [ -13156663.455394571647048, 4063975.725553849712014 ], [ -13156669.221690651029348, 4063997.020265002734959 ], [ -13156670.435054844245315, 4064003.458703298121691 ], [ -13156671.681865759193897, 4064010.07194022461772 ], [ -13156671.681845050305128, 4064024.120340367779136 ], [ -13156670.245899874716997, 4064035.084358655847609 ], [ -13156666.694837285205722, 4064049.442563116550446 ], [ -13156660.483174633234739, 4064063.127363349776715 ], [ -13156652.935686215758324, 4064076.273354813922197 ], [ -13156642.928140027448535, 4064090.901057799812406 ], [ -13156629.959436045959592, 4064106.781302638817579 ], [ -13156608.474673135206103, 4064129.504122284706682 ], [ -13156586.377779260277748, 4064149.78903576778248 ], [ -13156573.230999493971467, 4064160.2007484161295 ], [ -13156561.085985384881496, 4064167.932176685892045 ], [ -13156547.738789347931743, 4064174.128166366368532 ], [ -13156530.829300921410322, 4064179.812295474112034 ], [ -13156515.901432344689965, 4064182.829471744596958 ], [ -13156502.064455373212695, 4064182.910208969376981 ], [ -13156484.520455425605178, 4064180.485802405979484 ], [ -13156467.533098122105002, 4064175.448228252585977 ], [ -13156453.495766216889024, 4064167.959272373467684 ], [ -13156439.836857905611396, 4064157.493451002985239 ], [ -13156425.309561610221863, 4064141.491878470405936 ], [ -13156373.011677971109748, 4064081.634182044304907 ], [ -13156334.873686548322439, 4064035.1651282440871 ], [ -13156319.578370923176408, 4064009.708344446960837 ], [ -13156304.550199925899506, 4063977.166696896310896 ], [ -13156283.299262713640928, 4063926.738315344788134 ], [ -13156273.002270594239235, 4063901.093124366365373 ], [ -13156264.653338730335236, 4063884.593608749564737 ], [ -13156255.536258298903704, 4063872.040351207368076 ], [ -13156242.99053231626749, 4063860.659007980022579 ], [ -13156229.019887242466211, 4063851.728995793033391 ], [ -13156213.969635687768459, 4063845.708420502953231 ], [ -13156198.373782597482204, 4063842.004453039262444 ], [ -13156181.909450573846698, 4063839.808976002503186 ], [ -13156164.766302870586514, 4063839.997613467741758 ], [ -13156149.103689920157194, 4063842.6375547433272 ], [ -13156133.307466201484203, 4063847.715254848822951 ], [ -13156120.171750036999583, 4063854.072639659512788 ], [ -13156107.091789016500115, 4063862.787063675466925 ], [ -13156093.377172868698835, 4063874.599534562788904 ], [ -13156081.855596443638206, 4063887.799187624827027 ], [ -13156071.324852207675576, 4063902.507354276720434 ], [ -13156063.042672406882048, 4063919.491963299922645 ], [ -13156056.174091843888164, 4063939.628233751747757 ], [ -13156051.554322512820363, 4063958.700597452931106 ], [ -13156045.899302288889885, 4063993.02004558313638 ], [ -13156040.466936964541674, 4064041.724696496035904 ], [ -13156037.049526333808899, 4064089.715630452614278 ], [ -13156035.357469962909818, 4064127.564530919771641 ], [ -13156033.631971433758736, 4064158.759572039358318 ], [ -13156034.021622601896524, 4064181.118789058178663 ], [ -13156037.049594463780522, 4064202.333114918787032 ], [ -13156041.301868988201022, 4064226.524323505349457 ], [ -13156048.214784877374768, 4064257.746604021172971 ], [ -13156058.311490187421441, 4064296.646530438680202 ], [ -13156062.920147944241762, 4064315.477006205357611 ], [ -13156064.578732769936323, 4064332.515944488812238 ], [ -13156063.933170670643449, 4064349.218380336649716 ], [ -13156061.20581141859293, 4064365.354882673826069 ], [ -13156056.752952307462692, 4064379.969481490086764 ], [ -13156049.884636795148253, 4064392.401982071343809 ], [ -13156042.660027, 4064402.80052544362843 ], [ -13156032.94189890474081, 4064412.970109055750072 ], [ -13156023.056699071079493, 4064421.132821552921087 ], [ -13156009.18621058948338, 4064429.45714060170576 ], [ -13155993.690510088577867, 4064435.976381891407073 ], [ -13155978.84054478444159, 4064440.030779963359237 ], [ -13155963.834643362089992, 4064441.808801401872188 ], [ -13155946.802817486226559, 4064441.431634637992829 ], [ -13155930.004757642745972, 4064438.562559543643147 ], [ -13155914.80960607342422, 4064433.713487701490521 ], [ -13155904.000379657372832, 4064428.999127121176571 ], [ -13155891.254342265427113, 4064421.456072313711047 ], [ -13155876.615821210667491, 4064411.326866208110005 ], [ -13155864.259408496320248, 4064404.120550062973052 ], [ -13155861.120210543274879, 4064402.288701927755028 ], [ -13155845.368412427604198, 4064393.883654334582388 ], [ -13155825.342099376022816, 4064384.481819172389805 ], [ -13155806.762870127335191, 4064377.262168760411441 ], [ -13155786.936789892613888, 4064371.039156113285571 ], [ -13155767.31122188642621, 4064366.890555098187178 ], [ -13155744.212416524067521, 4064363.428682360332459 ], [ -13155718.397404344752431, 4064360.303763951174915 ], [ -13155691.914575966075063, 4064356.43803003616631 ], [ -13155667.268396623432636, 4064350.753885042853653 ], [ -13155644.125050218775868, 4064343.884363581426442 ], [ -13155621.093124272301793, 4064335.209866069722921 ], [ -13155600.732726957648993, 4064326.198800946585834 ], [ -13155597.871746800839901, 4064324.649696446023881 ], [ -13155579.815764246508479, 4064314.884274807292968 ], [ -13155558.186441175639629, 4064302.155575315468013 ], [ -13155538.338114405050874, 4064287.419923614710569 ], [ -13155520.426948044449091, 4064271.0139115517959 ], [ -13155505.877418015152216, 4064254.904404228087515 ], [ -13155488.667497431859374, 4064233.663069444242865 ], [ -13155472.10310821980238, 4064217.297651663888246 ], [ -13155455.293753903359175, 4064204.164925063960254 ], [ -13155440.187814326956868, 4064193.928217292297632 ], [ -13155421.675372991710901, 4064184.082102555781603 ], [ -13155400.73605309613049, 4064175.757902735378593 ], [ -13155380.46491664648056, 4064170.033539236988872 ], [ -13155356.252902353182435, 4064166.504402815364301 ], [ -13155332.463901121169329, 4064165.777093594893813 ], [ -13155310.255667828023434, 4064167.11054706107825 ], [ -13155290.50759750790894, 4064170.114283442031592 ], [ -13155271.204789122566581, 4064174.559195925015956 ], [ -13155252.080139787867665, 4064181.091891931835562 ], [ -13155230.528645293787122, 4064190.951412896625698 ], [ -13155211.993856236338615, 4064200.851396116893739 ], [ -13155187.236471280455589, 4064216.583787677809596 ], [ -13155165.473489791154861, 4064229.123820323497057 ], [ -13155157.926089316606522, 4064233.757357619702816 ], [ -13155146.949967935681343, 4064240.505539347417653 ], [ -13155130.207599228248, 4064251.590874180197716 ], [ -13155115.858339980244637, 4064264.454401118215173 ], [ -13155102.221819240599871, 4064279.890435555949807 ], [ -13155092.09163648635149, 4064295.541984133888036 ], [ -13155083.664885729551315, 4064313.901074398774654 ], [ -13155079.201000533998013, 4064333.081707491073757 ], [ -13155076.807551775127649, 4064354.202059991657734 ], [ -13155075.850255472585559, 4064378.703323123045266 ], [ -13155075.260263506323099, 4064403.043100896757096 ], [ -13155074.826065171509981, 4064427.58484693756327 ], [ -13155073.568140011280775, 4064450.335228273179382 ], [ -13155069.905728539451957, 4064472.816124170552939 ], [ -13155067.412135990336537, 4064494.07145818322897 ], [ -13155066.799981093034148, 4064514.963142359629273 ], [ -13155068.135753534734249, 4064535.20823769364506 ], [ -13155071.13027043454349, 4064556.881232159677893 ], [ -13155073.712854791432619, 4064579.753064403310418 ], [ -13155074.659038070589304, 4064598.866930367890745 ], [ -13155073.523574588820338, 4064618.479056994430721 ], [ -13155069.493851989507675, 4064636.245931709650904 ], [ -13155066.555019214749336, 4064644.449183074291795 ], [ -13155062.636643156409264, 4064655.35986016690731 ], [ -13155053.352557105943561, 4064673.099852878600359 ], [ -13155042.131502337753773, 4064689.600448268465698 ], [ -13155029.129406630992889, 4064706.195588969159871 ], [ -13155014.613330448046327, 4064720.729788176715374 ], [ -13154997.937723273411393, 4064734.15949499187991 ], [ -13154982.742554781958461, 4064743.884863351937383 ], [ -13154973.358331391587853, 4064748.599384584464133 ], [ -13154964.719990337267518, 4064752.923282305244356 ], [ -13154946.263255164027214, 4064759.456329126376659 ], [ -13154926.849102130159736, 4064763.645562124904245 ], [ -13154906.288363125175238, 4064766.056590466294438 ], [ -13154883.367672288790345, 4064767.201533171348274 ], [ -13154859.890428084880114, 4064766.353021279443055 ], [ -13154837.448406159877777, 4064763.726296835113317 ], [ -13154814.460943667218089, 4064760.72242969693616 ], [ -13154794.779685968533158, 4064758.917505719233304 ], [ -13154772.593570301309228, 4064758.553803104441613 ], [ -13154752.979173539206386, 4064761.315216281451285 ], [ -13154736.704189067706466, 4064768.696799639612436 ], [ -13154723.312536478042603, 4064776.994421230163425 ], [ -13154709.486635128036141, 4064786.921858029440045 ], [ -13154694.647713610902429, 4064802.708923381287605 ], [ -13154679.363511124625802, 4064823.345156945753843 ], [ -13154667.675032606348395, 4064842.782519210595638 ], [ -13154655.752776481211185, 4064860.886543281842023 ], [ -13154643.696850912645459, 4064877.737808390520513 ], [ -13154630.115800119936466, 4064894.063783650286496 ], [ -13154612.482843209058046, 4064911.750203734263778 ], [ -13154587.9814732670784, 4064933.437424236908555 ], [ -13154551.680122196674347, 4064965.56422895565629 ], [ -13154503.823832139372826, 4065006.379378593061119 ], [ -13154467.611569277942181, 4065035.313909362535924 ], [ -13154446.928507855162024, 4065048.743841270450503 ], [ -13154425.544049812480807, 4065058.631176368333399 ], [ -13154405.739616544917226, 4065065.168196588754654 ], [ -13154385.354138502851129, 4065054.947011069394648 ], [ -13154347.21360632404685, 4065041.35618028184399 ], [ -13154327.60576761700213, 4065036.106825807597488 ], [ -13154233.73989992775023, 4065010.978377060964704 ], [ -13154186.77772156521678, 4064998.397288465406746 ], [ -13154148.101579885929823, 4064975.202563251834363 ], [ -13154095.416372435167432, 4064943.594391908496618 ], [ -13154089.353605058044195, 4064939.966328583657742 ], [ -13154061.774708049371839, 4064917.628671453334391 ], [ -13154038.948529133573174, 4064899.144673390779644 ], [ -13154028.356525225564837, 4064882.874881541822106 ], [ -13154020.295903829857707, 4064870.513441387098283 ], [ -13153993.358150428161025, 4064863.874840735923499 ], [ -13153969.353709246963263, 4064857.956111586652696 ], [ -13153918.081961326301098, 4064862.092484943568707 ], [ -13153903.985754767432809, 4064863.109261397272348 ], [ -13153879.833890179172158, 4064852.633125454187393 ], [ -13153876.052119169384241, 4064850.998545799870044 ], [ -13153826.412458140403032, 4064837.182182109449059 ], [ -13153816.260726157575846, 4064828.649463400710374 ], [ -13153774.773333525285125, 4064793.76719775237143 ], [ -13153750.22838400863111, 4064739.321614379063249 ], [ -13153738.525030536577106, 4064711.112216528970748 ], [ -13153714.764122, 4064653.814363160170615 ], [ -13153689.767406152561307, 4064618.911951441317797 ], [ -13153671.050397774204612, 4064597.703810250852257 ], [ -13153656.809301659464836, 4064595.830320357810706 ], [ -13153613.612842038273811, 4064590.159865758381784 ], [ -13153607.716921871528029, 4064590.129879863932729 ], [ -13153526.877989279106259, 4064589.732888404279947 ], [ -13153464.073092380538583, 4064579.528469715733081 ], [ -13153424.863658763468266, 4064555.637850814498961 ], [ -13153384.519006235525012, 4064524.002261877525598 ], [ -13153377.978805366903543, 4064515.725458655040711 ], [ -13153367.029089966788888, 4064501.826071946881711 ], [ -13153347.81562315300107, 4064502.734136984683573 ], [ -13153335.824971664696932, 4064516.273405248764902 ], [ -13153298.724851595237851, 4064539.471348858438432 ], [ -13153200.809311635792255, 4064625.798300734721124 ], [ -13153189.486072476953268, 4064639.559222649782896 ], [ -13153165.432600071653724, 4064668.798696156591177 ], [ -13153120.136007638648152, 4064760.439712915103883 ], [ -13153080.530757199972868, 4064783.904863971285522 ], [ -13153022.518886957317591, 4064818.287766311317682 ], [ -13152982.033304173499346, 4064859.898374986834824 ], [ -13152953.391829567030072, 4064885.045308837667108 ], [ -13152912.508161827921867, 4064923.652125549968332 ], [ -13152894.720106139779091, 4064940.441829803399742 ], [ -13152872.500417068600655, 4064964.424294034019113 ], [ -13152838.316675633192062, 4065011.307588092982769 ], [ -13152822.313033087179065, 4065044.40421560080722 ], [ -13152782.557374209165573, 4065149.3415328389965 ], [ -13152778.355077346786857, 4065150.951245842967182 ], [ -13152774.152779594063759, 4065152.561078937258571 ], [ -13152770.79368512891233, 4065153.793635808862746 ], [ -13152767.434589995071292, 4065155.026191803161055 ], [ -13152764.075494190678, 4065156.258746921550483 ], [ -13152760.716518390923738, 4065157.491300974506885 ], [ -13152756.768269527703524, 4065158.6720509394072 ], [ -13152751.977953504770994, 4065160.10462254146114 ], [ -13152747.60860894434154, 4065161.411220354959369 ], [ -13152743.239384386688471, 4065162.717937854584306 ], [ -13152737.507453637197614, 4065163.966624724213034 ], [ -13152733.510618157684803, 4065164.837522639892995 ], [ -13152729.513661006465554, 4065165.708297943230718 ], [ -13152725.932083623483777, 4065165.474169040098786 ], [ -13152722.335514962673187, 4065165.238968919031322 ], [ -13152717.956379521638155, 4065164.952622008975595 ], [ -13152714.47442184202373, 4065164.725016506388783 ], [ -13152705.682931326329708, 4065164.886600998230278 ], [ -13152701.89062793366611, 4065164.956389906350523 ], [ -13152696.891440700739622, 4065165.048299978021532 ], [ -13152691.892374249175191, 4065165.140207626391202 ], [ -13152688.099949851632118, 4065165.209992037154734 ], [ -13152679.308579450473189, 4065165.371555522084236 ], [ -13152675.627003552392125, 4065165.039073801133782 ], [ -13152671.945549100637436, 4065164.706833563279361 ], [ -13152667.983844604343176, 4065164.349030561745167 ], [ -13152664.582398638129234, 4065164.041985517833382 ], [ -13152659.602582443505526, 4065163.592463072855026 ], [ -13152654.833739837631583, 4065163.161926484666765 ], [ -13152650.064897565171123, 4065162.73138786572963 ], [ -13152646.469338126480579, 4065161.961090530268848 ], [ -13152642.87390024587512, 4065161.191034786403179 ], [ -13152639.278220916166902, 4065160.42073542624712 ], [ -13152635.682663034647703, 4065159.650556208565831 ], [ -13152631.491433335468173, 4065158.752674866933376 ], [ -13152627.300083741545677, 4065157.854913631919771 ], [ -13152623.951435495167971, 4065156.964492882136256 ], [ -13152619.119418077170849, 4065155.67957532312721 ], [ -13152615.770771168172359, 4065154.789152276702225 ], [ -13152610.938755419105291, 4065153.5041099851951 ], [ -13152606.251014517620206, 4065152.257586563937366 ], [ -13152603.339785523712635, 4065151.483444161247462 ], [ -13152599.540301691740751, 4065150.47310945764184 ], [ -13152595.741060199216008, 4065149.462773160077631 ], [ -13152586.462505610659719, 4065146.708102449774742 ], [ -13152581.977245401591063, 4065145.376375118270516 ], [ -13152577.184076149016619, 4065143.953303063288331 ], [ -13152572.390908118337393, 4065142.530229127965868 ], [ -13152567.905530689284205, 4065141.198618242517114 ], [ -13152558.627110574394464, 4065138.44392617046833 ], [ -13152555.018016466870904, 4065137.344758620951325 ], [ -13152550.234957918524742, 4065135.888021469116211 ], [ -13152545.451900593936443, 4065134.431282443460077 ], [ -13152540.668723931536078, 4065132.974663183558732 ], [ -13152521.927631802856922, 4065127.266952687874436 ], [ -13152517.144461043179035, 4065125.810202796012163 ], [ -13152512.361412514001131, 4065124.353572306223214 ], [ -13152500.599295597523451, 4065120.771442021243274 ], [ -13152484.05414473451674, 4065115.732537467032671 ], [ -13152479.351664347574115, 4065114.390655884519219 ], [ -13152474.543486891314387, 4065113.018571397755295 ], [ -13152469.841008733958006, 4065111.676686109043658 ], [ -13152465.032833615317941, 4065110.304597842972726 ], [ -13152460.22478049993515, 4065108.932507491670549 ], [ -13152455.416728831827641, 4065107.560536670032889 ], [ -13152449.517956992611289, 4065105.877250981051475 ], [ -13152444.70990788564086, 4065104.505275894887745 ], [ -13152439.90185978077352, 4065103.133177478797734 ], [ -13152434.548392366617918, 4065101.605602235998958 ], [ -13152424.386882193386555, 4065098.705920035485178 ], [ -13152418.771343652158976, 4065097.179702825378627 ], [ -13152411.426216371357441, 4065095.181487514637411 ], [ -13152404.081091430038214, 4065093.183146256487817 ], [ -13152399.256459502503276, 4065091.870562510099262 ], [ -13152389.176556086167693, 4065089.128236951306462 ], [ -13152346.919616600498557, 4065080.224292981438339 ], [ -13152335.177311435341835, 4065077.954988076817244 ], [ -13152328.344191696494818, 4065076.634566626511514 ], [ -13152323.43501128256321, 4065075.685792684089392 ], [ -13152318.525831868872046, 4065074.737138089258224 ], [ -13152313.245069995522499, 4065073.716535639949143 ], [ -13152309.76877848431468, 4065073.044688990339637 ], [ -13152304.859601294621825, 4065072.095907158683985 ], [ -13152299.950424998998642, 4065071.147244676016271 ], [ -13152295.041128473356366, 4065070.19845885457471 ], [ -13152288.653240501880646, 4065068.964059145655483 ], [ -13152283.744187658652663, 4065068.015268159564584 ], [ -13152277.356181129813194, 4065066.78086238540709 ], [ -13152261.746360894292593, 4065063.295304411556572 ], [ -13152251.016550024971366, 4065060.899446533061564 ], [ -13152246.136671459302306, 4065059.809846883639693 ], [ -13152241.256793893873692, 4065058.720245208591223 ], [ -13152230.526749921962619, 4065056.324368926230818 ], [ -13152214.91707974486053, 4065052.838869789615273 ], [ -13152201.836897976696491, 4065050.329990122467279 ], [ -13152193.667440181598067, 4065048.763002238236368 ], [ -13152188.756842894479632, 4065047.821095478720963 ], [ -13152183.84636727720499, 4065046.879186467267573 ], [ -13152175.676914714276791, 4065045.312307295389473 ], [ -13152162.596871316432953, 4065042.803383036982268 ], [ -13152157.222659293562174, 4065041.675494509283453 ], [ -13152152.329350924119353, 4065040.648538624402136 ], [ -13152146.955261906608939, 4065039.520645178388804 ], [ -13152142.061955427750945, 4065038.493684977758676 ], [ -13152137.085819011554122, 4065037.449357560370117 ], [ -13152132.109925605356693, 4065036.405149104073644 ], [ -13152127.216500792652369, 4065035.378061404451728 ], [ -13152122.323076982051134, 4065034.351093089673668 ], [ -13152114.900475010275841, 4065032.793270902708173 ], [ -13152102.584576021879911, 4065030.208588633686304 ], [ -13152090.687284847721457, 4065027.362909897230566 ], [ -13152083.652909263968468, 4065025.680384865030646 ], [ -13152078.790120802819729, 4065024.517340432386845 ], [ -13152073.92721233703196, 4065023.354172728955746 ], [ -13152066.890423459932208, 4065021.671155491378158 ], [ -13152054.995448064059019, 4065018.826044601388276 ], [ -13152027.822390306740999, 4065008.17094159591943 ], [ -13152022.145029708743095, 4065005.37582418275997 ], [ -13152016.46779278293252, 4065002.580704386811703 ], [ -13152011.981990337371826, 4065000.372334675863385 ], [ -13152005.113206503912807, 4064996.990458364132792 ], [ -13152001.105725763365626, 4064994.269516861997545 ], [ -13151997.098126135766506, 4064991.548574759159237 ], [ -13151987.352106275036931, 4064985.675436972640455 ], [ -13151977.606096876785159, 4064979.802415139973164 ], [ -13151974.238732263445854, 4064977.768244584091008 ], [ -13151970.871248314157128, 4064975.734316442161798 ], [ -13151963.791385918855667, 4064971.737032339908183 ], [ -13151961.065422393381596, 4064970.197881341911852 ], [ -13151956.711407305672765, 4064967.739502453710884 ], [ -13151952.357515446841717, 4064965.281365111470222 ], [ -13151949.631555151194334, 4064963.74233361100778 ], [ -13151942.551707670092583, 4064959.744918807409704 ], [ -13151937.589041355997324, 4064956.858377257362008 ], [ -13151932.626377491280437, 4064953.971834232565016 ], [ -13151929.824740199372172, 4064952.34231604449451 ], [ -13151927.023103686049581, 4064950.712675957940519 ], [ -13151922.833656098693609, 4064948.275785941630602 ], [ -13151918.379012867808342, 4064945.684688951820135 ], [ -13151912.005803927779198, 4064941.977807541377842 ], [ -13151908.397201962769032, 4064939.874633290804923 ], [ -13151904.077334463596344, 4064937.356928472407162 ], [ -13151900.469098513945937, 4064935.253994865342975 ], [ -13151896.149113684892654, 4064932.736288177315146 ], [ -13151891.829251751303673, 4064930.218580204527825 ], [ -13151877.549618501216173, 4064922.23042966099456 ], [ -13151863.26988473162055, 4064914.242266618646681 ], [ -13151858.817025283351541, 4064912.284454407636076 ], [ -13151854.239942632615566, 4064910.272052042651922 ], [ -13151849.787086637690663, 4064908.314479787833989 ], [ -13151845.210007216781378, 4064906.302074396517128 ], [ -13151842.306514037773013, 4064905.025468237232417 ], [ -13151839.403021415695548, 4064903.748861453961581 ], [ -13151833.536468110978603, 4064901.718283040914685 ], [ -13151827.669916806742549, 4064899.687580458819866 ], [ -13151822.944942094385624, 4064898.052084313239902 ], [ -13151815.936820769682527, 4064895.626409987919033 ], [ -13151810.966199565678835, 4064894.737990813329816 ], [ -13151805.995700366795063, 4064893.849812207743526 ], [ -13151802.071826128289104, 4064893.148591177072376 ], [ -13151798.148073229938745, 4064892.447368655819446 ], [ -13151792.946576403453946, 4064892.070167504716665 ], [ -13151787.745321918278933, 4064891.693085023202002 ], [ -13151782.758413894101977, 4064891.331477674189955 ], [ -13151777.342329934239388, 4064890.938670661300421 ], [ -13151773.607615008950233, 4064891.235027557704598 ], [ -13151769.873020531609654, 4064891.531261587981135 ], [ -13151763.892332242801785, 4064892.009612926281989 ], [ -13151757.911643059924245, 4064892.48771820962429 ], [ -13151752.927392788231373, 4064892.886299250181764 ], [ -13151745.950263697654009, 4064893.444162061903626 ], [ -13151740.220107382163405, 4064895.154863256029785 ], [ -13151734.489828726276755, 4064896.865683394949883 ], [ -13151729.698886973783374, 4064898.295961563009769 ], [ -13151723.029628299176693, 4064900.287072177045047 ], [ -13151719.172223597764969, 4064901.438880211673677 ], [ -13151715.315180463716388, 4064902.590565055143088 ], [ -13151708.940874135121703, 4064905.348736646585166 ], [ -13151705.527205068618059, 4064906.825965723954141 ], [ -13151702.566444020718336, 4064908.107148303184658 ], [ -13151698.995964640751481, 4064909.652242423966527 ], [ -13151694.407193221151829, 4064911.637920556589961 ], [ -13151691.615561103448272, 4064912.845994618721306 ], [ -13151688.580983210355043, 4064914.159097106661648 ], [ -13151685.614660978317261, 4064915.442591314669698 ], [ -13151667.080358719453216, 4064924.122789211105555 ], [ -13151651.250808058306575, 4064931.632425135467201 ], [ -13151647.937214097008109, 4064933.365125808864832 ], [ -13151643.506403813138604, 4064935.681968118995428 ], [ -13151639.075591970235109, 4064937.998930573929101 ], [ -13151634.644778121262789, 4064940.315770288929343 ], [ -13151629.912945684045553, 4064942.790060036815703 ], [ -13151625.482007382437587, 4064945.107018705457449 ], [ -13151621.051308751106262, 4064947.423854299355298 ], [ -13151616.469858147203922, 4064949.819475197698921 ], [ -13151607.457701344043016, 4064954.531926348805428 ], [ -13151542.023934558033943, 4064990.221756844781339 ], [ -13151476.590598803013563, 4065025.911556911189109 ], [ -13151468.664528384804726, 4065029.895448588300496 ], [ -13151465.206066355109215, 4065031.633658271748573 ], [ -13151460.738572958856821, 4065033.87921441020444 ], [ -13151456.271198563277721, 4065036.124647590331733 ], [ -13151452.812612192705274, 4065037.863097426481545 ], [ -13151444.886766748502851, 4065041.846976050641388 ], [ -13151439.134339742362499, 4065043.796934691257775 ], [ -13151433.38191051222384, 4065045.746647820342332 ], [ -13151428.646476665511727, 4065047.351853561587632 ], [ -13151421.877046257257462, 4065049.646309039089829 ], [ -13151417.402386225759983, 4065051.013848153408617 ], [ -13151412.620690114796162, 4065052.475206339731812 ], [ -13151407.992691267281771, 4065053.889469954650849 ], [ -13151403.36457085609436, 4065055.303974854759872 ], [ -13151398.839145349338651, 4065055.553720403462648 ], [ -13151393.846781112253666, 4065055.829260182101279 ], [ -13151389.087825568392873, 4065056.091960615944117 ], [ -13151384.328990584239364, 4065056.354658830910921 ], [ -13151381.275154424831271, 4065056.134293912909925 ], [ -13151377.13397853076458, 4065055.835429432336241 ], [ -13151373.753964904695749, 4065055.591597810853273 ], [ -13151370.547799818217754, 4065055.360150360036641 ], [ -13151367.341514172032475, 4065055.128823610953987 ], [ -13151350.354244589805603, 4065050.575741008855402 ], [ -13151346.738558143377304, 4065048.542931499890983 ], [ -13151343.88660922832787, 4065046.938825558871031 ], [ -13151339.483834644779563, 4065044.460219762753695 ], [ -13151335.081182848662138, 4065041.981612608302385 ], [ -13151330.744843181222677, 4065038.594053050037473 ], [ -13151326.804588725790381, 4065035.515973758418113 ], [ -13151322.864336164668202, 4065032.437651044223458 ], [ -13151318.528003731742501, 4065029.050089572556317 ], [ -13151312.20473438501358, 4065021.937469054944813 ], [ -13151305.882078075781465, 4065014.825334343127906 ], [ -13151303.188135264441371, 4065010.083723940420896 ], [ -13151299.002595884725451, 4065002.715396904852241 ], [ -13151294.816941173747182, 4064995.347194684203714 ], [ -13151293.266865244135261, 4064990.56184892449528 ], [ -13151291.7166697550565, 4064985.776505132671446 ], [ -13151290.175823099911213, 4064981.019688366446644 ], [ -13151288.616403568536043, 4064976.205822802614421 ], [ -13151287.914596185088158, 4064972.486021214630455 ], [ -13151287.158233011141419, 4064968.477271355222911 ], [ -13151286.060406200587749, 4064962.659432948101312 ], [ -13151285.16424467228353, 4064957.910588125698268 ], [ -13151284.45306296274066, 4064954.141258225310594 ], [ -13151283.816413881257176, 4064950.421251011546701 ], [ -13151282.973072892054915, 4064945.492850173264742 ], [ -13151282.233199695125222, 4064941.168709084391594 ], [ -13151281.493205942213535, 4064936.844448332674801 ], [ -13151280.057959962636232, 4064929.775304409209639 ], [ -13151279.262610031291842, 4064926.676808591000736 ], [ -13151278.01975329592824, 4064921.833619389683008 ], [ -13151277.000772193074226, 4064917.862900087144226 ], [ -13151275.981670640408993, 4064913.892060822807252 ], [ -13151274.123345473781228, 4064909.616977784782648 ], [ -13151272.129928763955832, 4064905.03144464828074 ], [ -13151270.136755507439375, 4064900.44591267965734 ], [ -13151268.158918291330338, 4064897.680725905112922 ], [ -13151266.302956214174628, 4064895.195406564045697 ], [ -13151263.311135582625866, 4064891.189441984519362 ], [ -13151261.492234436795115, 4064888.753861285746098 ], [ -13151259.673334293067455, 4064886.3184022619389 ], [ -13151257.067760011181235, 4064883.552150838077068 ], [ -13151254.687116226181388, 4064881.024697688408196 ], [ -13151251.07372117601335, 4064877.188523663207889 ], [ -13151248.507979791611433, 4064874.464598845224828 ], [ -13151245.927209721878171, 4064872.323234923649579 ], [ -13151242.079352892935276, 4064869.130404146853834 ], [ -13151238.864920666441321, 4064866.463245790917426 ], [ -13151235.650611001998186, 4064863.796086972113699 ], [ -13151229.227427624166012, 4064859.593443700578064 ], [ -13151222.804369926452637, 4064855.390798135660589 ], [ -13151219.265999760478735, 4064853.873986808117479 ], [ -13151215.223618132993579, 4064852.141109523363411 ], [ -13151211.022909911349416, 4064850.340446168091148 ], [ -13151207.375443195924163, 4064848.776908565778285 ], [ -13151204.323862923309207, 4064848.132919966243207 ], [ -13151201.27228275872767, 4064847.48880913387984 ], [ -13151196.537056526169181, 4064846.489526247605681 ], [ -13151191.801831072196364, 4064845.490241427905858 ], [ -13151182.957570442929864, 4064844.910892408341169 ], [ -13151174.113190142437816, 4064844.331779442727566 ], [ -13151127.58160169236362, 4064844.331720645539463 ], [ -13151124.536274125799537, 4064843.923655948136002 ], [ -13151121.490825664252043, 4064843.515469157602638 ], [ -13151116.535217337310314, 4064842.851505332160741 ], [ -13151111.579488454386592, 4064842.187418063636869 ], [ -13151107.577570682391524, 4064841.651097944006324 ], [ -13151104.339918656274676, 4064840.71139526553452 ], [ -13151101.102266965433955, 4064839.771570289041847 ], [ -13151097.864737058058381, 4064838.831987153738737 ], [ -13151094.627207480370998, 4064837.892281718086451 ], [ -13151090.738593138754368, 4064836.763546073343605 ], [ -13151087.347000615671277, 4064835.779240953270346 ], [ -13151083.955529319122434, 4064834.794813284650445 ], [ -13151078.933332569897175, 4064832.636995523702353 ], [ -13151073.911016708239913, 4064830.479054626077414 ], [ -13151068.46040990203619, 4064828.137117222882807 ], [ -13151064.092572052031755, 4064826.260369914118201 ], [ -13151060.411503659561276, 4064824.678618203382939 ], [ -13151057.193250944837928, 4064823.15573196625337 ], [ -13151052.322449259459972, 4064820.850998799316585 ], [ -13151048.663543017581105, 4064819.119602059945464 ], [ -13151044.57438494078815, 4064817.184538762550801 ], [ -13151040.485228311270475, 4064815.24959572032094 ], [ -13151037.722655700519681, 4064813.602939665317535 ], [ -13151033.427634267136455, 4064811.042873887345195 ], [ -13151030.665063660591841, 4064809.396216677967459 ], [ -13151026.37016623467207, 4064806.83614896889776 ], [ -13151022.162134416401386, 4064804.328057427424937 ], [ -13151017.954225158318877, 4064801.819843254052103 ], [ -13151014.400603555142879, 4064799.279276159591973 ], [ -13151010.333100901916623, 4064796.371337614022195 ], [ -13151006.26572148129344, 4064793.463519606273621 ], [ -13150999.998463982716203, 4064788.982707169372588 ], [ -13150995.604627465829253, 4064785.480413566343486 ], [ -13150991.694842046126723, 4064782.363625720608979 ], [ -13150987.853914968669415, 4064779.301875425968319 ], [ -13150984.012869112193584, 4064776.240124800708145 ], [ -13150979.245618818327785, 4064772.276515007484704 ], [ -13150974.478371867910028, 4064768.312904568854719 ], [ -13150971.632281141355634, 4064765.946594999171793 ], [ -13150964.943887982517481, 4064760.385681722778827 ], [ -13150960.371379896998405, 4064756.058462660759687 ], [ -13150955.798996267840266, 4064751.731243189424276 ], [ -13150952.167429203167558, 4064748.294325984083116 ], [ -13150946.654118465259671, 4064743.076682321727276 ], [ -13150943.609198216348886, 4064740.537109628785402 ], [ -13150939.769558211788535, 4064737.334485471248627 ], [ -13150936.72464108094573, 4064734.794912179931998 ], [ -13150932.884763296693563, 4064731.592409058474004 ], [ -13150929.182968216016889, 4064728.504960275255144 ], [ -13150925.481053913012147, 4064725.417268377263099 ], [ -13150921.073916830122471, 4064722.233876178506762 ], [ -13150917.443956661969423, 4064719.611916286405176 ], [ -13150914.958889627829194, 4064717.818897657096386 ], [ -13150912.473823258653283, 4064716.025878758169711 ], [ -13150909.978593869134784, 4064714.225465828087181 ], [ -13150907.483365366235375, 4064712.425174064002931 ], [ -13150901.227724280208349, 4064708.15877935802564 ], [ -13150898.164466036483645, 4064706.256890626158565 ], [ -13150893.571999924257398, 4064703.405267597641796 ], [ -13150888.876580983400345, 4064700.489908185787499 ], [ -13150884.628796305507421, 4064697.852512620389462 ], [ -13150879.517205663025379, 4064694.678815486375242 ], [ -13150871.583013817667961, 4064690.210077854339033 ], [ -13150868.005389507859945, 4064688.195098537020385 ], [ -13150863.648828320205212, 4064685.741336342412978 ], [ -13150859.292148357257247, 4064683.287694573402405 ], [ -13150855.714407494291663, 4064681.272712690290064 ], [ -13150847.780113682150841, 4064676.8039635499008 ], [ -13150830.135918285697699, 4064666.681341365445405 ], [ -13150812.491875398904085, 4064656.558578656520694 ], [ -13150803.942595278844237, 4064651.830647955648601 ], [ -13150799.768665071576834, 4064649.522465637419373 ], [ -13150795.393201500177383, 4064647.102834275923669 ], [ -13150791.845048913732171, 4064645.14050144283101 ], [ -13150786.843814736232162, 4064642.374773130752146 ], [ -13150778.294435208663344, 4064637.646828819531947 ], [ -13150773.062924532219768, 4064634.785109269432724 ], [ -13150770.205536210909486, 4064633.221967871766537 ], [ -13150766.656695445999503, 4064631.280760183464736 ], [ -13150763.444872882217169, 4064629.523921167477965 ], [ -13150759.058330906555057, 4064627.124331697821617 ], [ -13150755.385864619165659, 4064625.115406041499227 ], [ -13150750.999326314777136, 4064622.715935758780688 ], [ -13150746.612669013440609, 4064620.316464418079704 ], [ -13150742.583352290093899, 4064618.112384982407093 ], [ -13150734.167384829372168, 4064613.508586844895035 ], [ -13150722.885236144065857, 4064607.440494647715241 ], [ -13150716.006381683051586, 4064603.740644024685025 ], [ -13150711.602978590875864, 4064601.37227299483493 ], [ -13150707.199456276372075, 4064599.003779440186918 ], [ -13150700.320733392611146, 4064595.304164587054402 ], [ -13150689.038500107824802, 4064589.23580514639616 ], [ -13150686.164748825132847, 4064587.803334915079176 ], [ -13150683.291119100525975, 4064586.370742530561984 ], [ -13150678.816231865435839, 4064584.139923073351383 ], [ -13150673.068855980411172, 4064581.274856464471668 ], [ -13150669.837795404717326, 4064579.664110669400543 ], [ -13150665.363034516572952, 4064577.43340840190649 ], [ -13150660.888154737651348, 4064575.202826372813433 ], [ -13150653.182462399825454, 4064571.361371773760766 ], [ -13150647.554991522803903, 4064569.117760628461838 ], [ -13150641.927402090281248, 4064566.874147234484553 ], [ -13150638.477146979421377, 4064565.498543897178024 ], [ -13150635.316913539543748, 4064564.238764128182083 ], [ -13150630.672351021319628, 4064562.387034534942359 ], [ -13150626.994000824168324, 4064560.920536218676716 ], [ -13150623.315409623086452, 4064559.453915774356574 ], [ -13150616.683580236509442, 4064557.490816025994718 ], [ -13150610.051752742379904, 4064555.52746979566291 ], [ -13150605.257398491725326, 4064554.108239980880171 ], [ -13150596.787984430789948, 4064551.601130971219391 ], [ -13150590.676654258742929, 4064550.358401485253125 ], [ -13150584.565204752609134, 4064549.115790374111384 ], [ -13150579.6655269023031, 4064548.11952740047127 ], [ -13150572.342309968546033, 4064546.630679941736162 ], [ -13150567.126918798312545, 4064546.014438597019762 ], [ -13150561.911649078130722, 4064545.398194684647024 ], [ -13150556.946274697780609, 4064544.811488036531955 ], [ -13150551.480990417301655, 4064544.165699795819819 ], [ -13150545.667306968942285, 4064544.047764812596142 ], [ -13150539.853744633495808, 4064543.929948082193732 ], [ -13150534.997323645278811, 4064543.831618931610137 ], [ -13150528.22637839987874, 4064543.694184383843094 ], [ -13150522.679910043254495, 4064544.273524855263531 ], [ -13150517.133320011198521, 4064544.852619894780219 ], [ -13150512.160460503771901, 4064545.371931933332235 ], [ -13150506.04038006439805, 4064546.011044329963624 ], [ -13150500.786031080409884, 4064547.109605549834669 ], [ -13150495.531802099198103, 4064548.208285682369024 ], [ -13150489.91745300590992, 4064549.382124078925699 ], [ -13150485.023340685293078, 4064550.405395940877497 ], [ -13150481.906378354877234, 4064551.057145297061652 ], [ -13150478.789294691756368, 4064551.708772533107549 ], [ -13150469.903284132480621, 4064553.281362280249596 ], [ -13150465.94071913510561, 4064553.982802561018616 ], [ -13150461.017271121963859, 4064554.853945174254477 ], [ -13150456.093701774254441, 4064555.725328708998859 ], [ -13150452.131255555897951, 4064556.426521187182516 ], [ -13150443.244995972141623, 4064557.999212075490505 ], [ -13150434.620465323328972, 4064559.686427392996848 ], [ -13150430.902950486168265, 4064560.413518530316651 ], [ -13150425.995932005345821, 4064561.373514864593744 ], [ -13150421.088912410661578, 4064562.333387679886073 ], [ -13150417.371637688949704, 4064563.060595569666475 ], [ -13150408.747099135071039, 4064564.747670179698616 ], [ -13150403.980247590690851, 4064566.04020419344306 ], [ -13150399.154547886922956, 4064567.348721973598003 ], [ -13150394.38781500980258, 4064568.64125202735886 ], [ -13150389.562113080173731, 4064569.949765958823264 ], [ -13150384.736289143562317, 4064571.258278102613986 ], [ -13150378.991385888308287, 4064572.81609156075865 ], [ -13150371.66157928481698, 4064574.512968888040632 ], [ -13150364.331770569086075, 4064576.209841637406498 ], [ -13150359.460617337375879, 4064577.337464772630483 ], [ -13150349.672146456316113, 4064579.603573439642787 ], [ -13150344.411705400794744, 4064580.317851035855711 ], [ -13150339.151384573429823, 4064581.032004605978727 ], [ -13150334.196832448244095, 4064581.704708891455084 ], [ -13150328.630499348044395, 4064582.460547603666782 ], [ -13150325.291462762281299, 4064582.367541282437742 ], [ -13150321.487992910668254, 4064582.261664321646094 ], [ -13150318.391690254211426, 4064582.175623405259103 ], [ -13150315.295387487858534, 4064582.089460209943354 ], [ -13150307.335106696933508, 4064581.867839545477182 ], [ -13150303.362659424543381, 4064581.21195489866659 ], [ -13150298.429382348433137, 4064580.397276553791016 ], [ -13150294.456935854628682, 4064579.74126738216728 ], [ -13150289.523781338706613, 4064578.926827909890562 ], [ -13150285.74454184435308, 4064578.30286442162469 ], [ -13150281.965423354879022, 4064577.67865663766861 ], [ -13150276.296703150495887, 4064575.82338191755116 ], [ -13150270.62786372564733, 4064573.967861891724169 ], [ -13150265.875917859375477, 4064572.412663776427507 ], [ -13150259.289585975930095, 4064570.256814887747169 ], [ -13150251.035617982968688, 4064566.516348824370652 ], [ -13150247.335769658908248, 4064564.839791506063193 ], [ -13150242.781534779816866, 4064562.775999472942203 ], [ -13150238.227301677688956, 4064560.712327388580889 ], [ -13150234.52745702676475, 4064559.035645242780447 ], [ -13150226.273505622521043, 4064555.295285969506949 ], [ -13150220.351044327020645, 4064552.381526140961796 ], [ -13150214.428586265072227, 4064549.467885342426598 ], [ -13150209.942233009263873, 4064547.260579652618617 ], [ -13150202.5834373626858, 4064543.640354009345174 ], [ -13150199.151461802423, 4064541.863494446035475 ], [ -13150195.719608360901475, 4064540.086633961182088 ], [ -13150191.279440784826875, 4064537.787700657267123 ], [ -13150184.41549801081419, 4064534.233975629787892 ], [ -13150179.975335109978914, 4064531.935039015021175 ], [ -13150174.88054446876049, 4064529.29729899065569 ], [ -13150170.440385462716222, 4064526.998359577264637 ], [ -13150160.905444165691733, 4064522.061674117576331 ], [ -13150156.075835034251213, 4064519.397353657521307 ], [ -13150151.697786627337337, 4064516.98223673645407 ], [ -13150141.96999310515821, 4064511.615911555476487 ], [ -13150131.987459290772676, 4064506.109046533238143 ], [ -13150127.864049652591348, 4064503.834335640072823 ], [ -13150123.034577, 4064501.170004973188043 ], [ -13150109.820940639823675, 4064494.394676933996379 ], [ -13150105.728467021137476, 4064492.295028429012746 ], [ -13150101.457219980657101, 4064490.103562773671001 ], [ -13150098.626633163541555, 4064488.695670383051038 ], [ -13150095.796047240495682, 4064487.287898872047663 ], [ -13150084.51314770616591, 4064482.058946472592652 ], [ -13150073.23025874607265, 4064476.830106496345252 ], [ -13150053.047982634976506, 4064469.879743300843984 ], [ -13150031.496481794863939, 4064465.434714080765843 ], [ -13150026.871981719508767, 4064465.272234293166548 ], [ -13150021.993144100531936, 4064465.100850635208189 ], [ -13150017.485296279191971, 4064464.942345707211643 ], [ -13150013.095430636778474, 4064464.788180424366146 ], [ -13150008.612965213134885, 4064465.292790344450623 ], [ -13150003.64439963363111, 4064465.852303707972169 ], [ -13149999.383833030238748, 4064466.331973904743791 ], [ -13149994.193366961553693, 4064466.916419079527259 ], [ -13149991.272905576974154, 4064467.821206954773515 ], [ -13149988.089638240635395, 4064468.8073277650401 ], [ -13149984.356110649183393, 4064469.96416108077392 ], [ -13149979.58018066547811, 4064471.443765617907047 ], [ -13149973.933306019753218, 4064473.193218056578189 ], [ -13149970.408586744219065, 4064474.393860134761781 ], [ -13149965.675491275265813, 4064476.006010458339006 ], [ -13149962.150890996679664, 4064477.206528628710657 ], [ -13149957.417913973331451, 4064478.81867569219321 ], [ -13149954.188851248472929, 4064479.918508730828762 ], [ -13149948.663739310577512, 4064481.80052138864994 ], [ -13149943.348270917311311, 4064483.430409023538232 ], [ -13149938.032679848372936, 4064485.060173064935952 ], [ -13149933.25236832909286, 4064486.525921801105142 ], [ -13149927.401735048741102, 4064488.319815389811993 ], [ -13149923.554804064333439, 4064488.993223959580064 ], [ -13149918.629760062322021, 4064489.855502016376704 ], [ -13149914.243711123242974, 4064490.623221465852112 ], [ -13149909.85778240673244, 4064491.390939068049192 ], [ -13149905.491227626800537, 4064491.516000094357878 ], [ -13149895.495352283120155, 4064491.802213751710951 ], [ -13149889.163514895364642, 4064491.983568225055933 ], [ -13149885.695324322208762, 4064491.53418582258746 ], [ -13149882.227254865691066, 4064491.084680770058185 ], [ -13149878.108877092599869, 4064490.550755577627569 ], [ -13149873.990741884335876, 4064490.017071466427296 ], [ -13149870.183075064793229, 4064489.526100038550794 ], [ -13149866.365253349766135, 4064489.033804472070187 ], [ -13149861.314050188288093, 4064487.818113376852125 ], [ -13149856.262968927621841, 4064486.602419961243868 ], [ -13149851.401845578104258, 4064485.432506602723151 ], [ -13149846.160689180716872, 4064484.171148215420544 ], [ -13149842.848884236067533, 4064482.733687073923647 ], [ -13149839.537080403417349, 4064481.296346548013389 ], [ -13149836.657167477533221, 4064480.046437171287835 ], [ -13149833.530650816857815, 4064478.68937088502571 ], [ -13149830.237837422639132, 4064477.260261544492096 ], [ -13149826.933656195178628, 4064475.826187026221305 ], [ -13149823.629596635699272, 4064474.392111557535827 ], [ -13149818.330863794311881, 4064471.553385757375509 ], [ -13149813.032012505456805, 4064468.714536869432777 ], [ -13149808.624752191826701, 4064466.353371158707887 ], [ -13149802.434439394623041, 4064463.037197812926024 ], [ -13149799.556812856346369, 4064460.904695997945964 ], [ -13149795.539462529122829, 4064457.927848939783871 ], [ -13149791.522235434502363, 4064454.95112249115482 ], [ -13149785.2022117190063, 4064450.267761962022632 ], [ -13149781.269718792289495, 4064446.707072994671762 ], [ -13149770.251950783655047, 4064436.730763597879559 ], [ -13149767.107199104502797, 4064433.343093214556575 ], [ -13149763.962570318952203, 4064429.95554422121495 ], [ -13149761.826335152611136, 4064427.658410296775401 ], [ -13149758.42160158790648, 4064423.996628542430699 ], [ -13149755.637079110369086, 4064421.002312956377864 ], [ -13149752.852678863331676, 4064418.007875870447606 ], [ -13149742.455831155180931, 4064406.033809133805335 ], [ -13149732.058158241212368, 4064394.058774935547262 ], [ -13149726.918075485154986, 4064388.60354796377942 ], [ -13149721.777876848354936, 4064383.148321410175413 ], [ -13149718.349022909998894, 4064379.509280156344175 ], [ -13149711.497494712471962, 4064372.237869030795991 ], [ -13149709.096742726862431, 4064369.989156904630363 ], [ -13149705.439706653356552, 4064366.56388199236244 ], [ -13149701.790538754314184, 4064363.145882997196168 ], [ -13149698.141252186149359, 4064359.727883994113654 ], [ -13149692.083477597683668, 4064354.053895948920399 ], [ -13149688.548977565020323, 4064351.176978195086122 ], [ -13149684.671205738559365, 4064348.020710031036288 ], [ -13149681.136709270998836, 4064345.143670025747269 ], [ -13149677.258820669725537, 4064341.987401089631021 ], [ -13149673.615429360419512, 4064339.021729623898864 ], [ -13149669.19898440875113, 4064335.819505099672824 ], [ -13149664.78230001218617, 4064332.617037153802812 ], [ -13149660.734501466155052, 4064329.681986215524375 ], [ -13149655.949059790000319, 4064326.212220020592213 ], [ -13149653.293691519647837, 4064324.781793235335499 ], [ -13149650.172518644481897, 4064323.100219872780144 ], [ -13149646.37326268106699, 4064321.053497520741075 ], [ -13149642.522722383961082, 4064318.979151835199445 ], [ -13149638.672304319217801, 4064316.904683632776141 ], [ -13149634.385782793164253, 4064315.037923686206341 ], [ -13149629.801626348868012, 4064313.041480548679829 ], [ -13149625.514987049624324, 4064311.174717979971319 ], [ -13149620.930954612791538, 4064309.178271738346666 ], [ -13149614.393604416400194, 4064306.331080919597298 ], [ -13149610.934319514781237, 4064305.111000021919608 ], [ -13149606.219070564955473, 4064303.447801355738193 ], [ -13149602.759908335283399, 4064302.227718075271696 ], [ -13149598.044541163370013, 4064300.564637960400432 ], [ -13149595.095819767564535, 4064299.524485412985086 ], [ -13149590.829099532216787, 4064298.019676260184497 ], [ -13149587.221319550648332, 4064296.747193953488022 ], [ -13149583.613781908527017, 4064295.474588880781084 ], [ -13149567.17736491933465, 4064290.302382374182343 ], [ -13149550.741083847358823, 4064285.130153834354132 ], [ -13149543.293731765821576, 4064282.41253399848938 ], [ -13149539.539582796394825, 4064281.042709997855127 ], [ -13149535.846504362300038, 4064279.695152551401407 ], [ -13149531.149346167221665, 4064277.981144804507494 ], [ -13149520.951939351856709, 4064274.26013392675668 ], [ -13149512.416477432474494, 4064271.441721919458359 ], [ -13149508.628999628126621, 4064270.190933438949287 ], [ -13149503.881019519641995, 4064268.623061208520085 ], [ -13149499.133282866328955, 4064267.055429733358324 ], [ -13149495.345687175169587, 4064265.804637361317873 ], [ -13149486.810237944126129, 4064262.98608640441671 ], [ -13149481.523069748654962, 4064261.542004858609289 ], [ -13149476.699735919013619, 4064260.224486394785345 ], [ -13149471.412570284679532, 4064258.780400406103581 ], [ -13149467.814115868881345, 4064257.79748709499836 ], [ -13149463.603223584592342, 4064256.647267930209637 ], [ -13149459.392211517319083, 4064255.497168869245797 ], [ -13149441.330064201727509, 4064249.671314932405949 ], [ -13149423.269144957885146, 4064243.845918923616409 ], [ -13149419.628744248300791, 4064242.952538113575429 ], [ -13149414.77294241823256, 4064241.76047385064885 ], [ -13149409.917020918801427, 4064240.56852917233482 ], [ -13149406.208186216652393, 4064239.658106627874076 ], [ -13149401.925748892128468, 4064238.606920758262277 ], [ -13149397.643312349915504, 4064237.555733344051987 ], [ -13149391.376122646033764, 4064236.814934565685689 ], [ -13149385.108933720737696, 4064236.074132319074124 ], [ -13149380.143395252525806, 4064235.487281795125455 ], [ -13149372.574195751920342, 4064234.592517830431461 ], [ -13149366.969283100217581, 4064234.447607016656548 ], [ -13149361.364371009171009, 4064234.302936246152967 ], [ -13149356.366029024124146, 4064234.173790825065225 ], [ -13149350.154425704851747, 4064234.013222115114331 ], [ -13149346.80365938320756, 4064234.321756714489311 ], [ -13149343.452892726287246, 4064234.630290323868394 ], [ -13149340.102005068212748, 4064234.938823068048805 ], [ -13149336.75111729837954, 4064235.247354823164642 ], [ -13149332.4547054823488, 4064235.822977892588824 ], [ -13149328.158293334767222, 4064236.398720747791231 ], [ -13149324.467973399907351, 4064237.29405706608668 ], [ -13149320.777532128617167, 4064238.189513803459704 ], [ -13149317.087211079895496, 4064239.084969237912446 ], [ -13149313.396768359467387, 4064239.980180811136961 ], [ -13149307.655058639124036, 4064241.562164383474737 ], [ -13149303.824592920020223, 4064242.617469469085336 ], [ -13149300.594071574509144, 4064243.507379515562207 ], [ -13149297.363550120964646, 4064244.397531556896865 ], [ -13149292.813751878216863, 4064245.651037621311843 ], [ -13149272.253112839534879, 4064252.45308967679739 ], [ -13149268.375254739075899, 4064253.506619823165238 ], [ -13149263.550285959616303, 4064254.817644465249032 ], [ -13149259.198750516399741, 4064256.000101794488728 ], [ -13149254.8473348505795, 4064257.182435961905867 ], [ -13149251.249311909079552, 4064257.844731206074357 ], [ -13149246.387874864041805, 4064258.386522963643074 ], [ -13149241.418752241879702, 4064258.940465291496366 ], [ -13149236.50341129489243, 4064259.4883899143897 ], [ -13149231.588070014491677, 4064260.036433837376535 ], [ -13149225.668624920770526, 4064259.888190720696002 ], [ -13149219.749300831928849, 4064259.739944331347942 ], [ -13149214.750833502039313, 4064259.614985319785774 ], [ -13149207.910411762073636, 4064259.443685256876051 ], [ -13149202.556459441781044, 4064258.823224490508437 ], [ -13149199.237485520541668, 4064258.438544252887368 ], [ -13149196.168275021016598, 4064258.082825456280261 ], [ -13149193.099185751751065, 4064257.727105689235032 ], [ -13149189.81261159107089, 4064257.34626924013719 ], [ -13149186.526037657633424, 4064256.96531040687114 ], [ -13149181.105023579671979, 4064255.556585763581097 ], [ -13149176.26584386639297, 4064254.298944409936666 ], [ -13149170.844953244552016, 4064252.890214968007058 ], [ -13149167.308612544089556, 4064251.971124498639256 ], [ -13149163.772272845730186, 4064251.052275840193033 ], [ -13149159.340961957350373, 4064249.215512668713927 ], [ -13149154.721961176022887, 4064247.300894217099994 ], [ -13149150.196928514167666, 4064245.425261669792235 ], [ -13149145.671655625104904, 4064243.549627897329628 ], [ -13149142.626539008691907, 4064241.705964352469891 ], [ -13149138.349418193101883, 4064239.116375422570854 ], [ -13149134.746908077970147, 4064236.935317486524582 ], [ -13149131.144520187750459, 4064234.754137235227972 ], [ -13149128.191107342019677, 4064232.467985668219626 ], [ -13149123.766737332567573, 4064229.043243743479252 ], [ -13149120.270943645387888, 4064226.337227838579565 ], [ -13149117.845763601362705, 4064224.460026901680976 ], [ -13149112.821305952966213, 4064220.570802348665893 ], [ -13149108.92002378590405, 4064217.291631544474512 ], [ -13149105.01862283796072, 4064214.012339049484581 ], [ -13149101.043658409267664, 4064210.671083258930594 ], [ -13149098.319432470947504, 4064208.38137424737215 ], [ -13149094.008345292881131, 4064204.757587227970362 ], [ -13149089.037105152383447, 4064199.359148452524096 ], [ -13149084.065869687125087, 4064193.960588586516678 ], [ -13149080.678935328498483, 4064190.282503751572222 ], [ -13149074.123534230515361, 4064183.163834062870592 ], [ -13149070.790396131575108, 4064179.07974156877026 ], [ -13149067.457139696925879, 4064174.995771097950637 ], [ -13149064.295535692945123, 4064171.122156232129782 ], [ -13149060.790513060986996, 4064166.827710304409266 ], [ -13149057.956875534728169, 4064163.386117930989712 ], [ -13149055.005216972902417, 4064159.801136291585863 ], [ -13149051.600595505908132, 4064155.666131285019219 ], [ -13149048.837413977831602, 4064152.310064130462706 ], [ -13149046.074113003909588, 4064148.95387598965317 ], [ -13149042.186373071745038, 4064144.317092738114297 ], [ -13149038.298515366390347, 4064139.680188731756061 ], [ -13149035.085972564294934, 4064135.848775028716773 ], [ -13149030.522809751331806, 4064130.40650378447026 ], [ -13149026.804751113057137, 4064126.348985331598669 ], [ -13149023.086694927886128, 4064122.291224226821214 ], [ -13149019.708736816421151, 4064118.604754708707333 ], [ -13149015.650470009073615, 4064114.175945658702403 ], [ -13149012.838521972298622, 4064111.981177112553269 ], [ -13149004.955588299781084, 4064105.828379221726209 ], [ -13148998.80783505924046, 4064101.029881482943892 ], [ -13148980.362178068608046, 4064089.796540253795683 ], [ -13148975.748298428952694, 4064087.940640571061522 ], [ -13148971.109508270397782, 4064086.074568853713572 ], [ -13148966.495631521567702, 4064084.218544528353959 ], [ -13148962.25120023265481, 4064082.511316048447043 ], [ -13148958.485897939652205, 4064080.996710827574134 ], [ -13148955.115072848275304, 4064079.640708222519606 ], [ -13148951.139843922108412, 4064078.150272383354604 ], [ -13148946.457919910550117, 4064076.395108751021326 ], [ -13148942.482814328745008, 4064074.904791545122862 ], [ -13148937.801013881340623, 4064073.149624643847346 ], [ -13148933.11921476945281, 4064071.394213183782995 ], [ -13148928.437538107857108, 4064069.639042745344341 ], [ -13148923.355595853179693, 4064067.73377294652164 ], [ -13148913.077828388661146, 4064064.10720697324723 ], [ -13148907.515473291277885, 4064062.144335942342877 ], [ -13148902.800430171191692, 4064060.480632262304425 ], [ -13148898.085267493501306, 4064058.81692696781829 ], [ -13148892.778912270441651, 4064056.944454063661397 ], [ -13148882.757400494068861, 4064053.40814654622227 ], [ -13148878.304577110335231, 4064051.880488829221576 ], [ -13148874.899541648104787, 4064050.712235987652093 ], [ -13148871.494507076218724, 4064049.544225092045963 ], [ -13148866.765138918533921, 4064047.921689562499523 ], [ -13148859.955073667690158, 4064045.585419569164515 ], [ -13148855.225587956607342, 4064043.962879850994796 ], [ -13148851.744739465415478, 4064042.768602961674333 ], [ -13148847.015377100557089, 4064041.14618143485859 ], [ -13148842.285895060747862, 4064039.523636856116354 ], [ -13148838.180731803178787, 4064038.115162735339254 ], [ -13148829.346212405711412, 4064035.084380556363612 ], [ -13148815.699425008147955, 4064030.223490991163999 ], [ -13148806.76272333972156, 4064027.040176729205996 ], [ -13148800.583918303251266, 4064024.839375586714596 ], [ -13148800.4550147857517, 4063975.734366876073182 ], [ -13148797.067772518843412, 4062685.583385542035103 ], [ -13146838.466893179342151, 4062702.03978874348104 ], [ -13144917.729365495964885, 4062717.85038086399436 ], [ -13144911.559259187430143, 4063097.621013080235571 ], [ -13144877.983032075688243, 4063116.802275713067502 ], [ -13144853.047468362376094, 4063133.637464942410588 ], [ -13144842.249439908191562, 4063129.192902419250458 ], [ -13144820.876063277944922, 4063087.711089666001499 ], [ -13144799.502826353535056, 4063076.667287348769605 ], [ -13144781.580307962372899, 4063089.327232107520103 ], [ -13144763.880547666922212, 4063093.502443076111376 ], [ -13144747.850488005205989, 4063091.212881035171449 ], [ -13144731.82045372389257, 4063101.583319659810513 ], [ -13144713.898034851998091, 4063120.842697807122022 ], [ -13144692.524706644937396, 4063116.128861693665385 ], [ -13144655.121363861486316, 4063102.795330514665693 ], [ -13144589.220252363011241, 4063106.431809947825968 ], [ -13144541.130222879350185, 4063138.082030583638698 ], [ -13144526.769914723932743, 4063169.866942903958261 ], [ -13144523.20773521065712, 4063203.941623328719288 ], [ -13144501.834390085190535, 4063212.426518567372113 ], [ -13144484.023243060335517, 4063196.937980887014419 ], [ -13144457.306644640862942, 4063133.637384347617626 ], [ -13144425.023987857624888, 4063072.626908575184643 ], [ -13144394.745081130415201, 4063050.673883547540754 ], [ -13144360.903969287872314, 4063056.599867060780525 ], [ -13144278.972781540825963, 4063062.256431576795876 ], [ -13144259.380643220618367, 4063083.401328920386732 ], [ -13144241.56950799562037, 4063113.031111206393689 ], [ -13144230.882860146462917, 4063110.876334857195616 ], [ -13144220.084855178371072, 4063102.122005057986826 ], [ -13144196.930296676233411, 4063095.387928549665958 ], [ -13144171.994785841554403, 4063090.808775142766535 ], [ -13144154.072362739592791, 4063064.545967780984938 ], [ -13144164.758942352607846, 4063049.192451051902026 ], [ -13144212.737663256004453, 4063063.737927124835551 ], [ -13144225.316802337765694, 4063046.229423759970814 ], [ -13144232.329946400597692, 4063020.101448452565819 ], [ -13144253.703272826969624, 4063002.592918529640883 ], [ -13144283.870876871049404, 4062993.43468968430534 ], [ -13144324.836387922987342, 4062980.101448762230575 ], [ -13144374.596240606158972, 4062970.943103348370641 ], [ -13144371.034048847854137, 4062951.145299571566284 ], [ -13144321.051511211320758, 4062954.916235081851482 ], [ -13144221.197968490421772, 4062960.168746807612479 ], [ -13144144.610173741355538, 4062942.121747508645058 ], [ -13144060.897955959662795, 4062908.58662489335984 ], [ -13143998.559002043679357, 4062892.963869082275778 ], [ -13143952.250116469338536, 4062888.115485713351518 ], [ -13143916.405237985774875, 4062887.711438955739141 ], [ -13143896.924253961071372, 4062898.216350639704615 ], [ -13143880.782987128943205, 4062919.360892819240689 ], [ -13143848.611725423485041, 4062995.858984657563269 ], [ -13143839.817420525476336, 4063004.478460861835629 ], [ -13143820.113876447081566, 4062993.70410319743678 ], [ -13143802.636705704033375, 4062963.401058570947498 ], [ -13143794.510470485314727, 4062917.744839453138411 ], [ -13143768.572955770418048, 4062900.505892366170883 ], [ -13143741.188273649662733, 4062898.216340579558164 ], [ -13143726.271493386477232, 4062876.667682360392064 ], [ -13143711.465986751019955, 4062854.984556835144758 ], [ -13143656.140216192230582, 4062798.689070325344801 ], [ -13143628.64438022300601, 4062790.069681454915553 ], [ -13143603.263500142842531, 4062796.399530960712582 ], [ -13143595.693756178021431, 4062817.813364204484969 ], [ -13143564.301701966673136, 4062828.452946097590029 ], [ -13143554.282853504642844, 4062821.988279621582478 ], [ -13143511.536277132108808, 4062780.911698251962662 ], [ -13143488.493086989969015, 4062752.629466195590794 ], [ -13143449.753997925668955, 4062713.707765304017812 ], [ -13143449.97649397328496, 4062698.623970112763345 ], [ -13143470.904667001217604, 4062694.179684913251549 ], [ -13143493.502448935061693, 4062694.045031702145934 ], [ -13143507.083457758650184, 4062672.49676918797195 ], [ -13143506.526816220954061, 4062648.524451765231788 ], [ -13143497.287412367761135, 4062626.841582494787872 ], [ -13143475.2460628002882, 4062611.757923787925392 ], [ -13143418.473178265616298, 4062615.93301545875147 ], [ -13143328.526941426098347, 4062604.88959771534428 ], [ -13143301.031129170209169, 4062593.980895668733865 ], [ -13143273.20119858533144, 4062580.917390485759825 ], [ -13143210.305678941309452, 4062602.330758475232869 ], [ -13143190.490850433707237, 4062589.267215145286173 ], [ -13143177.800481803715229, 4062572.028796771541238 ], [ -13143148.189369570463896, 4062565.429772239178419 ], [ -13143118.689778873696923, 4062554.521026562899351 ], [ -13143100.433291099965572, 4062537.148110350128263 ], [ -13143083.846737734973431, 4062517.7548629171215 ], [ -13143054.235816970467567, 4062506.711540752090514 ], [ -13142986.998808462172747, 4062525.027301986236125 ], [ -13142975.866894338279963, 4062528.124786880332977 ], [ -13142956.163298826664686, 4062523.680562390480191 ], [ -13142953.714253775775433, 4062497.823130565229803 ], [ -13142972.749870670959353, 4062422.001750517170876 ], [ -13142970.523523043841124, 4062398.164700879715383 ], [ -13142983.325186785310507, 4062367.863284784834832 ], [ -13142987.778036769479513, 4062341.871547777671367 ], [ -13142964.400961292907596, 4062342.006165156140924 ], [ -13142911.412767680361867, 4062354.530779716093093 ], [ -13142880.132036630064249, 4062354.530711397062987 ], [ -13142852.413573145866394, 4062339.447412948589772 ], [ -13142833.15532572939992, 4062311.166381602641195 ], [ -13142826.587484233081341, 4062241.945113717578351 ], [ -13142822.023375758901238, 4062228.478073156904429 ], [ -13142797.978360071778297, 4062209.893427317496389 ], [ -13142778.274812206625938, 4062221.609874365851283 ], [ -13142761.688132155686617, 4062227.131441860925406 ], [ -13142742.763802915811539, 4062232.518243557307869 ], [ -13142709.701934520155191, 4062235.076932284981012 ], [ -13142697.902081407606602, 4062263.492517827544361 ], [ -13142703.02273334749043, 4062286.117298453114927 ], [ -13142693.226670144125819, 4062316.822406576480716 ], [ -13142680.758907992392778, 4062326.65358926448971 ], [ -13142643.244228016585112, 4062343.891555196605623 ], [ -13142598.048533901572227, 4062358.032240790780634 ], [ -13142559.977196250110865, 4062381.195932160597295 ], [ -13142548.956553857773542, 4062397.087370516732335 ], [ -13142504.87407791800797, 4062409.611916746012866 ], [ -13142472.257460102438927, 4062399.91544591402635 ], [ -13142412.812797360122204, 4062372.711506625637412 ], [ -13142408.360018951818347, 4062344.16090630646795 ], [ -13142400.679121473804116, 4062315.610497261863202 ], [ -13142394.222518315538764, 4062300.25785219296813 ], [ -13142360.492657616734505, 4062267.128615813329816 ], [ -13142251.288360377773643, 4062236.827708904165775 ], [ -13142215.443377478048205, 4062216.492411143146455 ], [ -13142210.322661863639951, 4062214.337588145863265 ], [ -13142176.258935084566474, 4062200.466591143514961 ], [ -13142142.08389226347208, 4062199.927802230697125 ], [ -13142102.788037763908505, 4062194.675695701967925 ], [ -13142082.416586870327592, 4062179.188610189594328 ], [ -13142083.641201233491302, 4062148.349222074728459 ], [ -13142056.924408450722694, 4062108.756302352063358 ], [ -13142014.400455139577389, 4062086.266361752990633 ], [ -13141934.472903788089752, 4062045.596403333824128 ], [ -13141920.780702043324709, 4062047.616396422497928 ], [ -13141915.771339539438486, 4062057.985987225547433 ], [ -13141918.331661334261298, 4062074.954273676965386 ], [ -13141924.78824345394969, 4062100.406745121814311 ], [ -13141914.658215653151274, 4062112.930970904882997 ], [ -13141902.74695466645062, 4062116.971173227299005 ], [ -13141877.254860071465373, 4062101.349477297160774 ], [ -13141853.655090952292085, 4062083.438393159303814 ], [ -13141829.610037080943584, 4062076.570223333779722 ], [ -13141751.463799627497792, 4062038.055061037652194 ], [ -13141725.971637684851885, 4062021.356119524687529 ], [ -13141689.458763772621751, 4061995.095798187889159 ], [ -13141684.783398929983377, 4061963.98744537262246 ], [ -13141673.428775245323777, 4061917.39259684458375 ], [ -13141665.859052542597055, 4061900.02046239702031 ], [ -13141642.036716913804412, 4061867.027076963335276 ], [ -13141622.667099911719561, 4061858.139057082589716 ], [ -13141603.854155505076051, 4061843.056466006208211 ], [ -13141578.250707130879164, 4061829.051160677801818 ], [ -13141512.683448461815715, 4061821.913893202319741 ], [ -13141467.376402685418725, 4061820.028583005536348 ], [ -13141438.099365474656224, 4061807.908491199370474 ], [ -13141413.386540710926056, 4061795.654027716722339 ], [ -13141402.699739124625921, 4061783.938067284412682 ], [ -13141373.311431964859366, 4061745.693135015200824 ], [ -13141354.275853473693132, 4061744.885031076148152 ], [ -13141313.421572299674153, 4061763.60350474761799 ], [ -13141281.027507081627846, 4061773.030251516960561 ], [ -13141240.284587029367685, 4061768.047487362287939 ], [ -13141236.722419988363981, 4061774.107493188232183 ], [ -13141235.831813855096698, 4061790.401969890110195 ], [ -13141223.030081877484918, 4061793.634063415229321 ], [ -13141206.777472622692585, 4061799.020609534345567 ], [ -13141185.292915539816022, 4061803.868608118966222 ], [ -13141160.245881166309118, 4061778.955436044372618 ], [ -13141145.774420164525509, 4061758.082308954093605 ], [ -13141145.663137855008245, 4061734.91990348091349 ], [ -13141117.053978072479367, 4061705.966852800454944 ], [ -13141059.724415823817253, 4061673.108857452869415 ], [ -13141043.805843411013484, 4061664.086234749294817 ], [ -13141013.192970305681229, 4061646.579998387489468 ], [ -13140966.661334544420242, 4061639.038766665849835 ], [ -13140898.645192125812173, 4061634.325413312297314 ], [ -13140864.692694447934628, 4061648.195916934870183 ], [ -13140828.847895666956902, 4061679.572691061999649 ], [ -13140807.251827735453844, 4061710.68019355321303 ], [ -13140782.204920377582312, 4061717.952000441029668 ], [ -13140771.406938675791025, 4061703.273663384374231 ], [ -13140746.360081190243363, 4061688.864517727401108 ], [ -13140753.261974, 4061665.836864183656871 ], [ -13140737.23194494843483, 4061640.78941270057112 ], [ -13140719.309446150436997, 4061624.225670063868165 ], [ -13140704.726553782820702, 4061569.552347692195326 ], [ -13140702.61153288371861, 4061479.46310084220022 ], [ -13140707.843548618257046, 4061456.435921883676201 ], [ -13140721.981130516156554, 4061441.89256200985983 ], [ -13140704.058699622750282, 4061416.845439224038273 ], [ -13140689.5871926471591, 4061402.167362632229924 ], [ -13140675.226989911869168, 4061372.946016965899616 ], [ -13140643.05553818307817, 4061358.806591844186187 ], [ -13140617.897346178069711, 4061333.894441936630756 ], [ -13140594.520334597676992, 4061294.169730421621352 ], [ -13140578.490283841267228, 4061273.162811451591551 ], [ -13140569.362030269578099, 4061246.096273106522858 ], [ -13140585.169507944956422, 4061197.75377668812871 ], [ -13140595.967466490343213, 4061181.863996233791113 ], [ -13140634.595293175429106, 4061124.634163561277092 ], [ -13140670.106217749416828, 4061097.972119365818799 ], [ -13140704.169972471892834, 4061085.583519084844738 ], [ -13140709.068093184381723, 4061083.833068920299411 ], [ -13140742.686465634033084, 4061054.747069278266281 ], [ -13140740.794043753296137, 4061036.029796439688653 ], [ -13140753.150589052587748, 4061019.332337078638375 ], [ -13140761.944910865277052, 4061004.654730697628111 ], [ -13140763.725992996245623, 4060979.474052911158651 ], [ -13140735.005539547652006, 4060958.871762341819704 ], [ -13140720.7566242441535, 4060944.32884685928002 ], [ -13140715.190563097596169, 4060923.322542920708656 ], [ -13140715.079324759542942, 4060902.316369906533509 ], [ -13140698.047417731955647, 4060884.137981121428311 ], [ -13140693.594582552090287, 4060879.425096144899726 ], [ -13140672.109939530491829, 4060873.500166343990713 ], [ -13140652.406452219933271, 4060893.56373543664813 ], [ -13140650.402671664953232, 4060940.154563539195806 ], [ -13140632.480212828144431, 4060953.620138368103653 ], [ -13140600.308858506381512, 4060954.293398042209446 ], [ -13140571.588459491729736, 4060961.699398638214916 ], [ -13140542.97927744500339, 4060964.527178133372217 ], [ -13140517.932537063956261, 4060956.582447844091803 ], [ -13140503.572308838367462, 4060916.724584421142936 ], [ -13140483.757482890039682, 4060893.833127919584513 ], [ -13140456.818023851141334, 4060873.09621869539842 ], [ -13140438.784240517765284, 4060858.688203094527125 ], [ -13140415.40722949244082, 4060804.153157675173134 ], [ -13140383.235902557149529, 4060794.323442763648927 ], [ -13140354.626765366643667, 4060792.842280226293951 ], [ -13140342.047686174511909, 4060778.299609489738941 ], [ -13140304.421651087701321, 4060762.00650038337335 ], [ -13140286.499304352328181, 4060784.359081220347434 ], [ -13140288.169081795960665, 4060813.175059333443642 ], [ -13140273.697511592879891, 4060828.660196033772081 ], [ -13140262.899522766470909, 4060851.012977589853108 ], [ -13140266.350497109815478, 4060870.807135850656778 ], [ -13140262.676886565983295, 4060897.334182044491172 ], [ -13140246.535565409809351, 4060910.79969051014632 ], [ -13140216.145365020260215, 4060926.823693031910807 ], [ -13140198.222923217341304, 4060944.598239646758884 ], [ -13140189.206019971519709, 4060951.330871924757957 ], [ -13140169.613734044134617, 4060945.40611490374431 ], [ -13140169.502537561580539, 4060922.245481181424111 ], [ -13140178.185430569574237, 4060886.6964549892582 ], [ -13140172.73077730089426, 4060853.032781354151666 ], [ -13140138.666974714025855, 4060813.578938544727862 ], [ -13140115.401114754378796, 4060822.735409916844219 ], [ -13140061.633860591799021, 4060854.513912274502218 ], [ -13140040.149195749312639, 4060844.414817491546273 ], [ -13140022.115441249683499, 4060823.543338818475604 ], [ -13139993.39505347982049, 4060758.640270511619747 ], [ -13139971.687814889475703, 4060706.260204878170043 ], [ -13139941.297554606571794, 4060677.175247537437826 ], [ -13139928.718427546322346, 4060677.444546022452414 ], [ -13139892.873532138764858, 4060674.212887218687683 ], [ -13139857.139924390241504, 4060662.094115507323295 ], [ -13139842.779829636216164, 4060634.894431712571532 ], [ -13139817.732980385422707, 4060605.809638372156769 ], [ -13139781.888054924085736, 4060602.443261344451457 ], [ -13139760.403329636901617, 4060615.908458034973592 ], [ -13139724.447166059166193, 4060667.076265331357718 ], [ -13139702.962405929341912, 4060676.23257003352046 ], [ -13139658.212094750255346, 4060681.753386687487364 ], [ -13139636.727358667179942, 4060695.353307088371366 ], [ -13139627.71048603579402, 4060717.436299878638238 ], [ -13139606.225913478061557, 4060726.592701284680516 ], [ -13139593.646732095628977, 4060718.51361032249406 ], [ -13139579.286469135433435, 4060684.98508834419772 ], [ -13139587.858143508434296, 4060630.450960162095726 ], [ -13139580.733757546171546, 4060609.445215187501162 ], [ -13139552.013244096189737, 4060590.863309530075639 ], [ -13139535.871889097616076, 4060591.267289416398853 ], [ -13139501.919520661234856, 4060616.177760140970349 ], [ -13139455.387932877987623, 4060623.718194966204464 ], [ -13139441.027781683951616, 4060621.967808591201901 ], [ -13139423.105272755026817, 4060635.567626433912665 ], [ -13139405.294178608804941, 4060646.743661074433476 ], [ -13139371.230401957407594, 4060664.921785811893642 ], [ -13139365.887147106230259, 4060671.654437866061926 ], [ -13139362.10214270837605, 4060696.026628256775439 ], [ -13139337.055310603231192, 4060703.163187712430954 ], [ -13139312.008357491344213, 4060684.446383920032531 ], [ -13139283.288017699494958, 4060661.824910148978233 ], [ -13139279.614421961829066, 4060644.993237535934895 ], [ -13139249.224173814058304, 4060620.082702254410833 ], [ -13139240.207439329475164, 4060603.385825961362571 ], [ -13139243.658231107518077, 4060565.683415116276592 ], [ -13139241.654486618936062, 4060519.498189829289913 ], [ -13139225.513157116249204, 4060506.975696188397706 ], [ -13139193.230584714561701, 4060507.918274653609842 ], [ -13139175.419385256245732, 4060519.22892490727827 ], [ -13139135.901018790900707, 4060509.399479867424816 ], [ -13139110.965377045795321, 4060514.516150924842805 ], [ -13139082.244996843859553, 4060519.498202325310558 ], [ -13139071.558290442451835, 4060502.801480365917087 ], [ -13139078.460180912166834, 4060475.602264656685293 ], [ -13139085.4733344335109, 4060452.442359375301749 ], [ -13139080.129961026832461, 4060427.262912988197058 ], [ -13139071.113029731437564, 4060412.58612199081108 ], [ -13139035.268226722255349, 4060390.099627261981368 ], [ -13139024.470212960615754, 4060364.920346304774284 ], [ -13138999.423289237543941, 4060352.667286303825676 ], [ -13138961.797390850260854, 4060360.207698501646519 ], [ -13138938.531550260260701, 4060358.591866951901466 ], [ -13138791.812399834394455, 4060293.826072496827692 ], [ -13138768.546672567725182, 4060298.673388639930636 ], [ -13138750.512938993051648, 4060334.08571586292237 ], [ -13138753.963787769898772, 4060349.570463378913701 ], [ -13138776.784304311499, 4060422.684811557643116 ], [ -13138769.437250314280391, 4060455.943308413494378 ], [ -13138740.716804433614016, 4060487.047472214791924 ], [ -13138737.154542770236731, 4060506.975697104353458 ], [ -13138711.996450506150723, 4060529.46232044370845 ], [ -13138677.932687435299158, 4060551.949130645021796 ], [ -13138668.915773503482342, 4060571.877447779756039 ], [ -13138658.006464740261436, 4060611.734339326620102 ], [ -13138636.521788323298097, 4060620.890605699270964 ], [ -13138611.474841002374887, 4060589.51671024877578 ], [ -13138591.659964516758919, 4060596.653192652389407 ], [ -13138561.269774477928877, 4060603.924440613947809 ], [ -13138532.660680036991835, 4060585.342558075208217 ], [ -13138503.940241951495409, 4060558.412280833348632 ], [ -13138485.906550232321024, 4060505.898461136035621 ], [ -13138485.795167734846473, 4060478.699050858151168 ], [ -13138464.310537291690707, 4060466.445958368945867 ], [ -13138437.482463421300054, 4060469.273591333068907 ], [ -13138396.405661823228002, 4060472.505330538842827 ], [ -13138312.248052643612027, 4060465.907380543649197 ], [ -13138256.699686737731099, 4060467.388614173978567 ], [ -13138242.339496249333024, 4060480.853576006833464 ], [ -13138231.430090861395001, 4060518.555634408723563 ], [ -13138224.305807314813137, 4060520.844634252600372 ], [ -13138209.945501163601875, 4060514.785458419471979 ], [ -13138193.977684572339058, 4060480.679992949590087 ], [ -13138177.662832245230675, 4060475.19832807360217 ], [ -13138173.493814235553145, 4060384.099654962774366 ], [ -13138245.167057290673256, 4060355.548832979053259 ], [ -13138290.864232463762164, 4060317.065651341807097 ], [ -13138323.003805296495557, 4060300.826908602379262 ], [ -13138387.145790545269847, 4060273.9985709534958 ], [ -13138411.474277863278985, 4060269.346025845967233 ], [ -13138511.099676297977567, 4060250.293380346614867 ], [ -13138530.626554679125547, 4060240.840264649130404 ], [ -13138560.570563841611147, 4060210.007456784602255 ], [ -13138579.344396146014333, 4060197.124900627881289 ], [ -13138600.423845903947949, 4060182.660283539444208 ], [ -13138612.790407398715615, 4060172.192560689058155 ], [ -13138695.608595192432404, 4060102.009305751882493 ], [ -13138712.127745945006609, 4060083.666172993835062 ], [ -13138720.509182542562485, 4060074.359350489918143 ], [ -13138723.265454472973943, 4060071.259838238358498 ], [ -13138731.989531906321645, 4060061.449411946348846 ], [ -13138753.731464659795165, 4060029.858558184467256 ], [ -13138758.690292902290821, 4060022.653522205073386 ], [ -13138761.788470178842545, 4060018.151301809120923 ], [ -13138780.114298863336444, 4059991.520073361694813 ], [ -13138800.901796, 4059961.322486839722842 ], [ -13138803.351710455492139, 4059957.763626178726554 ], [ -13138807.830826055258512, 4059952.021444120910019 ], [ -13138826.417240751907229, 4059928.193858935497701 ], [ -13138839.722287334501743, 4059920.813410550821573 ], [ -13138852.407446321099997, 4059913.793397751171142 ], [ -13138859.519396448507905, 4059909.857289586216211 ], [ -13138862.36857239343226, 4059908.279809553176165 ], [ -13138877.576647045090795, 4059902.279543560929596 ], [ -13138884.986951556056738, 4059899.355810552835464 ], [ -13138898.993981404229999, 4059897.647551241796464 ], [ -13138911.253285452723503, 4059896.152323660906404 ], [ -13138947.11615851148963, 4059879.998826556839049 ], [ -13138970.028009466826916, 4059874.75740496115759 ], [ -13138984.706317218020558, 4059871.396798087283969 ], [ -13139036.762810220941901, 4059868.95715269073844 ], [ -13139040.836546985432506, 4059868.611927452962846 ], [ -13139067.640673916786909, 4059864.544145817868412 ], [ -13139097.080886019393802, 4059860.078327095601708 ], [ -13139112.804724020883441, 4059858.119714376982301 ], [ -13139117.831374885514379, 4059860.790334087330848 ], [ -13139124.453374091535807, 4059863.240148684941232 ], [ -13139137.814036669209599, 4059870.300379596184939 ], [ -13139148.517032124102116, 4059875.956150162499398 ], [ -13139186.77237387932837, 4059892.907171533908695 ], [ -13139191.261932913213968, 4059893.494118339847773 ], [ -13139252.290682140737772, 4059932.263459281995893 ], [ -13139266.030351184308529, 4059940.99178048921749 ], [ -13139310.635962385684252, 4060002.159259264357388 ], [ -13139332.078778332099319, 4060019.88912341883406 ], [ -13139380.518146745860577, 4060059.967806236818433 ], [ -13139427.813291059806943, 4060092.934365936089307 ], [ -13139438.730801951140165, 4060100.544230559840798 ], [ -13139530.957406871020794, 4060111.94004842126742 ], [ -13139549.467168970033526, 4060108.619187362957746 ], [ -13139587.284213498234749, 4060101.834589002653956 ], [ -13139617.887344034388661, 4060080.703727506566793 ], [ -13139642.036451684311032, 4060064.029152036644518 ], [ -13139649.779971271753311, 4060059.205776094924659 ], [ -13139657.508520167320967, 4060056.152220332529396 ], [ -13139673.184886530041695, 4060049.973398837726563 ], [ -13139692.402991024777293, 4060042.398679468315095 ], [ -13139700.033091526478529, 4060042.205486703664064 ], [ -13139745.620152911171317, 4060043.15428987564519 ], [ -13139785.597514685243368, 4060052.262511201202869 ], [ -13139818.219880258664489, 4060059.696238391567022 ], [ -13139855.732937529683113, 4060054.832421455997974 ], [ -13139867.019954992458224, 4060051.676156895235181 ], [ -13139871.762768318876624, 4060050.353330670855939 ], [ -13139892.762534584850073, 4060044.496310545131564 ], [ -13139907.514859780669212, 4060044.047687124926597 ], [ -13139932.659649142995477, 4060043.282893938012421 ], [ -13139962.365793826058507, 4060056.614994559902698 ], [ -13139968.087711276486516, 4060059.18304643034935 ], [ -13139982.566539622843266, 4060068.68899503396824 ], [ -13139997.410875052213669, 4060078.434773799497634 ], [ -13140056.380244310945272, 4060103.84574166405946 ], [ -13140075.272135945037007, 4060111.986579471733421 ], [ -13140116.258535096421838, 4060120.353295449633151 ], [ -13140127.780086142942309, 4060120.592589024454355 ], [ -13140146.174307629466057, 4060120.974673181306571 ], [ -13140169.422188377007842, 4060114.685150980483741 ], [ -13140191.312899185344577, 4060108.762720598373562 ], [ -13140277.274530325084925, 4060112.429071483202279 ], [ -13140340.889607023447752, 4060111.868160028941929 ], [ -13140428.472333258017898, 4060036.716983279678971 ], [ -13140486.594000697135925, 4060030.369138271082193 ], [ -13140552.563569121062756, 4060005.437951170373708 ], [ -13140623.150619592517614, 4059965.151144362520427 ], [ -13140650.985068410634995, 4059949.264961989130825 ], [ -13140730.086081225425005, 4059893.05229634931311 ], [ -13140738.30534758977592, 4059887.208509326912463 ], [ -13140771.8676399551332, 4059871.010860284324735 ], [ -13140808.271421320736408, 4059833.173838163726032 ], [ -13140813.12861230224371, 4059830.070240334141999 ], [ -13140831.095511326566339, 4059818.568590437062085 ], [ -13140840.84621873870492, 4059812.3267703182064 ], [ -13140884.584471881389618, 4059810.833745560143143 ], [ -13140894.711103100329638, 4059810.488181138411164 ], [ -13140941.883311957120895, 4059810.665881 ], [ -13140986.742082826793194, 4059811.964733196888119 ], [ -13141018.383145051077008, 4059811.395309987477958 ], [ -13141032.211488861590624, 4059811.146537824999541 ], [ -13141045.508270971477032, 4060757.921646061819047 ], [ -13142014.003339665010571, 4060749.696290473919362 ], [ -13142077.460276786237955, 4060749.164123612456024 ], [ -13142982.677513957023621, 4060741.571614271961153 ], [ -13143969.222947912290692, 4060731.351543610915542 ], [ -13144433.488837042823434, 4060726.519955954980105 ], [ -13144924.098793802782893, 4060720.500304564833641 ], [ -13144925.375457154586911, 4060600.369005839340389 ], [ -13144925.52453376725316, 4060586.338337379973382 ], [ -13144925.552582828328013, 4060575.608078720979393 ], [ -13144928.825613746419549, 4060233.193665790837258 ], [ -13144933.495778858661652, 4059744.65751173440367 ], [ -13144937.891934271901846, 4059284.587999173440039 ], [ -13144938.161944709718227, 4059256.327376906760037 ], [ -13144942.878932690247893, 4058763.023842587135732 ], [ -13144452.363602839410305, 4058766.572123587597162 ], [ -13143983.021997, 4058769.949689628090709 ], [ -13143515.897201595827937, 4058773.294879062101245 ], [ -13143062.025259409099817, 4058776.526766042225063 ], [ -13143048.779732577502728, 4058349.130454380530864 ], [ -13142665.123305160552263, 4058351.733329278882593 ], [ -13142665.119650876149535, 4058327.700938383117318 ], [ -13142667.264372482895851, 4058315.73670019954443 ], [ -13142668.151928236708045, 4058310.790516931097955 ], [ -13142677.167817693203688, 4058260.537758943159133 ], [ -13142697.925958437845111, 4058216.393529369030148 ], [ -13142704.280739437788725, 4058202.879448925610632 ], [ -13142733.510014243423939, 4058170.013368695508689 ], [ -13142738.275508023798466, 4058164.656759856268764 ], [ -13142760.491601027548313, 4058139.683707944583148 ], [ -13142788.752584394067526, 4058100.432130084838718 ], [ -13142809.509470008313656, 4058054.890915503259748 ], [ -13142809.784340428188443, 4058041.377447790000588 ], [ -13142810.132439928129315, 4058024.26608361909166 ], [ -13142804.909337323158979, 4058000.249003645498306 ], [ -13142801.765478536486626, 4057985.792593904305249 ], [ -13142797.296416426077485, 4057956.488118201959878 ], [ -13142796.375311871990561, 4057950.447921571321785 ], [ -13142796.811543233692646, 4057929.007706406526268 ], [ -13142790.492945965379477, 4057901.209462397731841 ], [ -13142788.414010947570205, 4057892.063366175629199 ], [ -13142784.242996085435152, 4057872.066290393471718 ], [ -13142774.128010001033545, 4057844.280784979462624 ], [ -13142756.815652998164296, 4057818.55020335689187 ], [ -13142747.999567665159702, 4057781.133629796095192 ], [ -13142743.753874570131302, 4057762.465940360911191 ], [ -13142741.567262323573232, 4057754.697960687335581 ], [ -13142736.087503617629409, 4057735.159956141840667 ], [ -13142733.795206541195512, 4057727.020086451433599 ], [ -13142726.208426017314196, 4057714.874500493519008 ], [ -13142702.766539331525564, 4057677.365263026673347 ], [ -13142695.765218513086438, 4057663.819926115684211 ], [ -13142685.155140217393637, 4057643.292905733920634 ], [ -13142675.550224265083671, 4057616.592030100524426 ], [ -13142670.720495020970702, 4057603.165536794811487 ], [ -13142668.250588811933994, 4057595.835576132871211 ], [ -13142652.015812046825886, 4057547.629332285374403 ], [ -13142645.257836636155844, 4057514.965210804250091 ], [ -13142636.738784657791257, 4057473.789174559060484 ], [ -13142637.113164015114307, 4057455.408149245660752 ], [ -13142646.889431163668633, 4057423.528155291918665 ], [ -13142661.139865644276142, 4057399.220872788224369 ], [ -13142673.783074436709285, 4057388.701640974730253 ], [ -13142695.28039930947125, 4057370.815997016150504 ], [ -13142702.760846676304936, 4057367.246770083438605 ], [ -13142707.699422229081392, 4057364.890290843322873 ], [ -13142710.67966696806252, 4057363.468163650948554 ], [ -13142712.914340063929558, 4057359.55090151168406 ], [ -13142720.181511199101806, 4057346.810792168602347 ], [ -13142723.815324576571584, 4057336.561786155216396 ], [ -13142729.88766354136169, 4057319.434891426470131 ], [ -13142739.00053520873189, 4057313.308717728126794 ], [ -13142745.356802213937044, 4057309.035589839331806 ], [ -13142755.255500650033355, 4057304.314714155159891 ], [ -13142760.957763308659196, 4057301.420856084674597 ], [ -13142771.74280534312129, 4057286.59181222319603 ], [ -13142784.508810110390186, 4057259.285909309983253 ], [ -13142789.422075508162379, 4057250.802008568309247 ], [ -13142800.321116048842669, 4057232.035274966619909 ], [ -13142805.546431016176939, 4057224.773975986521691 ], [ -13142814.446130866184831, 4057212.406692282762378 ], [ -13142830.406653361395001, 4057204.79424481280148 ], [ -13142836.007758438587189, 4057202.124461952131242 ], [ -13142846.4432407990098, 4057187.083690381143242 ], [ -13142848.585830302909017, 4057184.00145023688674 ], [ -13142900.09039013646543, 4057126.841174097731709 ], [ -13142925.115364104509354, 4057096.719406703021377 ], [ -13142934.32053499110043, 4057083.732815637718886 ], [ -13142948.672927660867572, 4057063.500795726198703 ], [ -13142950.445247389376163, 4057051.283476302865893 ], [ -13142950.912290761247277, 4057028.307981345336884 ], [ -13142951.075737718492746, 4057020.267060587648302 ], [ -13142951.316808648407459, 4057008.405502380337566 ], [ -13142951.181412423029542, 4057003.938060576561838 ], [ -13142950.416304878890514, 4056977.751470751129091 ], [ -13142948.039502615109086, 4056962.200689418707043 ], [ -13142945.034001711755991, 4056942.403452733065933 ], [ -13142942.719045549631119, 4056937.701664631720632 ], [ -13142925.986440343782306, 4056903.714343931060284 ], [ -13142914.527707332745194, 4056856.088510604575276 ], [ -13142908.953820763155818, 4056832.90325839817524 ], [ -13142904.882548052817583, 4056815.967922285199165 ], [ -13142895.117645289748907, 4056771.342972959857434 ], [ -13142893.456671882420778, 4056733.517725837416947 ], [ -13142893.030336486175656, 4056723.808332867454737 ], [ -13142895.618874654173851, 4056671.780294933356345 ], [ -13142881.041979514062405, 4056595.587773966602981 ], [ -13142873.553201001137495, 4056556.434450190514326 ], [ -13142867.553430879488587, 4056544.108988447580487 ], [ -13142863.67466296441853, 4056536.140666893217713 ], [ -13142858.426013540476561, 4056525.35405066749081 ], [ -13142847.196876756846905, 4056502.27682974236086 ], [ -13142813.672637181356549, 4056463.694296518340707 ], [ -13142802.4818648789078, 4056450.814983730670065 ], [ -13142781.508366782218218, 4056432.005068804137409 ], [ -13142772.990094818174839, 4056422.27922822535038 ], [ -13142765.109829921275377, 4056413.281920788343996 ], [ -13142755.066034542396665, 4056382.442334961611778 ], [ -13142757.879194961860776, 4056369.659520666580647 ], [ -13142760.101317342370749, 4056359.562143541872501 ], [ -13142783.377583673223853, 4056340.137293837964535 ], [ -13142801.337869983166456, 4056321.582720418460667 ], [ -13142805.192177219316363, 4056317.600938304327428 ], [ -13142828.686629191040993, 4056287.449990552850068 ], [ -13142836.750923911109567, 4056266.168937159236521 ], [ -13142840.713978042826056, 4056263.245230935048312 ], [ -13142848.638389578089118, 4056257.398545678239316 ], [ -13142853.954123802483082, 4056253.474684041924775 ], [ -13142859.979761123657227, 4056249.026999607682228 ], [ -13142888.041493171826005, 4056218.970005835872144 ], [ -13142894.804916221648455, 4056211.753218282014132 ], [ -13142901.317020384594798, 4056204.804524621460587 ], [ -13142915.837594987824559, 4056189.309870975092053 ], [ -13142931.701702669262886, 4056172.381382016465068 ], [ -13142942.7367023807019, 4056164.719275305513293 ], [ -13142959.559557303786278, 4056153.038086208049208 ], [ -13142981.916470021009445, 4056139.783793062437326 ], [ -13142984.701980903744698, 4056138.134594342671335 ], [ -13143012.045584799721837, 4056121.945430093910545 ], [ -13143032.336390398442745, 4056099.384337734431028 ], [ -13143057.386295037344098, 4056078.358390846755356 ], [ -13143080.440232183784246, 4056059.007810514420271 ], [ -13143097.073570463806391, 4056043.74312201840803 ], [ -13143105.011356364935637, 4056036.449941071216017 ], [ -13143110.298500072211027, 4056031.592191393021494 ], [ -13143113.083373205736279, 4056029.044912299606949 ], [ -13143140.995304398238659, 4056006.640968083869666 ], [ -13143148.898691244423389, 4055993.270323357079178 ], [ -13143148.997299386188388, 4055988.418590513058007 ], [ -13143141.940422570332885, 4055981.040788535960019 ], [ -13143135.550514593720436, 4055974.360142946708947 ], [ -13143119.411631556227803, 4055957.478384647518396 ], [ -13143114.638980379328132, 4055952.485998404212296 ], [ -13143113.160585517063737, 4055947.030196529813111 ], [ -13143108.893226975575089, 4055931.282390482258052 ], [ -13143107.54680459946394, 4055926.297683395445347 ], [ -13143097.309251191094518, 4055904.642313653137535 ], [ -13143084.349415920674801, 4055882.339236713945866 ], [ -13143081.096618879586458, 4055876.744005085434765 ], [ -13143063.603792609646916, 4055836.560259681195021 ], [ -13143045.484663294628263, 4055806.48148939339444 ], [ -13143035.577095918357372, 4055790.034518120344728 ], [ -13143014.606089822947979, 4055696.166243026033044 ], [ -13142995.033616982400417, 4055608.453201734926552 ], [ -13142993.278490105643868, 4055549.003661158960313 ], [ -13142994.53580835275352, 4055535.758503846358508 ], [ -13142997.324972519651055, 4055506.478371615987271 ], [ -13142998.984068861231208, 4055489.062252658419311 ], [ -13142993.652235832065344, 4055460.463167915120721 ], [ -13142992.103632770478725, 4055452.157172192353755 ], [ -13142980.725841721519828, 4055430.502255183178931 ], [ -13142931.898799395188689, 4055337.571182765532285 ], [ -13142920.107209084555507, 4055317.420651465654373 ], [ -13142915.546715043485165, 4055314.232711887452751 ], [ -13142906.568680446594954, 4055307.956839497201145 ], [ -13142874.08578672632575, 4055255.209173860494047 ], [ -13142842.914674431085587, 4055213.216183067765087 ], [ -13142823.70110609382391, 4055198.614554541185498 ], [ -13142782.834214201197028, 4055167.564275904558599 ], [ -13142677.82539383880794, 4055006.110574179794639 ], [ -13142674.89303295314312, 4055001.561828450765461 ], [ -13142668.033861227333546, 4054990.921612205449492 ], [ -13142651.20222831517458, 4054964.791789935901761 ], [ -13142643.821212522685528, 4054953.338750885333866 ], [ -13142643.892717596143484, 4054949.829174611717463 ], [ -13142644.007597863674164, 4054944.196140079759061 ], [ -13142644.228322150185704, 4054933.35705207940191 ], [ -13142644.507303263992071, 4054919.65632765321061 ], [ -13142644.935031488537788, 4054898.646268961019814 ], [ -13142645.286446971818805, 4054881.380218307487667 ], [ -13142653.37510073184967, 4054858.572540602181107 ], [ -13142663.991707358509302, 4054829.4360401048325 ], [ -13142672.764407033100724, 4054805.360727248247713 ], [ -13142682.282956870272756, 4054782.826613978948444 ], [ -13142691.993075303733349, 4054759.807339430786669 ], [ -13142692.090112391859293, 4054755.043132872786373 ], [ -13142692.647473607212305, 4054727.655232771765441 ], [ -13142704.278538985177875, 4054680.417029014788568 ], [ -13142737.04962339438498, 4054644.328286171890795 ], [ -13142742.19556244276464, 4054639.841449005529284 ], [ -13142768.526912938803434, 4054616.882611639332026 ], [ -13142788.718490460887551, 4054592.568183919414878 ], [ -13142805.617004901170731, 4054572.218932130839676 ], [ -13142809.135337112471461, 4054548.006303747184575 ], [ -13142809.790825901553035, 4054517.173497864510864 ], [ -13142808.741391237825155, 4054510.395482101012021 ], [ -13142805.745282243937254, 4054491.04362637642771 ], [ -13142793.991945877671242, 4054468.50672670500353 ], [ -13142789.59929914213717, 4054460.083733203355223 ], [ -13142786.200143240392208, 4054452.476520186290145 ], [ -13142780.733880572021008, 4054440.243104485329241 ], [ -13142776.473406363278627, 4054430.715728451963514 ], [ -13142760.608910623937845, 4054416.946626051329076 ], [ -13142746.505262687802315, 4054404.705721613951027 ], [ -13142715.029843868687749, 4054377.382561425212771 ], [ -13142712.301739444956183, 4054370.910447881557047 ], [ -13142711.008926752954721, 4054367.84353634994477 ], [ -13142695.725126355886459, 4054331.547161813825369 ], [ -13142690.295938197523355, 4054318.670177936553955 ], [ -13142690.330564795061946, 4054278.412048259750009 ], [ -13142690.362581837922335, 4054240.561141308397055 ], [ -13142691.575762687250972, 4054228.440552132204175 ], [ -13142694.187310038134456, 4054202.350195019505918 ], [ -13142700.368747780099511, 4054175.342023398261517 ], [ -13142702.561583006754518, 4054165.761284071486443 ], [ -13142703.993204310536385, 4054150.724624004215002 ], [ -13142708.382471607998013, 4054104.625798510853201 ], [ -13142709.964779652655125, 4054073.879881003405899 ], [ -13142710.902278006076813, 4054055.666336250957102 ], [ -13142711.930365046486259, 4054005.14721619291231 ], [ -13142718.619116207584739, 4053986.281087599694729 ], [ -13142721.744319070130587, 4053977.466063149273396 ], [ -13142726.495057342574, 4053964.09026884753257 ], [ -13142725.708568219095469, 4053950.645310654304922 ], [ -13142725.486646914854646, 4053946.850638571660966 ], [ -13142724.280550438910723, 4053926.135186061728746 ], [ -13142723.098140189424157, 4053905.825696181040257 ], [ -13142722.141573585569859, 4053894.620496142655611 ], [ -13142716.942955031991005, 4053833.716516344342381 ], [ -13142718.126497961580753, 4053809.057109205983579 ], [ -13142719.586727596819401, 4053778.635020985733718 ], [ -13142716.777130739763379, 4053747.398619529791176 ], [ -13142715.860828952863812, 4053737.211174950934947 ], [ -13142725.062280986458063, 4053659.293280231300741 ], [ -13142725.630322195589542, 4053652.111123283393681 ], [ -13142729.173582738265395, 4053607.30943073797971 ], [ -13142732.993883538991213, 4053588.058761757798493 ], [ -13142738.34938520565629, 4053561.071963469032198 ], [ -13142754.420340975746512, 4053486.488569188397378 ], [ -13142772.620845731347799, 4053402.022406009957194 ], [ -13142787.331921378150582, 4053369.301455724053085 ], [ -13142795.388469815254211, 4053351.381482167169452 ], [ -13142800.388165781274438, 4053336.006966873537749 ], [ -13142806.768443731591105, 4053316.386546835303307 ], [ -13142819.436999306082726, 4053293.676264992915094 ], [ -13142833.650365175679326, 4053269.466673962771893 ], [ -13142863.046894621104002, 4053248.628259920980781 ], [ -13142881.656023949384689, 4053233.694190720096231 ], [ -13142908.145408378913999, 4053206.468743214383721 ], [ -13142919.050701402127743, 4053194.644663986749947 ], [ -13142940.977065393701196, 4053165.999307719990611 ], [ -13142970.37361298315227, 4053145.167957605794072 ], [ -13142995.413892602548003, 4053113.512157770805061 ], [ -13143003.630987012758851, 4053084.585189313627779 ], [ -13143022.953451192006469, 4053034.44509495748207 ], [ -13143008.678881198167801, 4052988.318297848105431 ], [ -13142983.57676950097084, 4052907.277237346861511 ], [ -13143008.340149680152535, 4052907.308207019232213 ], [ -13143047.445344841107726, 4052906.887616096064448 ], [ -13143976.757514471188188, 4052870.543882210273296 ], [ -13144334.976494256407022, 4052861.50015169242397 ], [ -13144379.971556916832924, 4052887.187856900971383 ], [ -13144373.83019252307713, 4052906.772344048134983 ], [ -13144372.097258856520057, 4052926.178379249759018 ], [ -13144369.852638024836779, 4052951.316049068700522 ], [ -13144411.210000140592456, 4052972.404972621239722 ], [ -13144447.758143294602633, 4053003.923291543032974 ], [ -13144450.793265204876661, 4053333.214315271936357 ], [ -13144562.054775014519691, 4053332.336348414421082 ], [ -13144562.075619257986546, 4053358.624556193593889 ], [ -13144562.746788289397955, 4053458.181091281119734 ], [ -13144632.868469078093767, 4053457.8034677663818 ], [ -13144632.606151266023517, 4053414.910124546848238 ], [ -13144650.808911798521876, 4053421.518017082009465 ], [ -13144735.100302182137966, 4053420.063445730134845 ], [ -13144739.517111146822572, 4053419.982220102567226 ], [ -13144774.344746557995677, 4053402.415659710764885 ], [ -13144798.507884360849857, 4053378.619698375929147 ], [ -13144807.375334175303578, 4053365.703659867402166 ], [ -13144819.382201353088021, 4053347.985715779010206 ], [ -13144838.452186470851302, 4053330.155358180403709 ], [ -13144876.738577460870147, 4053329.853106734808534 ], [ -13144877.022061336785555, 4053483.185744357295334 ], [ -13144975.440300639718771, 4053531.31147537054494 ], [ -13144991.876828171312809, 4054832.998298753518611 ], [ -13145218.463138122111559, 4054830.055678010452539 ], [ -13145210.62797487154603, 4055328.627348692622036 ], [ -13145947.081203926354647, 4055329.39067012257874 ], [ -13145954.914191547781229, 4054819.886515645310283 ], [ -13146418.232134100049734, 4054799.546758256852627 ], [ -13146409.628402162343264, 4054300.391831095330417 ], [ -13146871.21114101819694, 4054288.789531553164124 ], [ -13146877.515443973243237, 4054288.631065372377634 ], [ -13146878.616909814998507, 4054402.489257354754955 ], [ -13146881.287911901250482, 4054779.087443223688751 ], [ -13147277.869873490184546, 4054784.758990867994726 ], [ -13147303.844644388183951, 4054785.124101251363754 ], [ -13147367.084749955683947, 4054786.015822262037545 ], [ -13147367.198093455284834, 4054798.290221001952887 ], [ -13147367.086755819618702, 4054862.890170096419752 ], [ -13147367.087176162749529, 4054996.53887089388445 ], [ -13147848.805910164490342, 4055271.086627073120326 ], [ -13147848.8774742372334, 4055299.866902003996074 ], [ -13148313.157813748344779, 4055722.402637650258839 ], [ -13148344.386610915884376, 4055750.823294322472066 ], [ -13148811.013779249042273, 4055751.319452532101423 ], [ -13148932.503375753760338, 4055751.382793746888638 ], [ -13149073.32082218490541, 4055751.451349387876689 ], [ -13149073.243870694190264, 4055788.905871982686222 ], [ -13149072.954701840877533, 4055926.575861990451813 ], [ -13149124.662104822695255, 4055935.656346388626844 ], [ -13149142.590754020959139, 4055957.101604687981308 ], [ -13149211.69775664806366, 4056039.765197953674942 ], [ -13149295.640594463795424, 4056038.645828828215599 ], [ -13149299.793536717072129, 4056078.319164616987109 ], [ -13149300.968083579093218, 4056089.90805299859494 ], [ -13149304.302011828869581, 4056122.804005811456591 ], [ -13149317.935953736305237, 4056135.573202775791287 ], [ -13149320.471707431599498, 4056137.907689806073904 ], [ -13149332.598037119954824, 4056149.306681292597204 ], [ -13149346.956362448632717, 4056149.30026245303452 ], [ -13149356.528574738651514, 4056149.292170793749392 ], [ -13149363.026128998026252, 4056149.288449568673968 ], [ -13149374.479498744010925, 4056149.282281890511513 ], [ -13149401.444475773721933, 4056149.266618770547211 ], [ -13149457.037142269313335, 4056149.286920365411788 ], [ -13149515.096927206963301, 4056149.322814634535462 ], [ -13149518.88484750688076, 4056149.325032511726022 ], [ -13149523.670969344675541, 4056149.333776383660734 ], [ -13149538.568243427202106, 4056156.483250917866826 ], [ -13149544.09342360496521, 4056155.570180010981858 ], [ -13149546.313013246282935, 4056149.379673520103097 ], [ -13149552.317849850282073, 4056149.357403187081218 ], [ -13149561.039557294920087, 4056149.320706629659981 ], [ -13149633.567737266421318, 4056149.37449399754405 ], [ -13149636.763429971411824, 4056149.374136288184673 ], [ -13149665.2297936771065, 4056149.349524584133178 ], [ -13149681.539494916796684, 4056149.377116546966136 ], [ -13149698.364496411755681, 4056149.418962449301034 ], [ -13149766.290636239573359, 4056149.462864160072058 ], [ -13149781.201259978115559, 4056149.403252365998924 ], [ -13149781.273793866857886, 4056204.416267208289355 ], [ -13149812.86789807677269, 4056205.848446152638644 ], [ -13149816.785304874181747, 4056206.028412694111466 ], [ -13149820.850078416988254, 4056206.211831419728696 ], [ -13149922.694045584648848, 4056210.827595927752554 ], [ -13149958.85729424841702, 4056212.471705910749733 ], [ -13149984.030172858387232, 4056213.608133032917976 ], [ -13149987.243223942816257, 4056213.755694286897779 ], [ -13149991.287227608263493, 4056213.939198915380985 ], [ -13150011.905631776899099, 4056214.874268754851073 ], [ -13150034.361141726374626, 4056215.733158255461603 ], [ -13150042.453352699056268, 4056216.079012342728674 ], [ -13150074.85421241633594, 4056217.463663516566157 ], [ -13150217.188144121319056, 4056223.545845666900277 ], [ -13150234.62826038710773, 4056224.291099381633103 ], [ -13150250.599315043538809, 4056224.548129246104509 ], [ -13150252.97951266169548, 4056230.744943281635642 ], [ -13150258.63284495100379, 4056235.253686230164021 ], [ -13150266.258267138153315, 4056235.630446271505207 ], [ -13150291.218089370056987, 4056233.457235257141292 ], [ -13150290.912035910412669, 4056245.854462953284383 ], [ -13150290.933795865625143, 4056286.815109441056848 ], [ -13150290.93174858763814, 4056329.162809066940099 ], [ -13150290.932639703154564, 4056353.580022474750876 ], [ -13150290.913642585277557, 4056414.417265084106475 ], [ -13150290.886512467637658, 4056538.227974733803421 ], [ -13150290.904783001169562, 4056575.011857745237648 ], [ -13150290.905307983979583, 4056583.885183685924858 ], [ -13150290.917260579764843, 4056612.916534598451108 ], [ -13150290.919406706467271, 4056617.455021708738059 ], [ -13150290.952924562618136, 4056691.485771381296217 ], [ -13150263.341873923316598, 4056690.589810813777149 ], [ -13150263.814701342955232, 4056759.989565886557102 ], [ -13150266.526185544207692, 4057159.079081206582487 ], [ -13150790.247456813231111, 4057161.059825022239238 ], [ -13150785.000957636162639, 4057534.413773719687015 ], [ -13150783.40825324319303, 4057648.188316001091152 ], [ -13150783.129122626036406, 4057667.941922092810273 ], [ -13150776.561335787177086, 4058135.522814548108727 ], [ -13150769.713945221155882, 4058622.878123609349132 ], [ -13150769.118789592757821, 4058734.438925983849913 ], [ -13151742.111617667600513, 4058729.373117701150477 ], [ -13152653.815474072471261, 4058724.548925993498415 ], [ -13152734.199809033423662, 4058724.119210702367127 ], [ -13152734.771746981889009, 4058634.184268168639392 ], [ -13152737.783484784886241, 4058160.584076961968094 ], [ -13153219.189898261800408, 4058185.809773148968816 ], [ -13153396.971225513145328, 4058195.120841377880424 ], [ -13153421.235910290852189, 4058196.391812243964523 ], [ -13153428.350772872567177, 4058196.765223531983793 ], [ -13153433.130779596045613, 4058197.012970600742847 ], [ -13153542.242744106799364, 4058202.727935350034386 ], [ -13153548.495921468362212, 4058203.054589034989476 ], [ -13153554.653170041739941, 4058203.377630614675581 ], [ -13153677.84397972561419, 4058209.823354153428227 ], [ -13153699.906532874330878, 4058210.978940842673182 ], [ -13153707.455882661044598, 4058211.373682392761111 ], [ -13153721.063179137185216, 4058212.08776691975072 ], [ -13153720.732276162132621, 4058159.5587856490165 ], [ -13153720.676985438913107, 4058150.314386941026896 ], [ -13153720.632827447727323, 4058143.492936335504055 ], [ -13153720.444647634401917, 4058113.374023536220193 ], [ -13153720.221696963533759, 4058077.691477885004133 ], [ -13153719.506904715672135, 4057962.554551845882088 ], [ -13153719.472645919770002, 4057957.235203966964036 ], [ -13153718.05571155063808, 4057730.231402220204473 ], [ -13153738.124909657984972, 4057731.17539784219116 ], [ -13153784.515951573848724, 4057733.286267155781388 ], [ -13153856.860912466421723, 4057736.575447047129273 ], [ -13153892.208495505154133, 4057738.18613485712558 ], [ -13153903.544595960527658, 4057726.380571954883635 ], [ -13153910.82604748941958, 4057718.723597867880017 ], [ -13153918.906702388077974, 4057710.226464367005974 ], [ -13153934.268862247467041, 4057694.206948454026133 ], [ -13153949.631001513451338, 4057678.052965465001762 ], [ -13153965.104357523843646, 4057661.898923217318952 ], [ -13153980.35512475669384, 4057645.879473065491766 ], [ -13154021.20951391197741, 4057574.532839077524841 ], [ -13154024.533151449635625, 4057568.733267353381962 ], [ -13154037.79598668217659, 4057545.590756610501558 ], [ -13154055.050461223348975, 4057491.744638910982758 ], [ -13154056.72034252807498, 4057486.360082748811692 ], [ -13154058.652285614982247, 4057480.483834430575371 ], [ -13154060.393821828067303, 4057475.187029045075178 ], [ -13154050.820331146940589, 4057458.898807872552425 ], [ -13154047.480824569240212, 4057453.244972540065646 ], [ -13154045.334414916113019, 4057449.620965961366892 ], [ -13154041.580896900966763, 4057443.283593764528632 ], [ -13154051.376963891088963, 4057430.764341503381729 ], [ -13154063.733387295156717, 4057414.61067279195413 ], [ -13154073.648825401440263, 4057401.763931894674897 ], [ -13154076.201275236904621, 4057398.457072141114622 ], [ -13154089.420355785638094, 4057381.321422842796892 ], [ -13154096.461335621774197, 4057372.207566522061825 ], [ -13154106.5914012696594, 4057359.015468867495656 ], [ -13154118.947908161208034, 4057342.861840662080795 ], [ -13154131.304358726367354, 4057326.842928823083639 ], [ -13154143.660794820636511, 4057310.689440378453583 ], [ -13154156.017295589670539, 4057294.670546336099505 ], [ -13154173.494422025978565, 4057271.921077263075858 ], [ -13154231.959932997822762, 4057273.292862949892879 ], [ -13154248.07846293412149, 4057273.671002171002328 ], [ -13154248.078485978767276, 4057278.517035118769854 ], [ -13154270.798746293410659, 4057278.590826023835689 ], [ -13154289.489325866103172, 4057278.651636790949851 ], [ -13154317.541793685406446, 4057271.113408292643726 ], [ -13154307.18906044960022, 4057194.250166050158441 ], [ -13154291.615259638056159, 4057180.902962857391685 ], [ -13154284.257335070520639, 4057174.596958870068192 ], [ -13154279.581889180466533, 4057170.55862754676491 ], [ -13154270.185262687504292, 4057157.45936203468591 ], [ -13154254.089679814875126, 4057135.021416874136776 ], [ -13154251.751964161172509, 4057131.790819787420332 ], [ -13154238.582966696470976, 4057113.482484430074692 ], [ -13154233.161782747134566, 4057105.945630254223943 ], [ -13154230.155979273840785, 4057101.638149663805962 ], [ -13154227.060957796871662, 4057097.360793032683432 ], [ -13154223.922231059521437, 4057093.023074987344444 ], [ -13154208.980317192152143, 4057072.18879958614707 ], [ -13154200.656461713835597, 4057060.582291151862592 ], [ -13154184.069782890379429, 4057037.429260558914393 ], [ -13154183.981159884482622, 4057031.430973801761866 ], [ -13154183.84712665528059, 4057022.353032772894949 ], [ -13154183.89830345287919, 4057018.948471570853144 ], [ -13154183.958408296108246, 4057014.949503022246063 ], [ -13154183.797995129600167, 4056999.23148095747456 ], [ -13154183.735799482092261, 4056993.142883090302348 ], [ -13154183.637476544827223, 4056973.531147861387581 ], [ -13154183.624466633424163, 4056949.529700354207307 ], [ -13154183.513143133372068, 4056917.896797943860292 ], [ -13154183.401883533224463, 4056883.437309489119798 ], [ -13154183.25173257663846, 4056872.269453993532807 ], [ -13154183.179212491959333, 4056866.880540009122342 ], [ -13154183.290553133934736, 4056859.88097331346944 ], [ -13154183.290506156161427, 4056846.554879575036466 ], [ -13154183.066276641562581, 4056816.63376047834754 ], [ -13154182.956692846491933, 4056802.000088092405349 ], [ -13154182.831454632803798, 4056776.155370594467968 ], [ -13154354.597978511825204, 4056781.55641655344516 ], [ -13154479.822631580755115, 4056783.67739870166406 ], [ -13154493.596263753250241, 4056785.973323102574795 ], [ -13154626.623195292428136, 4056790.200356086250395 ], [ -13154654.864400299265981, 4056791.073393560014665 ], [ -13155269.311553942039609, 4056784.441967292688787 ] ] ] } },
{ "type": "Feature", "properties": { "OBJECTID": 437, "zoneId": "US-CA-XLA-LAC-E167", "country_abbr": "US", "state_abbr": "CA", "county_abb": "XLA", "city_abbr": "LAC", "zone_sequence": "E167", "city_zone_sequence": "LAC-E167", "incident_name": "EATON", "most_extreme_status": "Evacuation Order", "datetime": "2025-01-09T21:17:00", "datetime_1h": "2025-01-09T21:00:00", "datetime_2h": "2025-01-09T22:00:00", "datetime_3h": "2025-01-09T21:00:00", "datetime_4h": "2025-01-09T20:00:00", "datetime_6h": "2025-01-10T00:00:00", "datetime_8h": "2025-01-10T00:00:00", "datetime_12h": "2025-01-10T00:00:00" }, "geometry": { "type": "Polygon", "coordinates": [ [ [ -13141032.211488861590624, 4059811.146537824999541 ], [ -13141031.842714438214898, 4059784.887115200050175 ], [ -13141031.633110301569104, 4059770.175748826935887 ], [ -13141017.924188481643796, 4058793.953230384737253 ], [ -13141101.064904576167464, 4058793.650576537009329 ], [ -13141125.549842646345496, 4058793.439746905583888 ], [ -13141991.133249659091234, 4058785.961983770132065 ], [ -13141986.127771761268377, 4058356.339832885190845 ], [ -13142665.123305160552263, 4058351.733329278882593 ], [ -13143048.779732577502728, 4058349.130454380530864 ], [ -13143062.025259409099817, 4058776.526766042225063 ], [ -13143515.897201595827937, 4058773.294879062101245 ], [ -13143983.021997, 4058769.949689628090709 ], [ -13144452.363602839410305, 4058766.572123587597162 ], [ -13144942.878932690247893, 4058763.023842587135732 ], [ -13144938.161944709718227, 4059256.327376906760037 ], [ -13144937.891934271901846, 4059284.587999173440039 ], [ -13144933.495778858661652, 4059744.65751173440367 ], [ -13144928.825613746419549, 4060233.193665790837258 ], [ -13144925.552582828328013, 4060575.608078720979393 ], [ -13144925.52453376725316, 4060586.338337379973382 ], [ -13144925.375457154586911, 4060600.369005839340389 ], [ -13144924.098793802782893, 4060720.500304564833641 ], [ -13144433.488837042823434, 4060726.519955954980105 ], [ -13143969.222947912290692, 4060731.351543610915542 ], [ -13142982.677513957023621, 4060741.571614271961153 ], [ -13142077.460276786237955, 4060749.164123612456024 ], [ -13142014.003339665010571, 4060749.696290473919362 ], [ -13141045.508270971477032, 4060757.921646061819047 ], [ -13141032.211488861590624, 4059811.146537824999541 ] ] ] } },
{ "type": "Feature", "properties": { "OBJECTID": 520, "zoneId": "US-CA-XLA-LAC-E168", "country_abbr": "US", "state_abbr": "CA", "county_abb": "XLA", "city_abbr": "LAC", "zone_sequence": "E168", "city_zone_sequence": "LAC-E168", "incident_name": "EATON", "most_extreme_status": "Evacuation Order", "datetime": "2025-01-09T21:17:00", "datetime_1h": "2025-01-09T21:00:00", "datetime_2h": "2025-01-09T22:00:00", "datetime_3h": "2025-01-09T21:00:00", "datetime_4h": "2025-01-09T20:00:00", "datetime_6h": "2025-01-10T00:00:00", "datetime_8h": "2025-01-10T00:00:00", "datetime_12h": "2025-01-10T00:00:00" }, "geometry": { "type": "Polygon", "coordinates": [ [ [ -13142983.57676950097084, 4052907.277237346861511 ], [ -13143008.678881198167801, 4052988.318297848105431 ], [ -13143022.953451192006469, 4053034.44509495748207 ], [ -13143003.630987012758851, 4053084.585189313627779 ], [ -13142995.413892602548003, 4053113.512157770805061 ], [ -13142970.37361298315227, 4053145.167957605794072 ], [ -13142940.977065393701196, 4053165.999307719990611 ], [ -13142919.050701402127743, 4053194.644663986749947 ], [ -13142908.145408378913999, 4053206.468743214383721 ], [ -13142881.656023949384689, 4053233.694190720096231 ], [ -13142863.046894621104002, 4053248.628259920980781 ], [ -13142833.650365175679326, 4053269.466673962771893 ], [ -13142819.436999306082726, 4053293.676264992915094 ], [ -13142806.768443731591105, 4053316.386546835303307 ], [ -13142800.388165781274438, 4053336.006966873537749 ], [ -13142795.388469815254211, 4053351.381482167169452 ], [ -13142787.331921378150582, 4053369.301455724053085 ], [ -13142772.620845731347799, 4053402.022406009957194 ], [ -13142754.420340975746512, 4053486.488569188397378 ], [ -13142738.34938520565629, 4053561.071963469032198 ], [ -13142732.993883538991213, 4053588.058761757798493 ], [ -13142729.173582738265395, 4053607.30943073797971 ], [ -13142725.630322195589542, 4053652.111123283393681 ], [ -13142725.062280986458063, 4053659.293280231300741 ], [ -13142715.860828952863812, 4053737.211174950934947 ], [ -13142716.777130739763379, 4053747.398619529791176 ], [ -13142719.586727596819401, 4053778.635020985733718 ], [ -13142718.126497961580753, 4053809.057109205983579 ], [ -13142716.942955031991005, 4053833.716516344342381 ], [ -13142722.141573585569859, 4053894.620496142655611 ], [ -13142723.098140189424157, 4053905.825696181040257 ], [ -13142724.280550438910723, 4053926.135186061728746 ], [ -13142725.486646914854646, 4053946.850638571660966 ], [ -13142725.708568219095469, 4053950.645310654304922 ], [ -13142726.495057342574, 4053964.09026884753257 ], [ -13142721.744319070130587, 4053977.466063149273396 ], [ -13142718.619116207584739, 4053986.281087599694729 ], [ -13142711.930365046486259, 4054005.14721619291231 ], [ -13142710.902278006076813, 4054055.666336250957102 ], [ -13142709.964779652655125, 4054073.879881003405899 ], [ -13142708.382471607998013, 4054104.625798510853201 ], [ -13142703.993204310536385, 4054150.724624004215002 ], [ -13142702.561583006754518, 4054165.761284071486443 ], [ -13142700.368747780099511, 4054175.342023398261517 ], [ -13142694.187310038134456, 4054202.350195019505918 ], [ -13142691.575762687250972, 4054228.440552132204175 ], [ -13142690.362581837922335, 4054240.561141308397055 ], [ -13142690.330564795061946, 4054278.412048259750009 ], [ -13142690.295938197523355, 4054318.670177936553955 ], [ -13142695.725126355886459, 4054331.547161813825369 ], [ -13142711.008926752954721, 4054367.84353634994477 ], [ -13142712.301739444956183, 4054370.910447881557047 ], [ -13142715.029843868687749, 4054377.382561425212771 ], [ -13142746.505262687802315, 4054404.705721613951027 ], [ -13142760.608910623937845, 4054416.946626051329076 ], [ -13142776.473406363278627, 4054430.715728451963514 ], [ -13142780.733880572021008, 4054440.243104485329241 ], [ -13142786.200143240392208, 4054452.476520186290145 ], [ -13142789.59929914213717, 4054460.083733203355223 ], [ -13142793.991945877671242, 4054468.50672670500353 ], [ -13142805.745282243937254, 4054491.04362637642771 ], [ -13142808.741391237825155, 4054510.395482101012021 ], [ -13142809.790825901553035, 4054517.173497864510864 ], [ -13142809.135337112471461, 4054548.006303747184575 ], [ -13142805.617004901170731, 4054572.218932130839676 ], [ -13142788.718490460887551, 4054592.568183919414878 ], [ -13142768.526912938803434, 4054616.882611639332026 ], [ -13142742.19556244276464, 4054639.841449005529284 ], [ -13142737.04962339438498, 4054644.328286171890795 ], [ -13142704.278538985177875, 4054680.417029014788568 ], [ -13142692.647473607212305, 4054727.655232771765441 ], [ -13142692.090112391859293, 4054755.043132872786373 ], [ -13142691.993075303733349, 4054759.807339430786669 ], [ -13142682.282956870272756, 4054782.826613978948444 ], [ -13142672.764407033100724, 4054805.360727248247713 ], [ -13142663.991707358509302, 4054829.4360401048325 ], [ -13142653.37510073184967, 4054858.572540602181107 ], [ -13142645.286446971818805, 4054881.380218307487667 ], [ -13142644.935031488537788, 4054898.646268961019814 ], [ -13142644.507303263992071, 4054919.65632765321061 ], [ -13142644.228322150185704, 4054933.35705207940191 ], [ -13142644.007597863674164, 4054944.196140079759061 ], [ -13142643.892717596143484, 4054949.829174611717463 ], [ -13142643.821212522685528, 4054953.338750885333866 ], [ -13142651.20222831517458, 4054964.791789935901761 ], [ -13142668.033861227333546, 4054990.921612205449492 ], [ -13142674.89303295314312, 4055001.561828450765461 ], [ -13142677.82539383880794, 4055006.110574179794639 ], [ -13142782.834214201197028, 4055167.564275904558599 ], [ -13142823.70110609382391, 4055198.614554541185498 ], [ -13142842.914674431085587, 4055213.216183067765087 ], [ -13142874.08578672632575, 4055255.209173860494047 ], [ -13142906.568680446594954, 4055307.956839497201145 ], [ -13142915.546715043485165, 4055314.232711887452751 ], [ -13142920.107209084555507, 4055317.420651465654373 ], [ -13142931.898799395188689, 4055337.571182765532285 ], [ -13142980.725841721519828, 4055430.502255183178931 ], [ -13142992.103632770478725, 4055452.157172192353755 ], [ -13142993.652235832065344, 4055460.463167915120721 ], [ -13142998.984068861231208, 4055489.062252658419311 ], [ -13142997.324972519651055, 4055506.478371615987271 ], [ -13142994.53580835275352, 4055535.758503846358508 ], [ -13142993.278490105643868, 4055549.003661158960313 ], [ -13142995.033616982400417, 4055608.453201734926552 ], [ -13143014.606089822947979, 4055696.166243026033044 ], [ -13143035.577095918357372, 4055790.034518120344728 ], [ -13143045.484663294628263, 4055806.48148939339444 ], [ -13143063.603792609646916, 4055836.560259681195021 ], [ -13143081.096618879586458, 4055876.744005085434765 ], [ -13143084.349415920674801, 4055882.339236713945866 ], [ -13143097.309251191094518, 4055904.642313653137535 ], [ -13143107.54680459946394, 4055926.297683395445347 ], [ -13143108.893226975575089, 4055931.282390482258052 ], [ -13143113.160585517063737, 4055947.030196529813111 ], [ -13143114.638980379328132, 4055952.485998404212296 ], [ -13143119.411631556227803, 4055957.478384647518396 ], [ -13143135.550514593720436, 4055974.360142946708947 ], [ -13143141.940422570332885, 4055981.040788535960019 ], [ -13143148.997299386188388, 4055988.418590513058007 ], [ -13143148.898691244423389, 4055993.270323357079178 ], [ -13143140.995304398238659, 4056006.640968083869666 ], [ -13143113.083373205736279, 4056029.044912299606949 ], [ -13143110.298500072211027, 4056031.592191393021494 ], [ -13143105.011356364935637, 4056036.449941071216017 ], [ -13143097.073570463806391, 4056043.74312201840803 ], [ -13143080.440232183784246, 4056059.007810514420271 ], [ -13143057.386295037344098, 4056078.358390846755356 ], [ -13143032.336390398442745, 4056099.384337734431028 ], [ -13143012.045584799721837, 4056121.945430093910545 ], [ -13142984.701980903744698, 4056138.134594342671335 ], [ -13142981.916470021009445, 4056139.783793062437326 ], [ -13142959.559557303786278, 4056153.038086208049208 ], [ -13142942.7367023807019, 4056164.719275305513293 ], [ -13142931.701702669262886, 4056172.381382016465068 ], [ -13142915.837594987824559, 4056189.309870975092053 ], [ -13142901.317020384594798, 4056204.804524621460587 ], [ -13142894.804916221648455, 4056211.753218282014132 ], [ -13142888.041493171826005, 4056218.970005835872144 ], [ -13142859.979761123657227, 4056249.026999607682228 ], [ -13142853.954123802483082, 4056253.474684041924775 ], [ -13142848.638389578089118, 4056257.398545678239316 ], [ -13142840.713978042826056, 4056263.245230935048312 ], [ -13142836.750923911109567, 4056266.168937159236521 ], [ -13142828.686629191040993, 4056287.449990552850068 ], [ -13142805.192177219316363, 4056317.600938304327428 ], [ -13142801.337869983166456, 4056321.582720418460667 ], [ -13142783.377583673223853, 4056340.137293837964535 ], [ -13142760.101317342370749, 4056359.562143541872501 ], [ -13142757.879194961860776, 4056369.659520666580647 ], [ -13142755.066034542396665, 4056382.442334961611778 ], [ -13142765.109829921275377, 4056413.281920788343996 ], [ -13142772.990094818174839, 4056422.27922822535038 ], [ -13142781.508366782218218, 4056432.005068804137409 ], [ -13142802.4818648789078, 4056450.814983730670065 ], [ -13142813.672637181356549, 4056463.694296518340707 ], [ -13142847.196876756846905, 4056502.27682974236086 ], [ -13142858.426013540476561, 4056525.35405066749081 ], [ -13142863.67466296441853, 4056536.140666893217713 ], [ -13142867.553430879488587, 4056544.108988447580487 ], [ -13142873.553201001137495, 4056556.434450190514326 ], [ -13142881.041979514062405, 4056595.587773966602981 ], [ -13142895.618874654173851, 4056671.780294933356345 ], [ -13142893.030336486175656, 4056723.808332867454737 ], [ -13142893.456671882420778, 4056733.517725837416947 ], [ -13142895.117645289748907, 4056771.342972959857434 ], [ -13142904.882548052817583, 4056815.967922285199165 ], [ -13142908.953820763155818, 4056832.90325839817524 ], [ -13142914.527707332745194, 4056856.088510604575276 ], [ -13142925.986440343782306, 4056903.714343931060284 ], [ -13142942.719045549631119, 4056937.701664631720632 ], [ -13142945.034001711755991, 4056942.403452733065933 ], [ -13142948.039502615109086, 4056962.200689418707043 ], [ -13142950.416304878890514, 4056977.751470751129091 ], [ -13142951.181412423029542, 4057003.938060576561838 ], [ -13142951.316808648407459, 4057008.405502380337566 ], [ -13142951.075737718492746, 4057020.267060587648302 ], [ -13142950.912290761247277, 4057028.307981345336884 ], [ -13142950.445247389376163, 4057051.283476302865893 ], [ -13142948.672927660867572, 4057063.500795726198703 ], [ -13142934.32053499110043, 4057083.732815637718886 ], [ -13142925.115364104509354, 4057096.719406703021377 ], [ -13142900.09039013646543, 4057126.841174097731709 ], [ -13142848.585830302909017, 4057184.00145023688674 ], [ -13142846.4432407990098, 4057187.083690381143242 ], [ -13142836.007758438587189, 4057202.124461952131242 ], [ -13142830.406653361395001, 4057204.79424481280148 ], [ -13142814.446130866184831, 4057212.406692282762378 ], [ -13142805.546431016176939, 4057224.773975986521691 ], [ -13142800.321116048842669, 4057232.035274966619909 ], [ -13142789.422075508162379, 4057250.802008568309247 ], [ -13142784.508810110390186, 4057259.285909309983253 ], [ -13142771.74280534312129, 4057286.59181222319603 ], [ -13142760.957763308659196, 4057301.420856084674597 ], [ -13142755.255500650033355, 4057304.314714155159891 ], [ -13142745.356802213937044, 4057309.035589839331806 ], [ -13142739.00053520873189, 4057313.308717728126794 ], [ -13142729.88766354136169, 4057319.434891426470131 ], [ -13142723.815324576571584, 4057336.561786155216396 ], [ -13142720.181511199101806, 4057346.810792168602347 ], [ -13142712.914340063929558, 4057359.55090151168406 ], [ -13142710.67966696806252, 4057363.468163650948554 ], [ -13142707.699422229081392, 4057364.890290843322873 ], [ -13142702.760846676304936, 4057367.246770083438605 ], [ -13142695.28039930947125, 4057370.815997016150504 ], [ -13142673.783074436709285, 4057388.701640974730253 ], [ -13142661.139865644276142, 4057399.220872788224369 ], [ -13142646.889431163668633, 4057423.528155291918665 ], [ -13142637.113164015114307, 4057455.408149245660752 ], [ -13142636.738784657791257, 4057473.789174559060484 ], [ -13142645.257836636155844, 4057514.965210804250091 ], [ -13142652.015812046825886, 4057547.629332285374403 ], [ -13142668.250588811933994, 4057595.835576132871211 ], [ -13142670.720495020970702, 4057603.165536794811487 ], [ -13142675.550224265083671, 4057616.592030100524426 ], [ -13142685.155140217393637, 4057643.292905733920634 ], [ -13142695.765218513086438, 4057663.819926115684211 ], [ -13142702.766539331525564, 4057677.365263026673347 ], [ -13142726.208426017314196, 4057714.874500493519008 ], [ -13142733.795206541195512, 4057727.020086451433599 ], [ -13142736.087503617629409, 4057735.159956141840667 ], [ -13142741.567262323573232, 4057754.697960687335581 ], [ -13142743.753874570131302, 4057762.465940360911191 ], [ -13142747.999567665159702, 4057781.133629796095192 ], [ -13142756.815652998164296, 4057818.55020335689187 ], [ -13142774.128010001033545, 4057844.280784979462624 ], [ -13142784.242996085435152, 4057872.066290393471718 ], [ -13142788.414010947570205, 4057892.063366175629199 ], [ -13142790.492945965379477, 4057901.209462397731841 ], [ -13142796.811543233692646, 4057929.007706406526268 ], [ -13142796.375311871990561, 4057950.447921571321785 ], [ -13142797.296416426077485, 4057956.488118201959878 ], [ -13142801.765478536486626, 4057985.792593904305249 ], [ -13142804.909337323158979, 4058000.249003645498306 ], [ -13142810.132439928129315, 4058024.26608361909166 ], [ -13142809.784340428188443, 4058041.377447790000588 ], [ -13142809.509470008313656, 4058054.890915503259748 ], [ -13142788.752584394067526, 4058100.432130084838718 ], [ -13142760.491601027548313, 4058139.683707944583148 ], [ -13142738.275508023798466, 4058164.656759856268764 ], [ -13142733.510014243423939, 4058170.013368695508689 ], [ -13142704.280739437788725, 4058202.879448925610632 ], [ -13142697.925958437845111, 4058216.393529369030148 ], [ -13142677.167817693203688, 4058260.537758943159133 ], [ -13142668.151928236708045, 4058310.790516931097955 ], [ -13142667.264372482895851, 4058315.73670019954443 ], [ -13142665.119650876149535, 4058327.700938383117318 ], [ -13142665.123305160552263, 4058351.733329278882593 ], [ -13141986.127771761268377, 4058356.339832885190845 ], [ -13141991.133249659091234, 4058785.961983770132065 ], [ -13141125.549842646345496, 4058793.439746905583888 ], [ -13141101.064904576167464, 4058793.650576537009329 ], [ -13141017.924188481643796, 4058793.953230384737253 ], [ -13141031.633110301569104, 4059770.175748826935887 ], [ -13141031.842714438214898, 4059784.887115200050175 ], [ -13141032.211488861590624, 4059811.146537824999541 ], [ -13141018.383145051077008, 4059811.395309987477958 ], [ -13140986.742082826793194, 4059811.964733196888119 ], [ -13140941.883311957120895, 4059810.665881 ], [ -13140894.711103100329638, 4059810.488181138411164 ], [ -13140884.584471881389618, 4059810.833745560143143 ], [ -13140840.84621873870492, 4059812.3267703182064 ], [ -13140831.095511326566339, 4059818.568590437062085 ], [ -13140813.12861230224371, 4059830.070240334141999 ], [ -13140808.271421320736408, 4059833.173838163726032 ], [ -13140771.8676399551332, 4059871.010860284324735 ], [ -13140738.30534758977592, 4059887.208509326912463 ], [ -13140730.086081225425005, 4059893.05229634931311 ], [ -13140650.985068410634995, 4059949.264961989130825 ], [ -13140623.150619592517614, 4059965.151144362520427 ], [ -13140552.563569121062756, 4060005.437951170373708 ], [ -13140486.594000697135925, 4060030.369138271082193 ], [ -13140428.472333258017898, 4060036.716983279678971 ], [ -13140340.889607023447752, 4060111.868160028941929 ], [ -13140277.274530325084925, 4060112.429071483202279 ], [ -13140191.312899185344577, 4060108.762720598373562 ], [ -13140169.422188377007842, 4060114.685150980483741 ], [ -13140146.174307629466057, 4060120.974673181306571 ], [ -13140127.780086142942309, 4060120.592589024454355 ], [ -13140116.258535096421838, 4060120.353295449633151 ], [ -13140075.272135945037007, 4060111.986579471733421 ], [ -13140056.380244310945272, 4060103.84574166405946 ], [ -13139997.410875052213669, 4060078.434773799497634 ], [ -13139982.566539622843266, 4060068.68899503396824 ], [ -13139968.087711276486516, 4060059.18304643034935 ], [ -13139962.365793826058507, 4060056.614994559902698 ], [ -13139932.659649142995477, 4060043.282893938012421 ], [ -13139907.514859780669212, 4060044.047687124926597 ], [ -13139892.762534584850073, 4060044.496310545131564 ], [ -13139871.762768318876624, 4060050.353330670855939 ], [ -13139867.019954992458224, 4060051.676156895235181 ], [ -13139855.732937529683113, 4060054.832421455997974 ], [ -13139818.219880258664489, 4060059.696238391567022 ], [ -13139785.597514685243368, 4060052.262511201202869 ], [ -13139745.620152911171317, 4060043.15428987564519 ], [ -13139700.033091526478529, 4060042.205486703664064 ], [ -13139692.402991024777293, 4060042.398679468315095 ], [ -13139673.184886530041695, 4060049.973398837726563 ], [ -13139657.508520167320967, 4060056.152220332529396 ], [ -13139649.779971271753311, 4060059.205776094924659 ], [ -13139642.036451684311032, 4060064.029152036644518 ], [ -13139617.887344034388661, 4060080.703727506566793 ], [ -13139587.284213498234749, 4060101.834589002653956 ], [ -13139549.467168970033526, 4060108.619187362957746 ], [ -13139530.957406871020794, 4060111.94004842126742 ], [ -13139438.730801951140165, 4060100.544230559840798 ], [ -13139427.813291059806943, 4060092.934365936089307 ], [ -13139380.518146745860577, 4060059.967806236818433 ], [ -13139332.078778332099319, 4060019.88912341883406 ], [ -13139310.635962385684252, 4060002.159259264357388 ], [ -13139266.030351184308529, 4059940.99178048921749 ], [ -13139252.290682140737772, 4059932.263459281995893 ], [ -13139191.261932913213968, 4059893.494118339847773 ], [ -13139186.77237387932837, 4059892.907171533908695 ], [ -13139148.517032124102116, 4059875.956150162499398 ], [ -13139137.814036669209599, 4059870.300379596184939 ], [ -13139124.453374091535807, 4059863.240148684941232 ], [ -13139117.831374885514379, 4059860.790334087330848 ], [ -13139112.804724020883441, 4059858.119714376982301 ], [ -13139097.080886019393802, 4059860.078327095601708 ], [ -13139067.640673916786909, 4059864.544145817868412 ], [ -13139040.836546985432506, 4059868.611927452962846 ], [ -13139036.762810220941901, 4059868.95715269073844 ], [ -13138984.706317218020558, 4059871.396798087283969 ], [ -13138970.028009466826916, 4059874.75740496115759 ], [ -13138947.11615851148963, 4059879.998826556839049 ], [ -13138911.253285452723503, 4059896.152323660906404 ], [ -13138898.993981404229999, 4059897.647551241796464 ], [ -13138884.986951556056738, 4059899.355810552835464 ], [ -13138877.576647045090795, 4059902.279543560929596 ], [ -13138862.36857239343226, 4059908.279809553176165 ], [ -13138859.519396448507905, 4059909.857289586216211 ], [ -13138852.407446321099997, 4059913.793397751171142 ], [ -13138839.722287334501743, 4059920.813410550821573 ], [ -13138826.417240751907229, 4059928.193858935497701 ], [ -13138807.830826055258512, 4059952.021444120910019 ], [ -13138803.351710455492139, 4059957.763626178726554 ], [ -13138800.901796, 4059961.322486839722842 ], [ -13138780.114298863336444, 4059991.520073361694813 ], [ -13138761.788470178842545, 4060018.151301809120923 ], [ -13138758.690292902290821, 4060022.653522205073386 ], [ -13138753.731464659795165, 4060029.858558184467256 ], [ -13138731.989531906321645, 4060061.449411946348846 ], [ -13138723.265454472973943, 4060071.259838238358498 ], [ -13138720.509182542562485, 4060074.359350489918143 ], [ -13138712.127745945006609, 4060083.666172993835062 ], [ -13138695.608595192432404, 4060102.009305751882493 ], [ -13138612.790407398715615, 4060172.192560689058155 ], [ -13138600.423845903947949, 4060182.660283539444208 ], [ -13138579.344396146014333, 4060197.124900627881289 ], [ -13138560.570563841611147, 4060210.007456784602255 ], [ -13138530.626554679125547, 4060240.840264649130404 ], [ -13138511.099676297977567, 4060250.293380346614867 ], [ -13138411.474277863278985, 4060269.346025845967233 ], [ -13138387.145790545269847, 4060273.9985709534958 ], [ -13138323.003805296495557, 4060300.826908602379262 ], [ -13138290.864232463762164, 4060317.065651341807097 ], [ -13138245.167057290673256, 4060355.548832979053259 ], [ -13138173.493814235553145, 4060384.099654962774366 ], [ -13138177.662832245230675, 4060475.19832807360217 ], [ -13138149.165030024945736, 4060473.851724825333804 ], [ -13138123.24708928540349, 4060484.44889952102676 ], [ -13138109.64664507843554, 4060490.009751349687576 ], [ -13138087.446251237764955, 4060492.146770433522761 ], [ -13138077.475289642810822, 4060493.106680796016008 ], [ -13138055.894253961741924, 4060496.835796610452235 ], [ -13138034.617334332317114, 4060500.512488407548517 ], [ -13137916.396012401208282, 4060540.369130147621036 ], [ -13137893.130206877365708, 4060547.505510448012501 ], [ -13137866.302205476909876, 4060537.406703378073871 ], [ -13137850.494739154353738, 4060542.254151943139732 ], [ -13137835.911918587982655, 4060546.428469762206078 ], [ -13137803.851965464651585, 4060563.663743785116822 ], [ -13137786.04084437713027, 4060593.825675441883504 ], [ -13137777.946388982236385, 4060598.275980043690652 ], [ -13137766.448563681915402, 4060604.597693200688809 ], [ -13137739.731955133378506, 4060621.833213914185762 ], [ -13137720.139796441420913, 4060619.678784748073667 ], [ -13137680.955228483304381, 4060580.898964268621057 ], [ -13137661.363058103248477, 4060583.053502901922911 ], [ -13137581.213058574125171, 4060593.825605504214764 ], [ -13137575.031103642657399, 4060592.423472231253982 ], [ -13137552.715271823108196, 4060587.362349554430693 ], [ -13137551.047950200736523, 4060581.312067183665931 ], [ -13137545.590779107064009, 4060561.509287836495787 ], [ -13137543.759533630684018, 4060545.399411673657596 ], [ -13137541.917281549423933, 4060529.19305345416069 ], [ -13137537.939428607001901, 4060508.743949437979609 ], [ -13137534.792784491553903, 4060492.568083957768977 ], [ -13137547.410516150295734, 4060465.622364208102226 ], [ -13137550.934140268713236, 4060458.097719175275415 ], [ -13137543.550213804468513, 4060435.386950674001127 ], [ -13137530.567693628370762, 4060427.363586304243654 ], [ -13137518.762850621715188, 4060417.164215425029397 ], [ -13137508.076004290953279, 4060391.311613029800355 ], [ -13137489.871657898649573, 4060382.036453088745475 ], [ -13137470.672824140638113, 4060376.230758630670607 ], [ -13137450.405677605420351, 4060363.156488073989749 ], [ -13137443.956033807247877, 4060358.995765662286431 ], [ -13137429.70718340203166, 4060363.30453903414309 ], [ -13137415.561796672642231, 4060375.011277076322585 ], [ -13137395.866096829995513, 4060391.311535013839602 ], [ -13137345.99487211368978, 4060397.774673606269062 ], [ -13137340.650419799610972, 4060402.084335132502019 ], [ -13137335.308258883655071, 4060406.392295925412327 ], [ -13137312.034845449030399, 4060411.670589779969305 ], [ -13137306.810398330911994, 4060412.8553875987418 ], [ -13137269.407043078914285, 4060415.009817087091506 ], [ -13137261.799812164157629, 4060416.682919593993574 ], [ -13137249.814896633848548, 4060419.318647389765829 ], [ -13137238.245917141437531, 4060417.763780505862087 ], [ -13137233.784886842593551, 4060417.164240498095751 ], [ -13137218.1239889934659, 4060399.484041315503418 ], [ -13137207.068200813606381, 4060387.002733130007982 ], [ -13137192.819288402795792, 4060382.69396299123764 ], [ -13137183.205689867958426, 4060380.271448956336826 ], [ -13137150.072532249614596, 4060371.922105515375733 ], [ -13137144.010128328576684, 4060370.455529547762126 ], [ -13137132.261491313576698, 4060367.61336249159649 ], [ -13137114.450408963486552, 4060350.378264805767685 ], [ -13137112.669268948957324, 4060346.069515789858997 ], [ -13137110.888098096475005, 4060302.982023894321173 ], [ -13137117.956776224076748, 4060281.607031132560223 ], [ -13137125.1370336599648, 4060259.894841535016894 ], [ -13137131.475615782663226, 4060229.2274737409316 ], [ -13137132.261505784466863, 4060225.425119439605623 ], [ -13137150.072636334225535, 4060212.498951327521354 ], [ -13137175.008161418139935, 4060203.881597623229027 ], [ -13137189.257074829190969, 4060178.029366773087531 ], [ -13137217.754901653155684, 4060134.942569013684988 ], [ -13137215.973802713677287, 4060122.016501086298376 ], [ -13137201.724929265677929, 4060098.318897953722626 ], [ -13137194.101676471531391, 4060097.001658333931118 ], [ -13137164.321478165686131, 4060091.855884814634919 ], [ -13137158.170167710632086, 4060094.088029285427183 ], [ -13137146.510448694229126, 4060098.318919792771339 ], [ -13137126.918126031756401, 4060122.016487539745867 ], [ -13137116.786268698051572, 4060131.973737831693143 ], [ -13137098.420404182747006, 4060150.022997959982604 ], [ -13137075.265959782525897, 4060143.559922400396317 ], [ -13137071.70367106795311, 4060124.170886740088463 ], [ -13137057.128368463367224, 4060097.430443590506911 ], [ -13137050.330275624990463, 4060078.929940523579717 ], [ -13137039.643648924306035, 4060074.621266149450094 ], [ -13136986.102663423866034, 4060074.62126259598881 ], [ -13136982.497555555775762, 4060074.484753700904548 ], [ -13136968.399206766858697, 4060061.695350877474993 ], [ -13136964.837006771937013, 4060040.15205246489495 ], [ -13136963.055966829881072, 4059990.602863201871514 ], [ -13136963.055959148332477, 4059936.745354363694787 ], [ -13136961.672430424019694, 4059926.704998148139566 ], [ -13136959.493689022958279, 4059910.893846030347049 ], [ -13136954.305686566978693, 4059895.833942234516144 ], [ -13136950.588047718629241, 4059885.04214677028358 ], [ -13136942.205742491409183, 4059876.593486134428531 ], [ -13136929.214680660516024, 4059863.499457873404026 ], [ -13136914.686865504831076, 4059858.478883722331375 ], [ -13136904.279205784201622, 4059854.882174607831985 ], [ -13136877.562477231025696, 4059852.728026681113988 ], [ -13136847.283588536083698, 4059854.882240864448249 ], [ -13136794.238777607679367, 4059858.350313812959939 ], [ -13136781.382401341572404, 4059859.190700578503311 ], [ -13136765.352471921592951, 4059854.882242399267852 ], [ -13136745.317642593756318, 4059835.496372311841697 ], [ -13136738.635756395757198, 4059829.030854714103043 ], [ -13136719.043526349589229, 4059824.72218724898994 ], [ -13136672.734644114971161, 4059844.110797447152436 ], [ -13136662.372899344190955, 4059852.167621124535799 ], [ -13136647.799110906198621, 4059863.499393096193671 ], [ -13136633.550133928656578, 4059891.505161189474165 ], [ -13136632.321624943986535, 4059899.677872727159411 ], [ -13136629.988020652905107, 4059915.202374637592584 ], [ -13136622.168991832062602, 4059950.930993866641074 ], [ -13136615.739062380045652, 4059962.596927429549396 ], [ -13136605.898787861689925, 4059976.663066582288593 ], [ -13136596.14680483750999, 4059990.602844541892409 ], [ -13136584.783917242661119, 4060003.247083343565464 ], [ -13136565.53404082916677, 4060024.667928526643664 ], [ -13136551.635016711428761, 4060031.333477280568331 ], [ -13136533.807936081662774, 4060039.882861887570471 ], [ -13136514.660979546606541, 4060043.114252696745098 ], [ -13136490.615906752645969, 4060037.459128858055919 ], [ -13136478.927413873374462, 4060014.569635367952287 ], [ -13136468.351974861696362, 4059978.215605672914535 ], [ -13136440.410893881693482, 4059948.189948458224535 ], [ -13136431.740579752251506, 4059940.865997698158026 ], [ -13136426.384669879451394, 4059936.341341180261225 ], [ -13136414.688276434317231, 4059920.414155482780188 ], [ -13136409.575336487963796, 4059913.452068739570677 ], [ -13136414.918669598177075, 4059895.275160484947264 ], [ -13136420.929880354553461, 4059883.965096845757216 ], [ -13136428.277041776105762, 4059874.001596475020051 ], [ -13136436.84868498146534, 4059862.556883675977588 ], [ -13136460.782309154048562, 4059839.533003114163876 ], [ -13136464.417109273374081, 4059829.741286700125784 ], [ -13136465.680372314527631, 4059826.33807063754648 ], [ -13136466.125635920092463, 4059791.061768231447786 ], [ -13136468.438550144433975, 4059754.495625942014158 ], [ -13136469.242629194632173, 4059741.782842811197042 ], [ -13136468.75924701616168, 4059728.305327171459794 ], [ -13136467.238894278183579, 4059685.906844483688474 ], [ -13136459.001214889809489, 4059666.249368180055171 ], [ -13136442.748569790273905, 4059648.07295719627291 ], [ -13136440.47746661119163, 4059645.274274601601064 ], [ -13136436.848658042028546, 4059640.802427420392632 ], [ -13136441.858056724071503, 4059623.837722445372492 ], [ -13136443.321565274149179, 4059612.110543772578239 ], [ -13136444.529660940170288, 4059602.429891962558031 ], [ -13136438.407033173367381, 4059592.432687245775014 ], [ -13136431.171379150822759, 4059580.6182352732867 ], [ -13136424.561017172411084, 4059578.311081185936928 ], [ -13136392.20944282785058, 4059567.019799206405878 ], [ -13136385.187569757923484, 4059566.731830676086247 ], [ -13136379.073818609118462, 4059566.481187954545021 ], [ -13136371.752282375469804, 4059559.815848769620061 ], [ -13136368.721108635887504, 4059557.056425278540701 ], [ -13136361.50605027936399, 4059550.71638037962839 ], [ -13136341.447790870442986, 4059533.09069525077939 ], [ -13136307.606623254716396, 4059516.530150540638715 ], [ -13136270.203448340296745, 4059502.931643608026206 ], [ -13136257.735581770539284, 4059492.699150113388896 ], [ -13136251.533056335523725, 4059492.209809039253742 ], [ -13136242.248913284391165, 4059491.684807561337948 ], [ -13136235.916883762925863, 4059501.719779497012496 ], [ -13136225.786873329430819, 4059517.337972996756434 ], [ -13136201.185214433819056, 4059543.996334734838456 ], [ -13136164.895084036514163, 4059561.903473084326833 ], [ -13136148.865162521600723, 4059574.559606647584587 ], [ -13136132.055829018354416, 4059573.213056816719472 ], [ -13136099.105295591056347, 4059562.576654225587845 ], [ -13136069.590854316949844, 4059552.486145325005054 ], [ -13136057.360486099496484, 4059548.304958200082183 ], [ -13136040.551171632483602, 4059549.920583449769765 ], [ -13136034.089234823361039, 4059554.215613935142756 ], [ -13136015.838281078264117, 4059566.34651752281934 ], [ -13136005.955976327881217, 4059573.659664596896619 ], [ -13135998.917822783812881, 4059578.867974587716162 ], [ -13135992.683857494965196, 4059583.445683770347387 ], [ -13135981.176979694515467, 4059583.927743465639651 ], [ -13135966.96906035207212, 4059584.522862582467496 ], [ -13135954.306104706600308, 4059578.683245279826224 ], [ -13135949.157935813069344, 4059559.614570820704103 ], [ -13135951.161695664748549, 4059543.457945315632969 ], [ -13135948.150343585759401, 4059541.586192986927927 ], [ -13135943.146690102294087, 4059538.476152977440506 ], [ -13135929.965323595330119, 4059525.868941375985742 ], [ -13135916.541367091238499, 4059513.029531226027757 ], [ -13135893.052840096876025, 4059502.931561409961432 ], [ -13135890.832483351230621, 4059490.33859240077436 ], [ -13135895.613222226500511, 4059481.928047228138894 ], [ -13135898.251451969146729, 4059477.310684954281896 ], [ -13135905.075487036257982, 4059465.367453559767455 ], [ -13135906.29995434731245, 4059434.535397879779339 ], [ -13135905.680003300309181, 4059420.956387630663812 ], [ -13135905.298049429431558, 4059412.589437618386 ], [ -13135905.195508705452085, 4059401.418981287162751 ], [ -13135905.075414568185806, 4059388.354772153310478 ], [ -13135907.190485335886478, 4059378.795489610638469 ], [ -13135911.566248355433345, 4059374.724583901464939 ], [ -13135914.426314022392035, 4059372.063650040887296 ], [ -13135921.517660023644567, 4059366.850025259889662 ], [ -13135929.677025815472007, 4059365.331769135780632 ], [ -13135940.697740787640214, 4059365.197170014493167 ], [ -13135946.486304214224219, 4059362.908315536100417 ], [ -13135951.495656698942184, 4059354.157002996187657 ], [ -13135952.887979105114937, 4059347.151816060766578 ], [ -13135954.27860856987536, 4059340.154765706509352 ], [ -13135962.850231288000941, 4059319.420738466084003 ], [ -13135934.797725288197398, 4059289.666112005710602 ], [ -13135900.288673792034388, 4059267.181923726573586 ], [ -13135875.909652430564165, 4059243.889990187250078 ], [ -13135856.576305322349072, 4059235.36420359602198 ], [ -13135845.074176967144012, 4059230.291855041403323 ], [ -13135839.084466233849525, 4059230.332714138552547 ], [ -13135825.370777046307921, 4059230.426458673086017 ], [ -13135799.900388525798917, 4059222.530844402499497 ], [ -13135760.805371752008796, 4059207.538550068624318 ], [ -13135724.292536137625575, 4059199.864225804805756 ], [ -13135697.798452800139785, 4059190.574502780102193 ], [ -13135646.48030324280262, 4059166.878727458417416 ], [ -13135620.765522353351116, 4059159.070016737096012 ], [ -13135596.720420058816671, 4059161.493355671409518 ], [ -13135560.31898720189929, 4059174.28368686279282 ], [ -13135541.744253925979137, 4059175.369400125928223 ], [ -13135530.373936532065272, 4059176.034015656448901 ], [ -13135517.238243853673339, 4059180.611552779562771 ], [ -13135496.866870772093534, 4059196.229196289088577 ], [ -13135480.836771367117763, 4059199.998877718579024 ], [ -13135455.122006841003895, 4059204.307244687806815 ], [ -13135435.641187569126487, 4059210.096511221956462 ], [ -13135428.182757528498769, 4059201.345248474739492 ], [ -13135424.286511790007353, 4059182.227110117208213 ], [ -13135422.839380338788033, 4059174.956815479788929 ], [ -13135413.04331579990685, 4059148.568448645994067 ], [ -13135410.130713680759072, 4059143.368340934626758 ], [ -13135396.679354548454285, 4059119.352851268369704 ], [ -13135383.763631075620651, 4059091.608606771565974 ], [ -13135381.762495247647166, 4059087.310005699750036 ], [ -13135366.177727686241269, 4059058.767695013899356 ], [ -13135352.262799462303519, 4059052.305331650655717 ], [ -13135316.418005025014281, 4059048.939490564633161 ], [ -13135264.431805051863194, 4059045.035098309163004 ], [ -13135251.756269969046116, 4059051.80894944164902 ], [ -13135240.498082583770156, 4059057.825340987183154 ], [ -13135205.43239288777113, 4059058.902385023888201 ], [ -13135182.361557554453611, 4059061.858541885856539 ], [ -13135162.351809730753303, 4059064.422269736882299 ], [ -13135154.225518962368369, 4059056.478903718758374 ], [ -13135133.63129561394453, 4059038.97668084455654 ], [ -13135109.475055500864983, 4059037.091793960426003 ], [ -13135106.256264332681894, 4059038.013714734464884 ], [ -13135088.324370393529534, 4059043.150218886788934 ], [ -13135072.962170571088791, 4059037.361071563791484 ], [ -13135046.468132540583611, 4059024.436308279633522 ], [ -13135028.657180881127715, 4059009.222760158125311 ], [ -13135025.368359738960862, 4059005.396320453844965 ], [ -13135019.862914502620697, 4058998.990761088207364 ], [ -13135010.241138774901628, 4058969.715067658573389 ], [ -13135009.287455789744854, 4058966.813537494745106 ], [ -13135004.006743345409632, 4058962.638635708019137 ], [ -13134983.572682246565819, 4058946.48415763117373 ], [ -13134971.661503411829472, 4058925.346947582438588 ], [ -13134968.611371740698814, 4058913.634103754535317 ], [ -13134962.410873986780643, 4058889.823565577622503 ], [ -13134956.410787608474493, 4058866.782234208192676 ], [ -13134952.737137211486697, 4058846.183385433163494 ], [ -13134947.171142743900418, 4058814.81485432619229 ], [ -13134935.849637502804399, 4058791.874164168257266 ], [ -13134934.480854824185371, 4058789.100450499914587 ], [ -13134921.790448237210512, 4058764.193948382511735 ], [ -13134902.754777127876878, 4058750.461816387716681 ], [ -13134878.375826789066195, 4058730.132676913868636 ], [ -13134868.023057928308845, 4058716.265955472365022 ], [ -13134859.920496245846152, 4058708.962737722322345 ], [ -13134832.623506275936961, 4058684.358749473467469 ], [ -13134816.148185793310404, 4058644.104854786302894 ], [ -13134806.574690440669656, 4058627.410895583219826 ], [ -13134799.504221627488732, 4058626.261302690021694 ], [ -13134793.327650329098105, 4058625.256817074958235 ], [ -13134776.518501507118344, 4058627.68019341211766 ], [ -13134758.261994587257504, 4058625.660742822568864 ], [ -13134727.537846630439162, 4058621.487295188941061 ], [ -13134696.813660828396678, 4058616.640760410111398 ], [ -13134689.694933904334903, 4058617.624559368472546 ], [ -13134685.125184649601579, 4058618.256245553027838 ], [ -13134669.095108734443784, 4058626.468580052256584 ], [ -13134657.406576450914145, 4058625.930058960802853 ], [ -13134652.285896794870496, 4058621.487264238763601 ], [ -13134647.053813599050045, 4058612.063259460497648 ], [ -13134635.365331185981631, 4058604.793468256946653 ], [ -13134631.002795372158289, 4058605.273073241580278 ], [ -13134628.018162975087762, 4058605.601216694805771 ], [ -13134618.739532802253962, 4058615.190467968117446 ], [ -13134614.586552701890469, 4058618.719056081958115 ], [ -13134608.871320765465498, 4058620.948817173019052 ], [ -13134599.778948027640581, 4058624.470969160087407 ], [ -13134594.622380305081606, 4058626.468595762271434 ], [ -13134563.118924891576171, 4058634.142289135139436 ], [ -13134535.40041309222579, 4058637.37348946230486 ], [ -13134525.25788845680654, 4058644.2927878620103 ], [ -13134515.305377619341016, 4058649.069891560357064 ], [ -13134496.104611359536648, 4058648.009107002988458 ], [ -13134485.195381077006459, 4058654.740409062243998 ], [ -13134473.824959043413401, 4058663.939142340794206 ], [ -13134462.708731392398477, 4058669.684141144156456 ], [ -13134454.486302440986037, 4058671.76778648653999 ], [ -13134451.020258219912648, 4058672.646009412128478 ], [ -13134440.110931757837534, 4058678.704395690467209 ], [ -13134426.337465224787593, 4058676.939293971285224 ], [ -13134423.301663599908352, 4058676.550313281826675 ], [ -13134420.367283714935184, 4058673.533762528561056 ], [ -13134409.943368451669812, 4058662.818216017913073 ], [ -13134401.149201150983572, 4058659.990930160041898 ], [ -13134394.318549584597349, 4058660.065381722524762 ], [ -13134388.18308568187058, 4058659.988439048174769 ], [ -13134379.219206472858787, 4058657.971637108828872 ], [ -13134374.098406035453081, 4058654.336552014108747 ], [ -13134370.739516394212842, 4058651.192503256723285 ], [ -13134357.845891624689102, 4058639.123583864420652 ], [ -13134352.732286658138037, 4058634.047816114500165 ], [ -13134346.045987194404006, 4058627.410899178590626 ], [ -13134342.420573538169265, 4058627.455607895273715 ], [ -13134335.136642698198557, 4058627.545503206085414 ], [ -13134324.227358205243945, 4058629.161070785950869 ], [ -13134318.650186149403453, 4058627.202901819255203 ], [ -13134313.87470767647028, 4058625.526169122196734 ], [ -13134303.521963752806187, 4058613.948112872894853 ], [ -13134300.704358793795109, 4058612.714869737159461 ], [ -13134291.833431579172611, 4058608.832298939116299 ], [ -13134288.159862892702222, 4058610.447770327329636 ], [ -13134284.225723994895816, 4058610.883721761405468 ], [ -13134273.57697987370193, 4058612.063304924406111 ], [ -13134263.179795205593109, 4058610.207051284145564 ], [ -13134250.19990050047636, 4058607.889848480001092 ], [ -13134239.179200224578381, 4058607.88986447500065 ], [ -13134227.490755436941981, 4058608.832350165117532 ], [ -13134214.413352204486728, 4058606.668020753655583 ], [ -13134206.339979717507958, 4058605.331978894304484 ], [ -13134168.935436464846134, 4058602.780773883219808 ], [ -13134154.353717293590307, 4058602.908626409713179 ], [ -13134140.438926437869668, 4058594.965616603847593 ], [ -13134141.663345770910382, 4058575.175280374474823 ], [ -13134143.195387721061707, 4058569.961160816252232 ], [ -13134149.455773688852787, 4058548.653831121511757 ], [ -13134158.917834896594286, 4058540.441515045240521 ], [ -13134168.789519542828202, 4058536.084342041518539 ], [ -13134174.168590663000941, 4058533.710103830788285 ], [ -13134194.540114028379321, 4058521.728403721936047 ], [ -13134208.232434438541532, 4058506.919318112544715 ], [ -13134211.775998547673225, 4058495.171169429086149 ], [ -13134214.688996518030763, 4058485.513786846306175 ], [ -13134215.245499128475785, 4058476.089855973608792 ], [ -13134210.792793082073331, 4058464.377445383463055 ], [ -13134206.498300969600677, 4058460.390483784023672 ], [ -13134199.772149799391627, 4058454.145720336586237 ], [ -13134176.172341831028461, 4058435.298206409439445 ], [ -13134143.110542120411992, 4058420.220052650664002 ], [ -13134139.117203406989574, 4058416.757558859884739 ], [ -13134131.31064292229712, 4058409.9885547994636 ], [ -13134127.49793934263289, 4058405.567027132492512 ], [ -13134123.184432525187731, 4058400.564799673855305 ], [ -13134122.007684431970119, 4058394.801549010444432 ], [ -13134120.957944529131055, 4058389.660091937985271 ], [ -13134120.84666321799159, 4058383.736548165790737 ], [ -13134127.02611312828958, 4058380.060191046446562 ], [ -13134134.650228094309568, 4058375.524380140472203 ], [ -13134146.227422742173076, 4058366.639265515841544 ], [ -13134151.348201470449567, 4058358.427087858784944 ], [ -13134147.739928787574172, 4058346.952287573833019 ], [ -13134145.336832972243428, 4058339.310356254223734 ], [ -13134145.208656370639801, 4058327.052870770916343 ], [ -13134145.114341599866748, 4058318.039572458714247 ], [ -13134153.65019291639328, 4058313.341024698223919 ], [ -13134161.255599193274975, 4058309.15451681567356 ], [ -13134174.168612591922283, 4058298.65383863914758 ], [ -13134198.992989392951131, 4058300.673133897129446 ], [ -13134203.195274010300636, 4058299.861384092830122 ], [ -13134215.022872280329466, 4058297.576760543510318 ], [ -13134244.188590113073587, 4058284.787472349591553 ], [ -13134274.80146299302578, 4058279.402463017962873 ], [ -13134295.172914447262883, 4058276.979276013094932 ], [ -13134300.526873225346208, 4058274.234492426272482 ], [ -13134305.414348786696792, 4058271.728985459543765 ], [ -13134307.422634333372116, 4058262.585282822139561 ], [ -13134301.518212918192148, 4058248.304449399467558 ], [ -13134286.044848226010799, 4058231.476378613617271 ], [ -13134282.927838588133454, 4058216.937173611484468 ], [ -13134286.043306227773428, 4058213.967354711610824 ], [ -13134292.389986732974648, 4058207.917287369258702 ], [ -13134314.87643837928772, 4058199.705268066842109 ], [ -13134330.127241123467684, 4058190.012496651615947 ], [ -13134343.151606742292643, 4058177.357974543701857 ], [ -13134347.719968842342496, 4058163.834293174091727 ], [ -13134353.838252922520041, 4058145.721589887049049 ], [ -13134368.19861963018775, 4058118.393243684899062 ], [ -13134375.610677976161242, 4058114.910560710821301 ], [ -13134385.675726361572742, 4058110.181395526044071 ], [ -13134403.932110941037536, 4058108.565849853679538 ], [ -13134415.509344886988401, 4058100.353880473412573 ], [ -13134418.292356422170997, 4058079.756868616212159 ], [ -13134421.63840045966208, 4058073.372334162704647 ], [ -13134423.301693767309189, 4058070.198696384206414 ], [ -13134430.451838169246912, 4058067.358470256906003 ], [ -13134438.552423262968659, 4058064.140658868011087 ], [ -13134443.122691377997398, 4058058.061013733036816 ], [ -13134450.797589180991054, 4058047.851538133341819 ], [ -13134454.359816782176495, 4058030.889339635614306 ], [ -13134462.689199607819319, 4058027.490470044780523 ], [ -13134472.504947436973453, 4058023.485177118331194 ], [ -13134487.755733594298363, 4058009.349902086891234 ], [ -13134493.4330042488873, 4057996.830167776905 ], [ -13134496.117265488952398, 4057987.534413415938616 ], [ -13134498.331043587997556, 4057979.867933482863009 ], [ -13134496.782606836408377, 4057972.377758923452348 ], [ -13134494.546167429536581, 4057961.559583699796349 ], [ -13134495.518353827297688, 4057948.716804694384336 ], [ -13134495.993315912783146, 4057942.4435442998074 ], [ -13134503.896959574893117, 4057935.039489772170782 ], [ -13134520.03829219378531, 4057937.058767748065293 ], [ -13134532.398723099380732, 4057940.245513203553855 ], [ -13134541.968343200162053, 4057942.71275225514546 ], [ -13134568.239687813445926, 4057945.405125312972814 ], [ -13134573.360338861122727, 4057943.116596132516861 ], [ -13134576.020934356376529, 4057935.323350583668798 ], [ -13134578.369752457365394, 4057928.44309927104041 ], [ -13134576.032070202752948, 4057914.577284052036703 ], [ -13134575.920663103461266, 4057902.730837466195226 ], [ -13134582.377280173823237, 4057887.249498835299164 ], [ -13134590.280926395207644, 4057870.287446560803801 ], [ -13134590.837446037679911, 4057860.864129400812089 ], [ -13134587.943241465836763, 4057856.421704911626875 ], [ -13134581.264067901298404, 4057854.267810521647334 ], [ -13134566.04635520838201, 4057851.574922036379576 ], [ -13134540.96641980484128, 4057853.190838058013469 ], [ -13134523.600571446120739, 4057862.883508395403624 ], [ -13134502.227172331884503, 4057847.67139122961089 ], [ -13134500.110402157530189, 4057844.290473835077137 ], [ -13134496.327274940907955, 4057838.248129273764789 ], [ -13134489.818226389586926, 4057838.323032808955759 ], [ -13134484.63865215331316, 4057838.382785996422172 ], [ -13134472.282222516834736, 4057847.267631266731769 ], [ -13134463.817360976710916, 4057858.993286564480513 ], [ -13134460.037111146375537, 4057864.229568197857589 ], [ -13134440.949471089988947, 4057872.565084904897958 ], [ -13134435.992048928514123, 4057874.729888245929033 ], [ -13134433.53403352946043, 4057877.615144767798483 ], [ -13134420.039231298491359, 4057893.281627452466637 ], [ -13134399.145296694710851, 4057913.365622414276004 ], [ -13134387.466883910819888, 4057914.356886243447661 ], [ -13134382.294083241373301, 4057913.012049948330969 ], [ -13134377.215430146083236, 4057911.346336796414107 ], [ -13134370.536318585276604, 4057907.711668097879738 ], [ -13134356.367357723414898, 4057908.654662476852536 ], [ -13134347.938342841342092, 4057915.250369731802493 ], [ -13134334.914042010903358, 4057924.942961202468723 ], [ -13134315.321817085146904, 4057947.155377349816263 ], [ -13134299.61397803761065, 4057954.714765639510006 ], [ -13134293.503166723996401, 4057957.655743244104087 ], [ -13134288.824460957199335, 4057961.113183552399278 ], [ -13134277.473165726289153, 4057969.502262677997351 ], [ -13134268.901532316580415, 4057987.272079494316131 ], [ -13134258.474160810932517, 4058015.236200885847211 ], [ -13134256.879089541733265, 4058024.023542697541416 ], [ -13134249.977549502626061, 4058024.076410731300712 ], [ -13134239.290600089356303, 4058024.158148854505271 ], [ -13134223.149340381845832, 4058019.17726556584239 ], [ -13134196.877928420901299, 4058021.735035445075482 ], [ -13134191.333138536661863, 4058022.145591333974153 ], [ -13134185.968595946207643, 4058022.542818847578019 ], [ -13134182.720875849947333, 4058024.573055312037468 ], [ -13134172.83284705132246, 4058030.754643754567951 ], [ -13134156.914108328521252, 4058038.293468282558024 ], [ -13134137.878538854420185, 4058042.870527708437294 ], [ -13134126.189890129491687, 4058035.601052256766707 ], [ -13134111.495731817558408, 4058031.293175734579563 ], [ -13134088.11874639429152, 4058029.408415394835174 ], [ -13134079.205429611727595, 4058027.453387510031462 ], [ -13134065.409443370997906, 4058024.427440748549998 ], [ -13134041.475826095789671, 4058037.889595936983824 ], [ -13134012.978028327226639, 4058045.562995969317853 ], [ -13134002.535869473591447, 4058049.28125294437632 ], [ -13133972.903060289099813, 4058059.83292809734121 ], [ -13133970.230801625177264, 4058058.080119120888412 ], [ -13133959.767301933839917, 4058051.217101755551994 ], [ -13133958.097510572522879, 4058039.370383931323886 ], [ -13133941.176909120753407, 4058021.196465604472905 ], [ -13133925.035673569887877, 4058019.984988247044384 ], [ -13133913.80964070931077, 4058021.071108361706138 ], [ -13133908.33779002726078, 4058021.600351330358535 ], [ -13133892.975685158744454, 4058026.177454569377005 ], [ -13133865.257051913067698, 4058029.273797799833119 ], [ -13133857.923226119950414, 4058028.026653713546693 ], [ -13133836.759298447519541, 4058024.427451867610216 ], [ -13133833.6423279941082, 4058012.042369378730655 ], [ -13133823.846295515075326, 4057985.656644446309656 ], [ -13133792.386411774903536, 4057971.863929913379252 ], [ -13133770.301542742177844, 4057964.925121583044529 ], [ -13133768.743062967434525, 4057956.84793633967638 ], [ -13133769.299761164933443, 4057937.058759684674442 ], [ -13133757.499849276617169, 4057928.308548286091536 ], [ -13133745.588639939203858, 4057910.134897962212563 ], [ -13133750.90397497266531, 4057897.206107150763273 ], [ -13133760.060230072587729, 4057884.960910633672029 ], [ -13133764.431069541722536, 4057874.141758027486503 ], [ -13133767.184700079262257, 4057867.325864982791245 ], [ -13133767.741202911362052, 4057857.09479793580249 ], [ -13133750.932004664093256, 4057849.825371573679149 ], [ -13133744.252830430865288, 4057839.594387635588646 ], [ -13133739.13954171910882, 4057832.916341082192957 ], [ -13133733.120782721787691, 4057825.055455274879932 ], [ -13133726.918217433616519, 4057819.649950625840575 ], [ -13133713.19471119903028, 4057807.689763259608299 ], [ -13133703.621167201548815, 4057800.420250796247274 ], [ -13133709.298461785539985, 4057779.823750794865191 ], [ -13133710.719454752281308, 4057771.197935848031193 ], [ -13133714.864509018138051, 4057746.0346022057347 ], [ -13133708.185247397050261, 4057740.919216187205166 ], [ -13133689.260925279930234, 4057751.419331714045256 ], [ -13133670.559245260432363, 4057775.785222525242716 ], [ -13133654.640599820762873, 4057794.227940168231726 ], [ -13133651.521145608276129, 4057803.547647255007178 ], [ -13133648.963257033377886, 4057811.189746615476906 ], [ -13133635.938866814598441, 4057819.40153406187892 ], [ -13133623.471139393746853, 4057821.690060142427683 ], [ -13133618.540323032066226, 4057819.058115638792515 ], [ -13133607.329791076481342, 4057813.074530316516757 ], [ -13133600.319008545950055, 4057819.804474041331559 ], [ -13133596.531783217564225, 4057823.440152965020388 ], [ -13133595.960611034184694, 4057836.350993576925248 ], [ -13133596.754399375990033, 4057846.190649854484946 ], [ -13133601.26033740490675, 4057863.750079290941358 ], [ -13133594.750734701752663, 4057876.345392346847802 ], [ -13133581.726358510553837, 4057888.99955316260457 ], [ -13133575.158455565571785, 4057888.99951548082754 ], [ -13133563.024674817919731, 4057881.730069411918521 ], [ -13133560.020505625754595, 4057882.090306027792394 ], [ -13133549.555021105334163, 4057883.345493939705193 ], [ -13133546.64681844599545, 4057885.983131228946149 ], [ -13133543.766284020617604, 4057888.59565148036927 ], [ -13133540.204184770584106, 4057897.34600250935182 ], [ -13133538.189360097050667, 4057901.152910103090107 ], [ -13133536.641985444352031, 4057904.076867223717272 ], [ -13133524.174188893288374, 4057904.884662077296525 ], [ -13133508.14414993673563, 4057901.38454541284591 ], [ -13133498.570658590644598, 4057894.115160761401057 ], [ -13133494.674424758180976, 4057873.652994300704449 ], [ -13133486.499195607379079, 4057863.241556179709733 ], [ -13133482.095455216243863, 4057857.633335161022842 ], [ -13133458.718372501432896, 4057854.940945715643466 ], [ -13133440.573160918429494, 4057866.787305342033505 ], [ -13133423.095991622656584, 4057880.922455883119255 ], [ -13133400.498242972418666, 4057877.422303226776421 ], [ -13133382.130514189600945, 4057883.480113235767931 ], [ -13133377.551882639527321, 4057899.537134846206754 ], [ -13133374.338140372186899, 4057910.807874819263816 ], [ -13133376.284053161740303, 4057926.225372411310673 ], [ -13133377.566375657916069, 4057936.385746645741165 ], [ -13133375.673974705860019, 4057966.540591439697891 ], [ -13133370.553282247856259, 4057972.463923949282616 ], [ -13133358.61048099771142, 4057976.497393693309277 ], [ -13133345.840321006253362, 4057980.810422383248806 ], [ -13133323.23040135204792, 4057986.040436076465994 ], [ -13133299.865374092012644, 4057991.445372715126723 ], [ -13133292.852288920432329, 4057996.830264837946743 ], [ -13133283.360758103430271, 4058004.192134702578187 ], [ -13133276.710976, 4058009.349906636867672 ], [ -13133260.792290708050132, 4058027.927641893737018 ], [ -13133260.412573803216219, 4058038.021248453762382 ], [ -13133260.903632463887334, 4058042.601312449667603 ], [ -13133263.154146548360586, 4058049.965881844982505 ], [ -13133264.6884142216295, 4058054.986492035910487 ], [ -13133272.146889904513955, 4058068.987131242640316 ], [ -13133273.380256650969386, 4058073.322210699319839 ], [ -13133275.709013197571039, 4058081.506881767883897 ], [ -13133275.263697385787964, 4058093.892149462830275 ], [ -13133269.586470702663064, 4058106.411977033130825 ], [ -13133262.145982805639505, 4058111.863319648895413 ], [ -13133254.335752449929714, 4058117.585588925983757 ], [ -13133242.491335364058614, 4058122.725258680526167 ], [ -13133235.411478091031313, 4058125.797531768679619 ], [ -13133227.227103481069207, 4058123.166564785409719 ], [ -13133217.823008008301258, 4058120.143429769203067 ], [ -13133208.917397869750857, 4058107.758111076429486 ], [ -13133201.236313931643963, 4058103.584924798458815 ], [ -13133192.77598643489182, 4058099.007775404956192 ], [ -13133180.071321265771985, 4058098.571874675806612 ], [ -13133161.383998120203614, 4058097.930702765937895 ], [ -13133123.423928640782833, 4058103.450196230318397 ], [ -13133106.286584913730621, 4058104.363622188568115 ], [ -13133090.584710139781237, 4058105.200290996115655 ], [ -13133069.653912086039782, 4058109.391712781973183 ], [ -13133056.298313319683075, 4058112.066124607343227 ], [ -13133018.6453278940171, 4058107.603115413803607 ], [ -13133000.74991724640131, 4058111.931432986166328 ], [ -13132971.823143031448126, 4058120.808614800684154 ], [ -13132948.98641892708838, 4058127.816861745435745 ], [ -13132925.609267417341471, 4058123.643473166506737 ], [ -13132898.886026117950678, 4058134.708162758499384 ], [ -13132892.770020084455609, 4058137.240384202450514 ], [ -13132866.498525412753224, 4058146.933198656886816 ], [ -13132841.006400868296623, 4058158.241546315141022 ], [ -13132829.429263329133391, 4058161.337781080510467 ], [ -13132803.985604735091329, 4058167.603776874020696 ], [ -13132798.81642940826714, 4058168.876658438704908 ], [ -13132793.807007795199752, 4058180.723522274754941 ], [ -13132790.356176272034645, 4058201.320865855552256 ], [ -13132788.756286095827818, 4058205.523989967536181 ], [ -13132783.899546733126044, 4058218.283364969771355 ], [ -13132777.443087732419372, 4058225.687613552436233 ], [ -13132759.793251780793071, 4058225.835404720157385 ], [ -13132745.271687211468816, 4058225.956812131218612 ], [ -13132722.673789616674185, 4058229.861000341363251 ], [ -13132719.432229382917285, 4058232.95184100465849 ], [ -13132711.096607992425561, 4058240.900132632814348 ], [ -13132705.307978106662631, 4058257.189477956853807 ], [ -13132693.200526867061853, 4058268.625954481773078 ], [ -13132686.494912361726165, 4058274.959895906038582 ], [ -13132653.76704384945333, 4058289.903132523410022 ], [ -13132647.830034544691443, 4058290.308453232049942 ], [ -13132642.926006998866796, 4058290.540377045515925 ], [ -13132639.792609680444002, 4058290.688556130509824 ], [ -13132631.514655681326985, 4058283.080159329343587 ], [ -13132628.831512533128262, 4058280.614198386203498 ], [ -13132620.700214836746454, 4058261.625203337986022 ], [ -13132619.146615980193019, 4058257.99722063401714 ], [ -13132616.809084558859468, 4058236.72682240838185 ], [ -13132622.486315919086337, 4058224.879921481478959 ], [ -13132623.964783249422908, 4058220.50383244920522 ], [ -13132626.716412262991071, 4058212.359893525950611 ], [ -13132623.710795363411307, 4058202.128680923487991 ], [ -13132618.478795658797026, 4058192.704920873511583 ], [ -13132608.905268913134933, 4058185.435312943998724 ], [ -13132602.203251473605633, 4058186.177792643662542 ], [ -13132594.322453798726201, 4058187.050773013848811 ], [ -13132576.84534539654851, 4058192.301065322011709 ], [ -13132560.036033937707543, 4058188.127754805143923 ], [ -13132545.34196668304503, 4058182.339022571686655 ], [ -13132535.100431712344289, 4058175.877106002066284 ], [ -13132521.853519616648555, 4058164.299577995203435 ], [ -13132515.17424719966948, 4058162.818698113784194 ], [ -13132505.044183334335685, 4058165.107316775247455 ], [ -13132495.582184690982103, 4058172.51159691857174 ], [ -13132487.678378280252218, 4058185.839259713422507 ], [ -13132483.09239786490798, 4058188.910698542371392 ], [ -13132475.617532949894667, 4058193.917343100532889 ], [ -13132448.271320397034287, 4058197.28205406665802 ], [ -13132430.682740883901715, 4058202.532453344669193 ], [ -13132423.224359158426523, 4058199.787248741369694 ], [ -13132415.320722956210375, 4058196.87830601260066 ], [ -13132406.111413547769189, 4058188.893050201702863 ], [ -13132399.132304640486836, 4058182.841703168582171 ], [ -13132391.794031633064151, 4058176.393015426117927 ], [ -13132379.891559652984142, 4058165.8973354306072 ], [ -13132377.445436961948872, 4058163.740409048274159 ], [ -13132373.820860648527741, 4058156.943413805216551 ], [ -13132364.701420465484262, 4058135.37025764817372 ], [ -13132353.760956272482872, 4058102.777052170597017 ], [ -13132352.365343371406198, 4058100.025998253375292 ], [ -13132340.401543144136667, 4058076.443960756529123 ], [ -13132330.940458547323942, 4058074.237347426824272 ], [ -13132325.7498316206038, 4058078.11692421277985 ], [ -13132317.459273027256131, 4058084.313641842920333 ], [ -13132314.910477250814438, 4058086.21867183689028 ], [ -13132300.06490595266223, 4058095.297278746962547 ], [ -13132295.3182861674577, 4058098.199989638291299 ], [ -13132284.520380830392241, 4058113.681509151123464 ], [ -13132267.711120689287782, 4058111.662152383010834 ], [ -13132254.55053641833365, 4058115.582334511913359 ], [ -13132245.113263390958309, 4058118.393280733376741 ], [ -13132213.83237393386662, 4058131.990123684052378 ], [ -13132183.998809289187193, 4058149.894884719979018 ], [ -13132171.513392867520452, 4058147.156431664712727 ], [ -13132161.289622480049729, 4058144.913858504965901 ], [ -13132154.149278424680233, 4058144.966566254850477 ], [ -13132143.796359395608306, 4058145.042881379835308 ], [ -13132138.362266167998314, 4058144.531891960650682 ], [ -13132124.776865458115935, 4058143.029151105321944 ], [ -13132124.205462623387575, 4058122.441508672665805 ], [ -13132121.678539458662271, 4058101.050076546147466 ], [ -13132113.199616039171815, 4058090.257327910047024 ], [ -13132101.511086205020547, 4058077.872201256453991 ], [ -13132097.88024827837944, 4058068.602587003726512 ], [ -13132095.499728392809629, 4058062.52529306570068 ], [ -13132082.920683929696679, 4058041.389700325205922 ], [ -13132079.025662703439593, 4058029.878168763592839 ], [ -13132062.961681209504604, 4057982.40231344755739 ], [ -13132061.102174719795585, 4057976.906321528367698 ], [ -13132058.436502832919359, 4057965.126063704025 ], [ -13132054.979473929852247, 4057949.847720927558839 ], [ -13132049.585440026596189, 4057941.978645314928144 ], [ -13132040.953262841328979, 4057929.385386854875833 ], [ -13132032.040488962084055, 4057924.878153782803565 ], [ -13132022.585508788004518, 4057920.096696732565761 ], [ -13132005.170026857405901, 4057916.563977749086916 ], [ -13131988.076485119760036, 4057913.096390936523676 ], [ -13131977.72378784045577, 4057907.307768012862653 ], [ -13131963.808903254568577, 4057895.595884175505489 ], [ -13131941.878839557990432, 4057898.826729373540729 ], [ -13131928.631966538727283, 4057895.32673644926399 ], [ -13131891.339920535683632, 4057892.634337398223579 ], [ -13131862.842044729739428, 4057885.634015542455018 ], [ -13131848.432568319141865, 4057888.478777974378318 ], [ -13131838.298472348600626, 4057891.223909950815141 ], [ -13131833.197059869766235, 4057893.278524084016681 ], [ -13131829.101648529991508, 4057895.20459781261161 ], [ -13131822.767135916277766, 4057896.268937604036182 ], [ -13131816.199228517711163, 4057896.26895496994257 ], [ -13131809.519969902932644, 4057891.288046841043979 ], [ -13131807.240548260509968, 4057887.911280854605138 ], [ -13131805.067262629047036, 4057884.691718223504722 ], [ -13131787.367516249418259, 4057861.402560347225517 ], [ -13131773.229896610602736, 4057836.498123836237937 ], [ -13131760.650829438120127, 4057816.843698950950056 ], [ -13131748.070131883025169, 4057816.381704137660563 ], [ -13131735.811640353873372, 4057821.01413368107751 ], [ -13131719.321388255804777, 4057835.631629251874983 ], [ -13131716.233161827549338, 4057838.518963765352964 ], [ -13131703.989168774336576, 4057855.614028502255678 ], [ -13131669.146160252392292, 4057882.268633153755218 ], [ -13131647.309491382911801, 4057900.046779581345618 ], [ -13131638.943671125918627, 4057905.568206718191504 ], [ -13131634.408097622916102, 4057906.226285023149103 ], [ -13131624.173153763636947, 4057907.711676821112633 ], [ -13131611.898219456896186, 4057909.972796047572047 ], [ -13131607.36378620006144, 4057910.807812369894236 ], [ -13131595.78663151524961, 4057926.289214587770402 ], [ -13131584.877336667850614, 4057938.943332380149513 ], [ -13131573.695189401507378, 4057944.479587142821401 ], [ -13131568.290611758828163, 4057947.155361720360816 ], [ -13131551.592758936807513, 4057963.44424537057057 ], [ -13131519.087476532906294, 4058012.98476727027446 ], [ -13131513.020304352045059, 4058022.893631929997355 ], [ -13131508.78690093010664, 4058029.807659974321723 ], [ -13131499.720946084707975, 4058032.112971749622375 ], [ -13131495.153730908408761, 4058032.908616758882999 ], [ -13131483.465303597971797, 4058031.562385395634919 ], [ -13131462.203248461708426, 4058025.235202440060675 ], [ -13131454.999093066900969, 4058020.747052434831858 ], [ -13131441.74388244189322, 4058012.489300522487611 ], [ -13131421.50188909843564, 4057998.81052832538262 ], [ -13131418.788640819489956, 4057996.964863618370146 ], [ -13131408.43587607704103, 4057982.425768079701811 ], [ -13131407.10132603533566, 4057965.625745147000998 ], [ -13131405.986919416114688, 4057951.597789814230055 ], [ -13131400.901512900367379, 4057948.16522653773427 ], [ -13131396.413468478247523, 4057945.136064485181123 ], [ -13131385.651573993265629, 4057942.955599192529917 ], [ -13131375.15145274810493, 4057940.828140325844288 ], [ -13131357.006295155733824, 4057948.366893667727709 ], [ -13131349.10332553461194, 4057948.025567050557584 ], [ -13131345.138129502534866, 4057947.854228782001883 ], [ -13131333.629177931696177, 4057947.828483753837645 ], [ -13131325.87441162019968, 4057948.491487216204405 ], [ -13131322.608636287972331, 4057948.77067666919902 ], [ -13131317.976124208420515, 4057949.776905729435384 ], [ -13131292.244481984525919, 4057955.366010660305619 ], [ -13131279.109891813248396, 4057958.218932748772204 ], [ -13131275.708974501118064, 4057959.609630496706814 ], [ -13131271.400022991001606, 4057963.257221198175102 ], [ -13131262.24687559902668, 4057971.005483915098011 ], [ -13131241.23403007350862, 4057997.907253351993859 ], [ -13131218.190919188782573, 4058025.369785928167403 ], [ -13131213.336234785616398, 4058030.525480381213129 ], [ -13131201.759326672181487, 4058042.82080040872097 ], [ -13131184.751577645540237, 4058051.473690750077367 ], [ -13131181.195923235267401, 4058053.319428178481758 ], [ -13131162.976456431671977, 4058064.006128284148872 ], [ -13131149.326207106932998, 4058071.356275814119726 ], [ -13131145.317615956068039, 4058073.829400972463191 ], [ -13131131.02760661393404, 4058083.391644317191094 ], [ -13131116.444952692836523, 4058086.487879004795104 ], [ -13131112.560603888705373, 4058084.957679483573884 ], [ -13131101.750673709437251, 4058080.699235652107745 ], [ -13131081.156628582626581, 4058066.294701455626637 ], [ -13131072.023984905332327, 4058062.453093159012496 ], [ -13131065.794479185715318, 4058059.83277298649773 ], [ -13131056.22103526070714, 4058059.159698059782386 ], [ -13131049.541945073753595, 4058060.775196806527674 ], [ -13131031.748185260221362, 4058071.477401878684759 ], [ -13131028.214054364711046, 4058073.781742995139211 ], [ -13131019.068890696391463, 4058084.947661782614887 ], [ -13131016.925375014543533, 4058087.564860307145864 ], [ -13131008.353758860379457, 4058107.48890419723466 ], [ -13130993.993508147075772, 4058134.682547297328711 ], [ -13130978.186095368117094, 4058162.818762368522584 ], [ -13130963.825864803045988, 4058182.742875816300511 ], [ -13130951.482159432023764, 4058193.772161758504808 ], [ -13130947.238310119137168, 4058197.564278098288924 ], [ -13130928.203628193587065, 4058201.455412997398525 ], [ -13130896.940764592960477, 4058201.674998524598777 ], [ -13130882.896534886211157, 4058200.378438879735768 ], [ -13130873.323112666606903, 4058203.340136420447379 ], [ -13130859.519559483975172, 4058208.725142971612513 ], [ -13130847.830996362492442, 4058202.128619279246777 ], [ -13130843.121707681566477, 4058200.142825005110353 ], [ -13130833.049068085849285, 4058195.895321687217802 ], [ -13130827.156837493181229, 4058195.523425959516317 ], [ -13130818.219362596049905, 4058196.785367836710066 ], [ -13130811.71333859488368, 4058197.704052447341383 ], [ -13130776.252508122473955, 4058210.205971121788025 ], [ -13130768.035089105367661, 4058212.193481798283756 ], [ -13130757.328226970508695, 4058214.783076297026128 ], [ -13130726.047451060265303, 4058229.726309743709862 ], [ -13130707.011836726218462, 4058231.34180625109002 ], [ -13130700.421769846230745, 4058236.719665782526135 ], [ -13130696.162632362917066, 4058240.704789343755692 ], [ -13130693.206735976040363, 4058243.470514214131981 ], [ -13130692.540247485041618, 4058249.112097502686083 ], [ -13130692.310964290052652, 4058271.85517319617793 ], [ -13130692.217179175466299, 4058281.155050857923925 ], [ -13130690.907139012590051, 4058287.041526339482516 ], [ -13130688.644114177674055, 4058295.422777973581105 ], [ -13130679.515949662774801, 4058300.099098791368306 ], [ -13130672.614114515483379, 4058303.634710725396872 ], [ -13130658.031289830803871, 4058306.731255024205893 ], [ -13130630.473381778225303, 4058324.157034419942647 ], [ -13130624.451263602823019, 4058327.965253357309848 ], [ -13130619.224929172545671, 4058328.829196777194738 ], [ -13130603.373369086533785, 4058330.694423313252628 ], [ -13130588.011286817491055, 4058328.674975660163909 ], [ -13130568.085055330768228, 4058313.462386625818908 ], [ -13130551.943731725215912, 4058302.557788253761828 ], [ -13130539.258798381313682, 4058304.386515700258315 ], [ -13130535.668532963842154, 4058304.904063680674881 ], [ -13130531.937223300337791, 4058307.122517593204975 ], [ -13130522.166494408622384, 4058313.666877523064613 ], [ -13130509.865007843822241, 4058333.790672039147466 ], [ -13130490.272839134559035, 4058352.368972450960428 ], [ -13130472.906942242756486, 4058370.139391646720469 ], [ -13130464.237101335078478, 4058374.053707756102085 ], [ -13130458.132755344733596, 4058376.809911872260273 ], [ -13130436.505358658730984, 4058377.813140712678432 ], [ -13130418.917026499286294, 4058373.505083994939923 ], [ -13130381.513570949435234, 4058358.561733794864267 ], [ -13130356.577935883775353, 4058352.099667710717767 ], [ -13130326.744400404393673, 4058365.562200617510825 ], [ -13130322.186690907925367, 4058364.718552031554282 ], [ -13130316.427372669801116, 4058363.652337690349668 ], [ -13130313.591366710141301, 4058362.532190596684813 ], [ -13130310.825975487008691, 4058361.286824692040682 ], [ -13130304.680516432970762, 4058358.518951757345349 ], [ -13130299.693757461383939, 4058356.273037242237478 ], [ -13130284.562000783160329, 4058348.907117786817253 ], [ -13130261.688118569552898, 4058362.370184544008225 ], [ -13130244.067214438691735, 4058379.308033871464431 ], [ -13130227.850295774638653, 4058389.134594300761819 ], [ -13130194.730095963925123, 4058382.523816497996449 ], [ -13130165.481074975803494, 4058377.95750464964658 ], [ -13130132.107926560565829, 4058383.129507520236075 ], [ -13130097.231822976842523, 4058397.796076379716396 ], [ -13130049.220059664919972, 4058428.314000626560301 ], [ -13130043.006848115473986, 4058432.276103773154318 ], [ -13130038.141060259193182, 4058435.03077904926613 ], [ -13129989.527525376528502, 4058462.545554244890809 ], [ -13129953.858801636844873, 4058483.387761634774506 ], [ -13129946.833797041326761, 4058485.903895641677082 ], [ -13129912.456102766096592, 4058498.203074713703245 ], [ -13129873.344670042395592, 4058497.352631659246981 ], [ -13129836.142617497593164, 4058498.509182345122099 ], [ -13129793.07984646037221, 4058499.539068681187928 ], [ -13129757.495358180254698, 4058516.445086294785142 ], [ -13129718.745401438325644, 4058567.711886293254793 ], [ -13129714.392786752432585, 4058573.468108347151428 ], [ -13129708.465253740549088, 4058577.373184871859848 ], [ -13129694.479588994756341, 4058586.589237782172859 ], [ -13129682.636215083301067, 4058594.389916266780347 ], [ -13129651.261268116533756, 4058597.63391925022006 ], [ -13129620.097600309178233, 4058591.063397203572094 ], [ -13129581.311948081478477, 4058579.996425085235387 ], [ -13129575.370503364130855, 4058578.300277684815228 ], [ -13129526.692700510844588, 4058567.417507382109761 ], [ -13129487.198818320408463, 4058584.23794166604057 ], [ -13129443.622277332469821, 4058608.833556122146547 ], [ -13129423.336674690246582, 4058608.391395644750446 ], [ -13129401.441601937636733, 4058607.91442557470873 ], [ -13129363.020794557407498, 4058626.724000107496977 ], [ -13129330.069951659068465, 4058658.40394584229216 ], [ -13129288.873774932697415, 4058707.62810391979292 ], [ -13129255.121952563524246, 4058730.470333215314895 ], [ -13129231.687775643542409, 4058744.132528880145401 ], [ -13129198.23149973154068, 4058752.120735431555659 ], [ -13129188.074531838297844, 4058754.553302054759115 ], [ -13129134.844749882817268, 4058749.821041264105588 ], [ -13129129.490823276340961, 4058749.344044755212963 ], [ -13129110.194208594039083, 4058748.922889525536448 ], [ -13129049.304187055677176, 4058747.594439740292728 ], [ -13129044.18479436263442, 4058747.482874281238765 ], [ -13129010.191589819267392, 4058746.740825402084738 ], [ -13128945.441345857456326, 4058755.151230422314256 ], [ -13128907.944671921432018, 4058770.048917182721198 ], [ -13128880.268556486815214, 4058783.199644498061389 ], [ -13128838.981347244232893, 4058792.120944897644222 ], [ -13128789.835542785003781, 4058802.832216127775609 ], [ -13128752.89125308021903, 4058811.258154268376529 ], [ -13128742.64587658084929, 4058813.596207915339619 ], [ -13128703.613687194883823, 4058808.811976945959032 ], [ -13128684.719681827351451, 4058796.366851723752916 ], [ -13128672.752893451601267, 4058788.489104428794235 ], [ -13128667.121505685150623, 4058762.438533458858728 ], [ -13128662.083199225366116, 4058739.137726989109069 ], [ -13128647.431100755929947, 4058723.770338891539723 ], [ -13128642.341169657185674, 4058718.514721884857863 ], [ -13128614.171853775158525, 4058692.89917816594243 ], [ -13128573.358768714591861, 4058680.217306445818394 ], [ -13128518.726622110232711, 4058673.131109362002462 ], [ -13128493.581265240907669, 4058677.967682677321136 ], [ -13128463.710332091897726, 4058683.716398539021611 ], [ -13128421.164415111765265, 4058704.524632881395519 ], [ -13128401.203570276498795, 4058714.2875035260804 ], [ -13128394.497257128357887, 4058717.56465201638639 ], [ -13128371.032521003857255, 4058717.051244776230305 ], [ -13128362.894262610003352, 4058714.631182639859617 ], [ -13128328.257484355941415, 4058704.326375490985811 ], [ -13128285.920406190678477, 4058671.962560840882361 ], [ -13128243.490836333483458, 4058643.529477539472282 ], [ -13128218.186422616243362, 4058640.760406284593046 ], [ -13128208.088120983913541, 4058639.655569203663617 ], [ -13128198.600253246724606, 4058638.619102315045893 ], [ -13128136.014117851853371, 4058637.247996903955936 ], [ -13128084.745622353628278, 4058655.77163543459028 ], [ -13128058.060276880860329, 4058677.74351289588958 ], [ -13128051.841089364141226, 4058682.86114295758307 ], [ -13128042.908064913004637, 4058690.218163792975247 ], [ -13127982.23307622782886, 4058781.232807129155844 ], [ -13127947.694207357242703, 4058816.085311179049313 ], [ -13127942.212920123711228, 4058821.615519251208752 ], [ -13127883.279249576851726, 4058868.783980537205935 ], [ -13127862.063959205523133, 4058891.66254261136055 ], [ -13127852.415742868557572, 4058902.168101096060127 ], [ -13127806.753306386992335, 4058932.603152487426996 ], [ -13127767.341222094371915, 4058945.489064131863415 ], [ -13127732.007820157334208, 4058950.610258300788701 ], [ -13127681.416655894368887, 4058937.71076496783644 ], [ -13127646.979022083804011, 4058930.638172463979572 ], [ -13127638.561298336833715, 4058928.91183934500441 ], [ -13127624.701880246400833, 4058928.607586887199432 ], [ -13127587.713674891740084, 4058927.795291427057236 ], [ -13127562.11672679707408, 4058935.091264486312866 ], [ -13127484.98716914281249, 4058906.367782592307776 ], [ -13127461.195462845265865, 4058897.510268691461533 ], [ -13127390.915406374260783, 4058890.073281394783407 ], [ -13127383.18118429929018, 4058891.493777712341398 ], [ -13127331.788851430639625, 4058900.947119273710996 ], [ -13127324.11865665577352, 4058902.355729363393039 ], [ -13127256.904686387628317, 4058934.27625388931483 ], [ -13127169.346681429073215, 4058971.461444763466716 ], [ -13127160.131055861711502, 4058975.379048115108162 ], [ -13127144.569556409493089, 4058978.813068481627852 ], [ -13127014.636013073846698, 4059007.545584015548229 ], [ -13126961.193114405497909, 4059025.896313306409866 ], [ -13126956.075184786692262, 4059027.649574307259172 ], [ -13126896.347798924893141, 4059048.163470833562315 ], [ -13126889.758766539394855, 4059052.211732914671302 ], [ -13126869.647853899747133, 4059064.581505990587175 ], [ -13126840.818318706005812, 4059082.309763858094811 ], [ -13126811.643965041264892, 4059097.323721118271351 ], [ -13126767.592082258313894, 4059119.992094403132796 ], [ -13126708.278074979782104, 4059148.156358894892037 ], [ -13126588.001646302640438, 4059217.013350869528949 ], [ -13126512.167810784652829, 4059257.793408730067313 ], [ -13126450.852099392563105, 4059287.878358138725162 ], [ -13126426.300233036279678, 4059328.904108319897205 ], [ -13126418.356078879907727, 4059342.178906747605652 ], [ -13126407.846345974132419, 4059375.346622982993722 ], [ -13126385.98810906521976, 4059390.586138365324587 ], [ -13126364.861457839608192, 4059372.436776185873896 ], [ -13126349.976807275786996, 4059358.939892796333879 ], [ -13126322.649874366819859, 4059334.168557401746511 ], [ -13126301.813143508508801, 4059328.758975081611425 ], [ -13126289.578317057341337, 4059325.580653640907258 ], [ -13126217.210023710504174, 4059323.982251367531717 ], [ -13126176.18677669018507, 4059321.110137211158872 ], [ -13126161.979777183383703, 4059319.113556385040283 ], [ -13126143.023466739803553, 4059316.450640534050763 ], [ -13126109.558605093508959, 4059325.535365616902709 ], [ -13126026.814091766253114, 4059351.208430885337293 ], [ -13125997.6800776142627, 4059360.670820822473615 ], [ -13125981.489888535812497, 4059365.927481756079942 ], [ -13125952.105872517451644, 4059367.243530553765595 ], [ -13125922.680636446923018, 4059361.350988388527185 ], [ -13125918.990624979138374, 4059360.618380116298795 ], [ -13125868.481186142191291, 4059343.779393460601568 ], [ -13125748.177795326337218, 4059297.893893342930824 ], [ -13125707.058483149856329, 4059298.944750040769577 ], [ -13125689.636044528335333, 4059290.700605745892972 ], [ -13125649.5088528431952, 4059246.584105815272778 ], [ -13125609.215074213221669, 4059210.327413803432137 ], [ -13125588.305337026715279, 4059182.351920817513019 ], [ -13125561.789380414411426, 4059142.469365312717855 ], [ -13125544.789056284353137, 4059114.586363405920565 ], [ -13125521.971190705895424, 4059084.608109415508807 ], [ -13125496.587334834039211, 4059082.080768153537065 ], [ -13125472.112932818010449, 4059073.276381013449281 ], [ -13125449.997756386175752, 4059065.326785837300122 ], [ -13125359.862963700667024, 4059071.187018952332437 ], [ -13125309.058540012687445, 4059068.09962658630684 ], [ -13125287.540059873834252, 4059067.622427233494818 ], [ -13125262.425429631024599, 4059053.309431668836623 ], [ -13125241.480154814198613, 4059038.280068948399276 ], [ -13125220.041719844564795, 4059022.897140741348267 ], [ -13125165.415583379566669, 4059015.792708932887763 ], [ -13125090.772352447733283, 4059002.556978342588991 ], [ -13125064.06500156223774, 4058997.82189526502043 ], [ -13124995.87269994802773, 4058984.518639970105141 ], [ -13124947.846036858856678, 4058944.156674433033913 ], [ -13124943.018646543845534, 4058939.968464938923717 ], [ -13124871.048999536782503, 4058877.610305799171329 ], [ -13124835.431851228699088, 4058851.27362706232816 ], [ -13124826.791312392801046, 4058851.081677723675966 ], [ -13124796.319337595254183, 4058850.404357981868088 ], [ -13124772.75884922966361, 4058853.812264449428767 ], [ -13124741.470888312906027, 4058853.117001538630575 ], [ -13124714.088625274598598, 4058852.508038174826652 ], [ -13124681.274882460013032, 4058840.708673490677029 ], [ -13124667.505992608144879, 4058835.755981657654047 ], [ -13124656.08929717540741, 4058829.699893631972373 ], [ -13124640.42714286595583, 4058821.398540674708784 ], [ -13124616.822657473385334, 4058771.660819462034851 ], [ -13124568.99067491851747, 4058767.339575353544205 ], [ -13124555.227787969633937, 4058772.801312705967575 ], [ -13124536.034827539697289, 4058780.419127809349447 ], [ -13124515.035682994872332, 4058797.215531185735017 ], [ -13124492.262584995478392, 4058805.225247255526483 ], [ -13124487.315222326666117, 4058806.960640770383179 ], [ -13124445.422449748963118, 4058835.376480639912188 ], [ -13124377.31943616271019, 4058859.752752630971372 ], [ -13124335.540515260770917, 4058882.997035145293921 ], [ -13124264.515545599162579, 4058907.307958835270256 ], [ -13124260.027523888275027, 4058909.922490112949163 ], [ -13124224.459644362330437, 4058930.590953540988266 ], [ -13124198.144900288432837, 4058954.175345669034868 ], [ -13124156.064266944304109, 4058991.214597536250949 ], [ -13124086.490866485983133, 4059027.652648731600493 ], [ -13124029.284488381817937, 4059048.819065931718796 ], [ -13124012.048441223800182, 4059048.434678892605007 ], [ -13124005.221220636740327, 4059048.282589343376458 ], [ -13123994.225060744211078, 4059047.152679422870278 ], [ -13123962.337387332692742, 4059043.87037064274773 ], [ -13123904.255842108279467, 4059027.039235247299075 ], [ -13123840.710253704339266, 4059023.893300781957805 ], [ -13123775.410429315641522, 4059022.43576880171895 ], [ -13123704.684795318171382, 4059032.946095373947173 ], [ -13123651.873204179108143, 4059011.048381938133389 ], [ -13123609.840137094259262, 4058992.555214418563992 ], [ -13123593.984151616692543, 4058985.579663045238703 ], [ -13123532.158206781372428, 4058982.475601484533399 ], [ -13123494.161003010347486, 4058990.256058504804969 ], [ -13123421.867654841393232, 4058993.82332119345665 ], [ -13123322.010690271854401, 4059000.219851200003177 ], [ -13123292.792832618579268, 4058999.566627152729779 ], [ -13123256.319627407938242, 4058998.750711791682988 ], [ -13123249.832785645499825, 4058998.605458526872098 ], [ -13123229.328716944903135, 4058992.971939769107848 ], [ -13123184.916907299309969, 4058979.888840328902006 ], [ -13123152.653173942118883, 4058961.898967062588781 ], [ -13123122.175540212541819, 4058940.506723655387759 ], [ -13123094.503418922424316, 4058920.726918848697096 ], [ -13123074.78931106813252, 4058906.635942423250526 ], [ -13123059.151616208255291, 4058900.194219631608576 ], [ -13123030.491856371983886, 4058888.386036570649594 ], [ -13122998.549031835049391, 4058877.460444032214582 ], [ -13122977.183508347719908, 4058888.914905404672027 ], [ -13122943.957551352679729, 4058914.062945737037808 ], [ -13122872.46402782574296, 4058959.07825189223513 ], [ -13122833.690898595377803, 4058979.852039118297398 ], [ -13122816.789233816787601, 4058988.908219791948795 ], [ -13122773.559000859037042, 4059000.023942003957927 ], [ -13122719.938880894333124, 4059014.363399333320558 ], [ -13122629.813872190192342, 4059046.86864978261292 ], [ -13122582.914877209812403, 4059068.263221929781139 ], [ -13122563.286283874884248, 4059100.628407851792872 ], [ -13122524.975336585193872, 4059122.211266458965838 ], [ -13122495.877227308228612, 4059116.375240980181843 ], [ -13122473.616423277184367, 4059112.429695073980838 ], [ -13122427.33580762334168, 4059106.206884224433452 ], [ -13122399.91546118631959, 4059102.135488828644156 ], [ -13122365.432455334812403, 4059106.545138026587665 ], [ -13122316.581142799928784, 4059138.253038618247956 ], [ -13122257.425287121906877, 4059169.72371230693534 ], [ -13122225.069559, 4059175.737702100072056 ], [ -13122144.12615829706192, 4059129.594579223077744 ], [ -13122050.295900156721473, 4059095.825742087792605 ], [ -13121953.032466877251863, 4059074.642819377128035 ], [ -13121880.555503778159618, 4059073.012134240474552 ], [ -13121817.602307166904211, 4059068.42969405464828 ], [ -13121757.589041497558355, 4059073.410051521845162 ], [ -13121713.472029238939285, 4059072.416499168146402 ], [ -13121647.933687480166554, 4059042.447441953234375 ], [ -13121610.832281561568379, 4059030.18894222099334 ], [ -13121611.408295916393399, 4058825.293830815702677 ], [ -13119655.976453384384513, 4058823.854890187270939 ], [ -13119156.275411628186703, 4058823.456789006944746 ], [ -13119143.585537813603878, 4058823.446428840979934 ], [ -13119144.490125564858317, 4058819.405788817442954 ], [ -13119151.057910177856684, 4058793.435679500456899 ], [ -13119170.772642089053988, 4058707.582239094655961 ], [ -13119177.039862517267466, 4058686.687951108906418 ], [ -13119184.353501630946994, 4058672.659443376585841 ], [ -13119195.107016207650304, 4058658.765792793128639 ], [ -13119208.242788478732109, 4058645.329970964696258 ], [ -13119226.599362602457404, 4058633.832652279641479 ], [ -13119245.85762226395309, 4058626.818533394020051 ], [ -13119264.670528711751103, 4058624.435628820676357 ], [ -13119284.674780355766416, 4058624.287563256919384 ], [ -13119305.881051180884242, 4058625.027971472591162 ], [ -13119472.637705497443676, 4058639.217774840071797 ], [ -13119484.426375783979893, 4058639.36602564714849 ], [ -13119496.671622186899185, 4058637.575408957898617 ], [ -13119508.460283013060689, 4058634.290394690353423 ], [ -13119518.167294073849916, 4058630.251661486923695 ], [ -13119531.458903502672911, 4058622.496996216941625 ], [ -13119542.201262082904577, 4058613.678928726818413 ], [ -13119551.0176553260535, 4058604.133842825889587 ], [ -13119559.823121892288327, 4058591.586383278481662 ], [ -13119565.823158510029316, 4058579.362204757053405 ], [ -13119568.784312959760427, 4058566.653370653744787 ], [ -13119571.010650008916855, 4058553.621489306446165 ], [ -13119571.84565394744277, 4058544.318784033879638 ], [ -13119568.183237133547664, 4058490.06408077199012 ], [ -13119568.183188933879137, 4058476.628420946653932 ], [ -13119565.344534236937761, 4058396.014447176363319 ], [ -13119566.090415567159653, 4058378.095883746165782 ], [ -13119568.027326505631208, 4058366.612222881987691 ], [ -13119571.912347570061684, 4058353.176752761472017 ], [ -13119580.272497098892927, 4058336.604332014918327 ], [ -13119595.501005666330457, 4058309.571791724767536 ], [ -13119605.208087192848325, 4058286.281827888451517 ], [ -13119608.792488077655435, 4058272.994317111093551 ], [ -13119609.983591156080365, 4058258.37426693411544 ], [ -13119607.890874454751611, 4058237.467150236014277 ], [ -13119602.814700217917562, 4058217.017926269210875 ], [ -13119583.556491984054446, 4058163.720699700061232 ], [ -13119575.797455683350563, 4058133.417138170916587 ], [ -13119573.40401460789144, 4058111.918029007036239 ], [ -13119573.259351257234812, 4058093.851650359574705 ], [ -13119575.196288356557488, 4058075.489269371610135 ], [ -13119578.780808908864856, 4058060.411753017921001 ], [ -13119584.157486211508512, 4058045.186113134492189 ], [ -13119593.408163949847221, 4058027.564156522043049 ], [ -13119604.306405218318105, 4058010.103831513319165 ], [ -13119615.360282376408577, 4057996.816632718313485 ], [ -13119631.479479227215052, 4057982.775791072286665 ], [ -13119649.840934934094548, 4057968.9985018116422 ], [ -13119669.10536870919168, 4057958.449941557832062 ], [ -13119690.601226389408112, 4057950.089972243178636 ], [ -13119711.79652233608067, 4057945.014865835662931 ], [ -13119734.494519755244255, 4057944.705178304109722 ], [ -13119757.181443110108376, 4057946.495636994484812 ], [ -13119847.806614292785525, 4057955.609468990471214 ], [ -13119888.705484267324209, 4057957.547902540769428 ], [ -13120017.546515747904778, 4057952.324614320416003 ], [ -13120035.758509784936905, 4057950.238018236588687 ], [ -13120054.87192720733583, 4057944.705186004750431 ], [ -13120071.892714640125632, 4057936.641372044105083 ], [ -13120086.820707892999053, 4057925.898769765626639 ], [ -13120102.939798658713698, 4057911.871412637643516 ], [ -13120119.359366219490767, 4057891.86694350047037 ], [ -13120162.061563855037093, 4057829.753737455699593 ], [ -13120244.170774066820741, 4057711.518795306328684 ], [ -13120267.759348228573799, 4057680.758674486074597 ], [ -13120281.38488863222301, 4057667.296970712486655 ], [ -13120296.724660363048315, 4057657.766097331419587 ], [ -13120312.543179931119084, 4057649.716113263275474 ], [ -13120332.547342741861939, 4057644.640985445119441 ], [ -13120350.77025032043457, 4057643.44291607150808 ], [ -13120376.140021605417132, 4057647.319897323381156 ], [ -13120400.240740120410919, 4057655.383493647910655 ], [ -13120417.550835890695453, 4057666.731593376025558 ], [ -13120431.977867167443037, 4057679.574053364805877 ], [ -13120456.167533742263913, 4057715.395747877657413 ], [ -13120466.620455522090197, 4057730.620938033331186 ], [ -13120480.947273986414075, 4057743.167388936970383 ], [ -13120496.77696836180985, 4057753.909774536732584 ], [ -13120512.595410896465182, 4057759.590597338508815 ], [ -13120530.807371096685529, 4057761.973363548517227 ], [ -13120546.937473582103848, 4057760.788736731279641 ], [ -13120562.756029663607478, 4057755.10792101547122 ], [ -13120578.285048758611083, 4057743.46344406530261 ], [ -13120590.129457829520106, 4057728.238272802904248 ], [ -13120599.190952658653259, 4057708.53023943817243 ], [ -13120602.17428862862289, 4057691.218530863057822 ], [ -13120602.174182316288352, 4057671.510529794730246 ], [ -13120598.289231384173036, 4057633.292899673338979 ], [ -13120592.322561115026474, 4057600.150297361426055 ], [ -13120582.470735196024179, 4057535.952190204523504 ], [ -13120575.891748836264014, 4057505.192775790113956 ], [ -13120569.624397274106741, 4057485.794668472837657 ], [ -13120563.056666318327188, 4057469.062199838925153 ], [ -13120498.858737351372838, 4057348.13859850121662 ], [ -13120490.498559098690748, 4057322.171805150806904 ], [ -13120484.231345349922776, 4057295.895550705958158 ], [ -13120485.132974894717336, 4057270.211419880855829 ], [ -13120488.416856681928039, 4057252.590754438657314 ], [ -13120493.192391036078334, 4057235.575901389587671 ], [ -13120502.44312209635973, 4057214.670666575897485 ], [ -13120517.37112981826067, 4057195.569274999666959 ], [ -13120531.408368661999702, 4057181.529413742013276 ], [ -13120550.221432738006115, 4057167.799075113609433 ], [ -13120575.001245452091098, 4057154.661032488103956 ], [ -13120620.085586125031114, 4057138.830880218185484 ], [ -13120641.881869729608297, 4057124.804486717563123 ], [ -13120656.509328747168183, 4057111.666538199875504 ], [ -13120672.940104734152555, 4057088.082828561309725 ], [ -13120694.135264869779348, 4057044.186660663690418 ], [ -13120719.816681191325188, 4056999.106052141170949 ], [ -13120722.699874706566334, 4056982.966567826457322 ], [ -13120727.486588096246123, 4056961.469470240641385 ], [ -13120729.267683584243059, 4056939.380292855668813 ], [ -13120728.076621249318123, 4056907.733997907489538 ], [ -13120723.301040921360254, 4056861.146272737067193 ], [ -13120721.508739791810513, 4056830.092556848656386 ], [ -13120720.317563908174634, 4056806.805413474794477 ], [ -13120715.542012745514512, 4056781.728289751335979 ], [ -13120705.97969420067966, 4056750.082452230621129 ], [ -13120694.636234860867262, 4056726.189968562219292 ], [ -13120689.259508240967989, 4056707.681657204870135 ], [ -13120688.068407390266657, 4056687.383145485073328 ], [ -13120690.461733473464847, 4056668.269392555579543 ], [ -13120697.029675602912903, 4056652.143602483905852 ], [ -13120708.974205756559968, 4056631.239624300505966 ], [ -13120772.27042224816978, 4056543.464296698570251 ], [ -13120824.223203776404262, 4056471.209407376125455 ], [ -13120842.735650124028325, 4056440.748997779563069 ], [ -13120861.838148325681686, 4056402.535424374043941 ], [ -13120868.417087817564607, 4056379.235861013643444 ], [ -13120870.799404626712203, 4056358.937982343602926 ], [ -13120867.816033035516739, 4056339.232328333426267 ], [ -13120861.838161796331406, 4056321.909247294068336 ], [ -13120848.702448857948184, 4056298.623380840755999 ], [ -13120828.397729318588972, 4056270.559186688624322 ], [ -13120802.727456523105502, 4056244.285226767417043 ], [ -13120778.838314170017838, 4056224.579796705860645 ], [ -13120762.118133889511228, 4056213.825321914162487 ], [ -13120740.622335543856025, 4056204.268774047493935 ], [ -13120700.012916062027216, 4056194.119905327446759 ], [ -13120651.644666440784931, 4056186.353591257706285 ], [ -13120615.209771834313869, 4056176.797015906777233 ], [ -13120588.337214695289731, 4056164.858196003828198 ], [ -13120572.819292930886149, 4056152.919219108298421 ], [ -13120545.946772864088416, 4056134.398453296627849 ], [ -13120511.905325900763273, 4056114.100979598239064 ], [ -13120474.279248844832182, 4056097.383902703877538 ], [ -13120330.365493968129158, 4056047.811523570213467 ], [ -13120287.373991228640079, 4056034.674885261338204 ], [ -13120258.709119822829962, 4056027.514244095887989 ], [ -13120217.498559173196554, 4056023.920471644494683 ], [ -13120168.540327494964004, 4056022.736067193094641 ], [ -13120122.554205439984798, 4056021.538131388369948 ], [ -13120092.698398157954216, 4056018.549989534541965 ], [ -13120062.241358537226915, 4056011.98165268311277 ], [ -13120029.402197809889913, 4056000.042863606940955 ], [ -13120002.529523452743888, 4055983.918291592039168 ], [ -13119985.798191295936704, 4055970.781624679919332 ], [ -13119969.679175337776542, 4055951.076669497881085 ], [ -13119958.335745386779308, 4055924.803523460403085 ], [ -13119952.357864461839199, 4055894.93669521715492 ], [ -13119948.183439439162612, 4055856.119399096351117 ], [ -13119946.819953454658389, 4055830.223139650188386 ], [ -13119946.391105024144053, 4055822.080270680598915 ], [ -13119948.784495228901505, 4055801.191090005449951 ], [ -13119954.751313218846917, 4055780.880821544677019 ], [ -13119961.920226642861962, 4055765.34862677520141 ], [ -13119973.864776726812124, 4055749.829987797886133 ], [ -13119989.382733890786767, 4055736.693460880313069 ], [ -13120012.670786391943693, 4055722.951586071867496 ], [ -13120042.537762023508549, 4055711.013068026863039 ], [ -13120086.130525713786483, 4055704.444959035143256 ], [ -13120182.867098202928901, 4055688.320567752234638 ], [ -13120228.252161910757422, 4055679.962342075072229 ], [ -13120241.387711320072412, 4055674.592115476261824 ], [ -13120257.518048696219921, 4055665.628301369957626 ], [ -13120272.445886878296733, 4055654.874257575720549 ], [ -13120288.565010815858841, 4055636.959904798306525 ], [ -13120308.869735807180405, 4055612.477541544009 ], [ -13120378.143748285248876, 4055493.054368108510971 ], [ -13120393.661697881296277, 4055461.398642532993108 ], [ -13120403.814048798754811, 4055432.730828499887139 ], [ -13120412.174192763864994, 4055404.076755703892559 ], [ -13120420.534310566261411, 4055360.483050536829978 ], [ -13120424.240898620337248, 4055330.280824955087155 ], [ -13120428.304452434182167, 4055297.172444596420974 ], [ -13120433.681072298437357, 4055236.863288278691471 ], [ -13120437.254441199824214, 4055209.986146867275238 ], [ -13120442.04119611158967, 4055190.888286640867591 ], [ -13120449.800105957314372, 4055170.578996853437275 ], [ -13120466.620542908087373, 4055140.121966463048011 ], [ -13120481.548452446237206, 4055118.036390607710928 ], [ -13120493.782475953921676, 4055096.233265224844217 ], [ -13120501.55259021371603, 4055079.221606517210603 ], [ -13120506.929274531081319, 4055060.406601188704371 ], [ -13120522.146643355488777, 4054972.02443783916533 ], [ -13120526.933460049331188, 4054949.92554724868387 ], [ -13120534.391839219257236, 4054925.740756902843714 ], [ -13120544.5441072024405, 4054903.049874915275723 ], [ -13120557.980440765619278, 4054882.148886772803962 ], [ -13120576.192214613780379, 4054860.656000847462565 ], [ -13120591.420777281746268, 4054843.940735650714487 ], [ -13120606.649333605542779, 4054831.693727557081729 ], [ -13120627.844625541940331, 4054817.064450193196535 ], [ -13120645.466411212459207, 4054807.212933025322855 ], [ -13120662.787666538730264, 4054798.545905136037618 ], [ -13120704.588158819824457, 4054776.460909964051098 ], [ -13120717.423374367877841, 4054766.29990732902661 ], [ -13120734.744590064510703, 4054746.597100518178195 ], [ -13120749.372033827006817, 4054720.622789408545941 ], [ -13120758.03273050673306, 4054694.944567115977407 ], [ -13120778.337305888533592, 4054611.935056413523853 ], [ -13120781.621269827708602, 4054597.602188129909337 ], [ -13120783.714107422158122, 4054576.405781004577875 ], [ -13120781.621343184262514, 4054555.50555016240105 ], [ -13120776.54516438767314, 4054535.8029904384166 ], [ -13120758.333276212215424, 4054499.372417012695223 ], [ -13120750.273700663819909, 4054477.274581882171333 ], [ -13120747.279198789969087, 4054458.756541521754116 ], [ -13120745.486983820796013, 4054430.696830204222351 ], [ -13120749.97320906072855, 4054412.178838235326111 ], [ -13120755.338816640898585, 4054396.056549662724137 ], [ -13120763.108945151790977, 4054385.007603745441884 ], [ -13120775.643412390723825, 4054370.675050814636052 ], [ -13120794.456341104581952, 4054354.552735940553248 ], [ -13120808.397635571658611, 4054344.454999465961009 ], [ -13120815.061649538576603, 4054339.62810820993036 ], [ -13120839.540837842971087, 4054321.110360235907137 ], [ -13120858.053269607946277, 4054304.691937952302396 ], [ -13120919.267762638628483, 4054240.202873481903225 ], [ -13120940.76372629776597, 4054221.685231477487832 ], [ -13120959.877119673416018, 4054207.958430901635438 ], [ -13120984.95744669996202, 4054195.712131327018142 ], [ -13121047.062615884467959, 4054171.232696916442364 ], [ -13121361.762751791626215, 4054046.576385241933167 ], [ -13121382.067513851448894, 4054037.317697478458285 ], [ -13121399.689300633966923, 4054026.269186068791896 ], [ -13121416.999569283798337, 4054009.541774642653763 ], [ -13121429.545240271836519, 4053992.531764600425959 ], [ -13121437.604745026677847, 4053974.916086037177593 ], [ -13121442.981527078896761, 4053953.707333394791931 ], [ -13121443.872105158865452, 4053930.426289624534547 ], [ -13121439.096426423639059, 4053855.173693070188165 ], [ -13121428.944080291315913, 4053777.553097198251635 ], [ -13121426.851318169385195, 4053746.790225587319583 ], [ -13121428.053537391126156, 4053726.793022769037634 ], [ -13121431.638053713366389, 4053706.486511121504009 ], [ -13121437.905352955684066, 4053689.167424662970006 ], [ -13121445.964837001636624, 4053674.243662843480706 ], [ -13121462.38452323153615, 4053654.529309916775674 ], [ -13121529.866347009316087, 4053588.240729393437505 ], [ -13121545.695992959663272, 4053572.724934232886881 ], [ -13121563.30682379193604, 4053559.887051812373102 ], [ -13121578.045438319444656, 4053551.194077607244253 ], [ -13121585.103059861809015, 4053547.035899570211768 ], [ -13121605.107194954529405, 4053541.962758495472372 ], [ -13121615.398320090025663, 4053540.273576850071549 ], [ -13121625.111244667321444, 4053538.679253165610135 ], [ -13121650.692527882754803, 4053542.110735186375678 ], [ -13121666.321839604526758, 4053545.555707447696477 ], [ -13121686.02541240490973, 4053553.616325641982257 ], [ -13121752.305026091635227, 4053603.769930917304009 ], [ -13121767.244109440594912, 4053612.732179319486022 ], [ -13121782.171966321766376, 4053618.101448234170675 ], [ -13121800.383856613188982, 4053621.384975043591112 ], [ -13121820.087480621412396, 4053620.200735142920166 ], [ -13121839.79099153354764, 4053613.620360889006406 ], [ -13121854.429453698918223, 4053603.177695549558848 ], [ -13121875.023496489971876, 4053583.463558569550514 ], [ -13121935.047022808343172, 4053501.659641347825527 ], [ -13121952.056669609621167, 4053486.130652173887938 ], [ -13121966.094085562974215, 4053477.168489282019436 ], [ -13121986.999896176159382, 4053468.811893435195088 ], [ -13122007.004062328487635, 4053464.936306915711612 ], [ -13122027.898693900555372, 4053465.528401540592313 ], [ -13122047.613368818536401, 4053469.417358850128949 ], [ -13122087.910935653373599, 4053485.242548414040357 ], [ -13122102.549427321180701, 4053488.821918713860214 ], [ -13122119.859593443572521, 4053490.019687619060278 ], [ -13122135.989940166473389, 4053488.216562449466437 ], [ -13122156.884546695277095, 4053481.353516933042556 ], [ -13122177.790420761331916, 4053468.515861993189901 ], [ -13122250.047739263623953, 4053416.559618551749736 ], [ -13122268.56018215790391, 4053403.425998983904719 ], [ -13122287.072682496160269, 4053389.094737531151623 ], [ -13122298.716662159189582, 4053375.961075512692332 ], [ -13122314.245802035555243, 4053352.963827553670853 ], [ -13122376.350913112983108, 4053250.842437592335045 ], [ -13122390.978341624140739, 4053234.721657944377512 ], [ -13122404.414617855101824, 4053223.983361355960369 ], [ -13122425.910302767530084, 4053213.231738760601729 ], [ -13122440.838277207687497, 4053203.677760259713978 ], [ -13122454.875697499141097, 4053188.445002913940698 ], [ -13122463.536407208070159, 4053173.522001900710166 ], [ -13122470.10423356294632, 4053157.091761500574648 ], [ -13122472.486452409997582, 4053139.181407090742141 ], [ -13122470.694142930209637, 4053107.828332772478461 ], [ -13122470.104281207546592, 4053088.720328042283654 ], [ -13122472.787047429010272, 4053073.784040412399918 ], [ -13122477.863168563693762, 4053059.157047301065177 ], [ -13122487.31424543261528, 4053043.278714202810079 ], [ -13122502.353394756093621, 4053026.014482498634607 ], [ -13122517.871381865814328, 4053009.597941156011075 ], [ -13122527.133138120174408, 4052997.944933797232807 ], [ -13122534.892129005864263, 4052981.824448717292398 ], [ -13122540.569356912747025, 4052964.210488959215581 ], [ -13122557.289597416296601, 4052904.788516740780324 ], [ -13122571.738861309364438, 4052846.026141088921577 ], [ -13122584.752216095104814, 4052797.006270518526435 ], [ -13122585.653805784881115, 4052785.057417480740696 ], [ -13122586.833796616643667, 4052766.838207516819239 ], [ -13122584.162094997242093, 4052718.773943570908159 ], [ -13122584.752178801223636, 4052697.271548585034907 ], [ -13122588.637241942808032, 4052674.585106031037867 ], [ -13122595.205122178420424, 4052646.516415290068835 ], [ -13122613.416841702535748, 4052585.01045102160424 ], [ -13122620.285347793251276, 4052570.680298355408013 ], [ -13122630.73822371289134, 4052557.547537638340145 ], [ -13122643.183749239891768, 4052544.253354818560183 ], [ -13122658.501287909224629, 4052533.959894698578864 ], [ -13122674.330918496474624, 4052529.169715784490108 ], [ -13122687.466609172523022, 4052526.78805864835158 ], [ -13122700.90290198661387, 4052527.380074651446193 ], [ -13122731.961108382791281, 4052528.281679158098996 ], [ -13122746.889040073379874, 4052525.294537125620991 ], [ -13122762.11747383326292, 4052517.826553431805223 ], [ -13122779.42771721445024, 4052502.904408473987132 ], [ -13122791.082803780212998, 4052486.47515014372766 ], [ -13122804.218575939536095, 4052460.80206953547895 ], [ -13122818.845878327265382, 4052443.780917487572879 ], [ -13122834.074428640305996, 4052431.536494919098914 ], [ -13122846.909578058868647, 4052424.37805307796225 ], [ -13122862.739151431247592, 4052420.489556359127164 ], [ -13122878.858230285346508, 4052417.798410259652883 ], [ -13122900.654583130031824, 4052414.515248083043844 ], [ -13122918.577024042606354, 4052407.356878262013197 ], [ -13122936.187739655375481, 4052396.309941807761788 ], [ -13122957.984153619036078, 4052377.795408524107188 ], [ -13122981.773114552721381, 4052353.158599349670112 ], [ -13123011.729185294359922, 4052320.771545423194766 ], [ -13123045.770654851570725, 4052280.459526089951396 ], [ -13123060.999276854097843, 4052258.069758015684783 ], [ -13123069.359295472502708, 4052238.061898139771074 ], [ -13123078.609876252710819, 4052204.316192014608532 ], [ -13123108.465847507119179, 4052091.454518061131239 ], [ -13123151.46851615048945, 4051985.160143035463989 ], [ -13123190.285667672753334, 4051866.622682753019035 ], [ -13123197.443475198000669, 4051846.023462656885386 ], [ -13123207.306361043825746, 4051829.003076182212681 ], [ -13123220.141542971134186, 4051814.673893462400883 ], [ -13123237.752240663394332, 4051803.62754391040653 ], [ -13123257.16640560887754, 4051795.864071670919657 ], [ -13123278.662178240716457, 4051794.061190236825496 ], [ -13123301.349022671580315, 4051797.653612975031137 ], [ -13123322.25490397028625, 4051805.12095434172079 ], [ -13123340.767306679859757, 4051815.265819947235286 ], [ -13123408.839196227490902, 4051867.214751162100583 ], [ -13123427.351660832762718, 4051879.45861279591918 ], [ -13123443.782461646944284, 4051886.925942204426974 ], [ -13123460.502535505220294, 4051891.110478909686208 ], [ -13123479.605059534311295, 4051892.900000927969813 ], [ -13123499.620196554809809, 4051891.096993594896048 ], [ -13123518.722567185759544, 4051885.123042773455381 ], [ -13123542.611825978383422, 4051874.38601346546784 ], [ -13123575.150501227006316, 4051856.168385160155594 ], [ -13123630.09775223210454, 4051812.574920815881342 ], [ -13123674.581096338108182, 4051771.968550645280629 ], [ -13123690.110173542052507, 4051755.849993280600756 ], [ -13123700.852558394894004, 4051739.731254525482655 ], [ -13123708.92320622690022, 4051723.007166768424213 ], [ -13123713.097656963393092, 4051706.28302935929969 ], [ -13123714.58934960514307, 4051691.953833415638655 ], [ -13123715.791480774059892, 4051655.222842746879905 ], [ -13123718.474327366799116, 4051636.413441678509116 ], [ -13123725.643348325043917, 4051607.755377004854381 ], [ -13123728.626691421493888, 4051594.610303258523345 ], [ -13123729.2278255764395, 4051578.195815589744598 ], [ -13123727.435544369742274, 4051563.261379205621779 ], [ -13123722.359442828223109, 4051547.735025379341096 ], [ -13123709.813768275082111, 4051517.583812980912626 ], [ -13123705.928720273077488, 4051502.353301228489727 ], [ -13123704.436956720426679, 4051488.024425957817584 ], [ -13123704.136445745825768, 4051470.708750275429338 ], [ -13123711.606004619970918, 4051377.551254808437079 ], [ -13123713.698785774409771, 4051344.10420256247744 ], [ -13123713.398208010941744, 4051321.406959533225745 ], [ -13123712.207063857465982, 4051304.38762681465596 ], [ -13123702.644675515592098, 4051230.941711072344333 ], [ -13123699.66141446121037, 4051210.935581424273551 ], [ -13123697.568584436550736, 4051186.745267718099058 ], [ -13123698.169724825769663, 4051165.259195224381983 ], [ -13123701.453568985685706, 4051136.884760804008693 ], [ -13123704.762343036010861, 4051110.928967515472323 ], [ -13123703.546395117416978, 4051084.037938087712973 ], [ -13123699.360789496451616, 4051060.749376890715212 ], [ -13123675.222777061164379, 4050995.069799442309886 ], [ -13123673.744602056220174, 4050991.047930393368006 ], [ -13123675.199186012148857, 4050991.051805439870805 ], [ -13123897.06393875926733, 4050991.651911182329059 ], [ -13124020.940587935969234, 4050991.986993548460305 ], [ -13124117.80128956027329, 4050992.269834095146507 ], [ -13124175.547836586833, 4050992.438533056993037 ], [ -13124435.494364190846682, 4050993.197760811075568 ], [ -13124432.600004553794861, 4051448.885884534567595 ], [ -13125406.088926713913679, 4051452.922162406612188 ], [ -13125407.313384676352143, 4051139.441011199261993 ], [ -13125407.101760422810912, 4051072.172448384575546 ], [ -13125406.868292616680264, 4050998.041074650362134 ], [ -13125490.427473148331046, 4050999.099220320116729 ], [ -13125725.576258808374405, 4051002.077219030819833 ], [ -13126178.2617854680866, 4051007.474336378742009 ], [ -13126328.704953908920288, 4051009.268098501488566 ], [ -13126368.780159503221512, 4051009.7459103805013 ], [ -13126381.674073372036219, 4051009.891822742298245 ], [ -13126412.195433726534247, 4051010.237280019558966 ], [ -13126428.224753560498357, 4051010.41862234659493 ], [ -13126561.445270139724016, 4051011.980085721705109 ], [ -13126632.949647203087807, 4051012.81817939504981 ], [ -13126829.976520316675305, 4051015.127430468332022 ], [ -13127253.432222254574299, 4051020.107251780107617 ], [ -13127279.049731953069568, 4051020.41131835244596 ], [ -13127307.871209397912025, 4051020.778021873440593 ], [ -13127315.440949577838182, 4051020.912533241324127 ], [ -13127328.242614988237619, 4051020.778070698492229 ], [ -13127413.068174507468939, 4051020.643442471977323 ], [ -13127447.495565919205546, 4051020.472030270379037 ], [ -13127501.035063967108727, 4051020.205436629708856 ], [ -13127899.311631144955754, 4051018.221811600029469 ], [ -13128436.712913226336241, 4051015.632076150272042 ], [ -13128609.19316235370934, 4051014.800922675058246 ], [ -13128672.252781398594379, 4051014.496913942508399 ], [ -13128761.637812377884984, 4051014.066221277229488 ], [ -13128784.450612695887685, 4051013.956330259330571 ], [ -13128848.532832622528076, 4051013.647470707073808 ], [ -13128848.755548525601625, 4051016.876348319929093 ], [ -13128932.945702515542507, 4051015.225515152327716 ], [ -13128994.754820628091693, 4051014.013611925300211 ], [ -13129130.060218131169677, 4051011.360374779906124 ], [ -13129215.219269471243024, 4051009.745944095309824 ], [ -13129279.45062256231904, 4051008.265942226164043 ], [ -13129278.062320120632648, 4051013.751330242026597 ], [ -13129406.454790158197284, 4051011.188992178067565 ], [ -13129424.833925403654575, 4051010.822151079773903 ], [ -13129673.688551671802998, 4051009.342305698432028 ], [ -13129922.543351041153073, 4051007.862358598038554 ], [ -13130192.050315890461206, 4051006.315159617457539 ], [ -13130252.513017302379012, 4051005.968050119001418 ], [ -13130461.552253216505051, 4051004.767986921127886 ], [ -13130748.645186575129628, 4051003.08628344675526 ], [ -13131035.738272219896317, 4051001.404578970745206 ], [ -13131041.415583727881312, 4051001.47184532834217 ], [ -13131047.092895235866308, 4051001.539108795113862 ], [ -13131122.511851472780108, 4051001.068222845904529 ], [ -13131197.930801253765821, 4051000.597311407327652 ], [ -13131206.947636036202312, 4051000.529998248908669 ], [ -13131215.964591600000858, 4051000.462677824310958 ], [ -13131393.686148967593908, 4050999.857352873310447 ], [ -13131571.407565515488386, 4050999.251981818117201 ], [ -13131702.987239811569452, 4050998.848300219047815 ], [ -13131953.567510213702917, 4050998.108340532984585 ], [ -13132115.655261443927884, 4050997.629711422603577 ], [ -13132204.147504320368171, 4050997.368443993385881 ], [ -13132259.807418586686254, 4050997.166606392711401 ], [ -13132315.466968506574631, 4050996.964854415506124 ], [ -13132488.457594456151128, 4050996.42661697557196 ], [ -13132661.448082368820906, 4050995.888482389040291 ], [ -13132737.989348465576768, 4050995.543051216751337 ], [ -13132781.437005419284105, 4050995.346874563023448 ], [ -13132929.728113513439894, 4050994.677753210067749 ], [ -13133198.008085209876299, 4050993.466869239229709 ], [ -13133160.270696014165878, 4051269.003179693594575 ], [ -13133160.048083523288369, 4051327.66298869997263 ], [ -13133159.157523924484849, 4051524.768375662621111 ], [ -13133154.17997720092535, 4052620.638026113156229 ], [ -13133154.132322996854782, 4052631.113379917573184 ], [ -13133153.986039055511355, 4052663.339401112869382 ], [ -13133153.925544705241919, 4052676.657274831552058 ], [ -13133159.268938593566418, 4052682.308648877777159 ], [ -13133166.170628244057298, 4052687.960135238710791 ], [ -13133183.425239151343703, 4052687.825514319352806 ], [ -13133197.720365626737475, 4052693.65600447403267 ], [ -13133198.398827977478504, 4052966.158951449207962 ], [ -13133437.521947108209133, 4052968.71286681573838 ], [ -13133676.643941910937428, 4052971.402612113859504 ], [ -13134155.000591959804296, 4052976.646621333435178 ], [ -13134645.268356837332249, 4052979.602949870284647 ], [ -13135135.424800662323833, 4052982.560621090698987 ], [ -13135141.74220603518188, 4052483.846312489360571 ], [ -13135141.768754174932837, 4052481.7523348396644 ], [ -13135643.292841946706176, 4052468.626984021160752 ], [ -13135632.037610983476043, 4052967.08333514817059 ], [ -13137106.522577693685889, 4052933.84713701158762 ], [ -13137647.792821, 4052921.646500307135284 ], [ -13137655.049333736300468, 4052915.841498920228332 ], [ -13137658.357413709163666, 4052923.707653016783297 ], [ -13137684.962512854486704, 4052923.573142441920936 ], [ -13138078.811083568260074, 4052921.823743648361415 ], [ -13138151.382846012711525, 4052921.462397710420191 ], [ -13138186.902425123378634, 4052921.285661115776747 ], [ -13138213.667027955874801, 4052921.15227827988565 ], [ -13138294.99351498670876, 4052920.747257533017546 ], [ -13138669.333294842392206, 4052918.82525750156492 ], [ -13138672.377725290134549, 4052918.80964574450627 ], [ -13139054.924615085124969, 4052916.858179232105613 ], [ -13139393.716838352382183, 4052916.979663755279034 ], [ -13139399.282933006063104, 4052917.248824063688517 ], [ -13139558.323672406375408, 4052917.153749549761415 ], [ -13140688.028501143679023, 4052907.829502343665808 ], [ -13141022.432381730526686, 4052905.541984358802438 ], [ -13141057.472976114600897, 4052905.39647622499615 ], [ -13141449.88922955468297, 4052905.71481872908771 ], [ -13141573.545559424906969, 4052905.786290815565735 ], [ -13141827.06496550142765, 4052905.968529862351716 ], [ -13142117.99942016042769, 4052906.148008341901004 ], [ -13142325.973061937838793, 4052906.41988917440176 ], [ -13142391.288791544735432, 4052906.488932196050882 ], [ -13142983.57676950097084, 4052907.277237346861511 ] ] ] } }
]
}
