{
"type": "FeatureCollection",
"name": "Palisades_ez_20250108_040000",
"crs": { "type": "name", "properties": { "name": "urn:ogc:def:crs:EPSG::3857" } },
"features": [
{ "type": "Feature", "properties": { "OBJECTID": 451, "zoneId": "US-CA-XLA-MCR-U021", "country_abbr": "US", "state_abbr": "CA", "county_abb": "XLA", "city_abbr": "MCR", "zone_sequence": "U021", "city_zone_sequence": "MCR-U021", "incident_name": "PALISADES", "most_extreme_status": "Evacuation Warning", "datetime": "2025-01-08T05:16:00", "datetime_1h": "2025-01-08T05:00:00", "datetime_2h": "2025-01-08T06:00:00", "datetime_3h": "2025-01-08T06:00:00", "datetime_4h": "2025-01-08T04:00:00", "datetime_6h": "2025-01-08T06:00:00", "datetime_8h": "2025-01-08T08:00:00", "datetime_12h": "2025-01-08T00:00:00" }, "geometry": { "type": "Polygon", "coordinates": [ [ [ -13214701.364530006423593, 4033418.957334858831018 ], [ -13214702.77314368635416, 4033419.097513608168811 ], [ -13214704.144023846834898, 4033419.511778349522501 ], [ -13214705.441051093861461, 4033420.189364756923169 ], [ -13214706.629621433094144, 4033421.112110402435064 ], [ -13214707.678221646696329, 4033422.255654614418745 ], [ -13214708.558911660686135, 4033423.58955608913675 ], [ -13214709.24829757027328, 4033425.078375999350101 ], [ -13214709.728139346465468, 4033426.682521335780621 ], [ -13214709.98560106754303, 4033428.359454235993326 ], [ -13214709.586561212316155, 4033474.577310669235885 ], [ -13214709.323211245238781, 4033482.662134829442948 ], [ -13214708.443293234333396, 4033490.683277055155486 ], [ -13214706.954642951488495, 4033498.572377751581371 ], [ -13214704.869566105306149, 4033506.262377486564219 ], [ -13214702.206044910475612, 4033513.687750721815974 ], [ -13214698.986899636685848, 4033520.785238340497017 ], [ -13214695.239190276712179, 4033527.494457559660077 ], [ -13214691.203624961897731, 4033533.674427776131779 ], [ -13214686.917901713401079, 4033539.303202480543405 ], [ -13214682.308807699009776, 4033544.546609908342361 ], [ -13214681.70508792437613, 4033545.179554304108024 ], [ -13214681.341284250840545, 4033545.558653895743191 ], [ -13214680.724748484790325, 4033546.186239381786436 ], [ -13214676.621286077424884, 4033550.116538104135543 ], [ -13214672.345415936782956, 4033553.769393095746636 ], [ -13214631.924655161798, 4033586.270047312136739 ], [ -13214628.241635113954544, 4033589.170133916661143 ], [ -13214623.484801545739174, 4033593.088708376977593 ], [ -13214616.360206300392747, 4033599.712512095458806 ], [ -13214609.717479849234223, 4033607.029266563709825 ], [ -13214603.602919297292829, 4033614.988386529963464 ], [ -13214598.05892913416028, 4033623.534227822441608 ], [ -13214593.815991749987006, 4033631.354628369212151 ], [ -13214590.142380204051733, 4033639.583976238965988 ], [ -13214587.065399158746004, 4033648.162010191939771 ], [ -13214584.6071533318609, 4033657.026204581838101 ], [ -13214582.785752506926656, 4033666.111518520861864 ], [ -13214581.78833220526576, 4033674.066639313008636 ], [ -13214581.317846836522222, 4033682.092272809706628 ], [ -13214581.275663314387202, 4033686.01041076425463 ], [ -13214581.492273679003119, 4033692.501592985354364 ], [ -13214582.053566366434097, 4033698.962604028172791 ], [ -13214624.600253902375698, 4033745.678449061699212 ], [ -13214629.169511791318655, 4033750.695811454672366 ], [ -13214642.885319391265512, 4033765.75547380791977 ], [ -13214645.400761174038053, 4033768.523145747371018 ], [ -13214646.967089526355267, 4033770.241234501823783 ], [ -13214649.591355461627245, 4033773.124036379624158 ], [ -13214677.060030922293663, 4033803.298458547331393 ], [ -13214682.558958623558283, 4033809.33551198290661 ], [ -13214683.984762260690331, 4033810.920167061965913 ], [ -13214697.301494939252734, 4033825.557337287813425 ], [ -13214724.962305948138237, 4033855.949143971316516 ], [ -13214764.673858039081097, 4033899.584318993613124 ], [ -13214797.842242823913693, 4033936.041865876875818 ], [ -13214799.153173761442304, 4033937.486851659603417 ], [ -13214802.397284768521786, 4033941.05571013642475 ], [ -13214806.525271195918322, 4033945.581120861694217 ], [ -13214817.792716799303889, 4033957.397068339865655 ], [ -13214829.355814503505826, 4033968.789450434036553 ], [ -13214841.203756414353848, 4033979.747199520003051 ], [ -13214853.325499961152673, 4033990.260097449179739 ], [ -13214862.105337329208851, 4033997.476359355263412 ], [ -13214871.008265113458037, 4034004.469262605533004 ], [ -13214886.002290969714522, 4034015.552633448969573 ], [ -13214901.296772364526987, 4034026.020913109648973 ], [ -13214925.124222679063678, 4034041.11127126775682 ], [ -13214937.277384040877223, 4034048.740846002474427 ], [ -13214944.049804378300905, 4034053.316106308251619 ], [ -13214950.5715277697891, 4034058.394309152849019 ], [ -13214957.878344222903252, 4034064.999837624840438 ], [ -13214964.715809321030974, 4034072.300255119800568 ], [ -13214971.038977921009064, 4034080.247317803557962 ], [ -13214975.496231259778142, 4034086.77769199712202 ], [ -13214979.554759446531534, 4034093.676059815566987 ], [ -13214983.193700984120369, 4034100.907448290847242 ], [ -13214986.394347293302417, 4034108.434567891992629 ], [ -13214993.982569627463818, 4034128.487164497375488 ], [ -13214994.338197439908981, 4034129.425920096691698 ], [ -13215005.361621480435133, 4034158.580794570501894 ], [ -13215005.71734625287354, 4034159.515918225049973 ], [ -13215016.519625222310424, 4034188.040828341152519 ], [ -13215023.113343045115471, 4034205.458538369741291 ], [ -13215057.989044209942222, 4034189.927288002334535 ], [ -13215059.193501951172948, 4034188.781573409214616 ], [ -13215062.098854944109917, 4034186.010752850212157 ], [ -13215077.107530448585749, 4034171.706064590252936 ], [ -13215077.845019850879908, 4034166.86500574182719 ], [ -13215091.66160286962986, 4034153.908931830432266 ], [ -13215098.586908504366875, 4034144.900241137482226 ], [ -13215100.185345074161887, 4034142.817817205097526 ], [ -13215098.682083217427135, 4034139.122240534517914 ], [ -13215119.415375113487244, 4034111.790209109894931 ], [ -13215128.589433206245303, 4034117.877788092941046 ], [ -13215137.471781242638826, 4034124.565618516411632 ], [ -13215146.035514637827873, 4034131.833547164686024 ], [ -13215153.342629875987768, 4034137.861281360499561 ], [ -13215153.826069608330727, 4034138.238611147738993 ], [ -13215154.25227764993906, 4034138.705730398651212 ], [ -13215154.609834408387542, 4034139.250246011186391 ], [ -13215154.889594091102481, 4034139.857447464484721 ], [ -13215155.08372949808836, 4034140.511524865403771 ], [ -13215155.187415141612291, 4034141.194951281882823 ], [ -13215155.197750823572278, 4034141.889701600186527 ], [ -13215155.114363506436348, 4034142.577127114869654 ], [ -13215154.939657250419259, 4034143.239164858590811 ], [ -13215154.678329847753048, 4034143.858219989575446 ], [ -13215154.337014714255929, 4034144.417652661446482 ], [ -13215153.736070360988379, 4034145.137110835872591 ], [ -13215148.912370510399342, 4034151.030960481148213 ], [ -13215164.729727234691381, 4034165.38167236559093 ], [ -13215169.684816475957632, 4034159.912219704594463 ], [ -13215170.38330464810133, 4034159.297189806122333 ], [ -13215171.153677269816399, 4034158.823349162936211 ], [ -13215171.976488381624222, 4034158.502584449481219 ], [ -13215172.8310611769557, 4034158.343157746829093 ], [ -13215173.695723297074437, 4034158.348978184629232 ], [ -13215174.54865201190114, 4034158.519717022776604 ], [ -13215175.368480987846851, 4034158.851408912800252 ], [ -13215176.134534858167171, 4034159.335481246933341 ], [ -13215176.82731868326664, 4034159.959840783383697 ], [ -13215183.862049154937267, 4034166.282365173567086 ], [ -13215189.915676755830646, 4034174.305173485074192 ], [ -13215195.756042597815394, 4034183.366720080375671 ], [ -13215197.86921526119113, 4034185.798488140106201 ], [ -13215200.274440169334412, 4034187.796402858104557 ], [ -13215202.911084499210119, 4034189.310271231923252 ], [ -13215205.713057309389114, 4034190.302292882464826 ], [ -13215208.60953301936388, 4034190.747054888866842 ], [ -13215211.527981525287032, 4034190.633811380248517 ], [ -13215214.39488098397851, 4034189.965025035198778 ], [ -13215217.138019548729062, 4034188.757925130892545 ], [ -13215219.688651759177446, 4034187.042554452549666 ], [ -13215219.879723206162453, 4034187.041311387438327 ], [ -13215220.137979749590158, 4034186.670193160418421 ], [ -13215220.357038252055645, 4034186.48405252629891 ], [ -13215220.572339495643973, 4034186.260999175719917 ], [ -13215220.780453622341156, 4034186.078570079058409 ], [ -13215220.988281656056643, 4034185.855691202450544 ], [ -13215221.192753633484244, 4034185.66965470649302 ], [ -13215221.396965118125081, 4034185.446801646146923 ], [ -13215222.807238128036261, 4034183.779055491089821 ], [ -13215222.850027784705162, 4034183.590540005359799 ], [ -13215223.013524834066629, 4034183.33830490289256 ], [ -13215223.173614284023643, 4034183.115645779296756 ], [ -13215223.326210485771298, 4034182.856221728026867 ], [ -13215223.478686017915606, 4034182.596798539627343 ], [ -13215223.623807337135077, 4034182.33730675233528 ], [ -13215223.761575004085898, 4034182.077867470681667 ], [ -13215223.895726233720779, 4034181.818454014137387 ], [ -13215224.026166960597038, 4034181.562821573577821 ], [ -13215224.156702535226941, 4034181.303555055055767 ], [ -13215224.275764962658286, 4034181.007309828419238 ], [ -13215224.391593450680375, 4034180.748148322105408 ], [ -13215224.503684164956212, 4034180.488892409019172 ], [ -13215224.611778283491731, 4034180.192967722658068 ], [ -13215224.712898124009371, 4034179.933669047430158 ], [ -13215224.809901595115662, 4034179.637823569588363 ], [ -13215224.899930898100138, 4034179.378604072611779 ], [ -13215224.989701498299837, 4034179.082810262683779 ], [ -13215225.072237331420183, 4034178.786825872492045 ], [ -13215225.147586265578866, 4034178.531465723644942 ], [ -13215225.218911891803145, 4034178.235682508442551 ], [ -13215225.286620188504457, 4034177.939804012421519 ], [ -13215225.346975836902857, 4034177.644099143799394 ], [ -13215225.403976423665881, 4034177.38535775244236 ], [ -13215225.453362092375755, 4034177.089731217361987 ], [ -13215225.502746868878603, 4034176.793983584735543 ], [ -13215225.541041219606996, 4034176.498315152246505 ], [ -13215225.575719913467765, 4034176.202793639153242 ], [ -13215225.603045061230659, 4034175.907324661500752 ], [ -13215225.630248874425888, 4034175.611735431477427 ], [ -13215225.650220593437552, 4034175.316318969707936 ], [ -13215225.662837876006961, 4034175.020833906717598 ], [ -13215225.6718396153301, 4034174.725495780352503 ], [ -13215225.677103471010923, 4034174.430063232313842 ], [ -13215225.675014559179544, 4034174.13480431213975 ], [ -13215225.669187877327204, 4034173.839450974483043 ], [ -13215225.656129097566009, 4034173.544270401354879 ], [ -13215225.639332434162498, 4034173.248995398171246 ], [ -13215225.615183116868138, 4034172.953894020058215 ], [ -13215225.587296806275845, 4034172.658819345291704 ], [ -13215225.555913725867867, 4034172.3636485170573 ], [ -13215225.517057437449694, 4034172.068652175366879 ], [ -13215225.474845085293055, 4034171.810498184990138 ], [ -13215225.424898255616426, 4034171.515581037383527 ], [ -13215225.37145465798676, 4034171.220567764248699 ], [ -13215225.310537960380316, 4034170.925728964619339 ], [ -13215225.246005496010184, 4034170.631037099752575 ], [ -13215225.181471472606063, 4034170.336103028617799 ], [ -13215225.106108957901597, 4034170.07830689009279 ], [ -13215225.023104354739189, 4034169.779750211630017 ], [ -13215224.936510596424341, 4034169.485094767529517 ], [ -13215224.850203033536673, 4034169.230889081023633 ], [ -13215224.756229348480701, 4034168.932531853206456 ], [ -13215224.655190767720342, 4034168.67504018265754 ], [ -13215224.553889252245426, 4034168.380368689075112 ], [ -13215224.445616910234094, 4034168.122807565145195 ], [ -13215224.325871311128139, 4034167.828267762437463 ], [ -13215224.206507654860616, 4034167.57066472619772 ], [ -13215224.07967078126967, 4034167.313236171379685 ], [ -13215223.949310649186373, 4034167.051957166753709 ], [ -13215223.818856451660395, 4034166.79443334043026 ], [ -13215223.684525329619646, 4034166.500118817202747 ], [ -13215223.535627162083983, 4034166.242726681753993 ], [ -13215223.387111710384488, 4034166.022392409853637 ], [ -13215242.192490063607693, 4034155.507512306794524 ], [ -13215258.747531665489078, 4034129.744239275809377 ], [ -13215280.954551020637155, 4034095.224888078868389 ], [ -13215269.462213547900319, 4034087.662026992067695 ], [ -13215227.271785456687212, 4034069.50938385957852 ], [ -13215229.527483021840453, 4034064.262450283393264 ], [ -13215285.270238472148776, 4034088.748698594979942 ], [ -13215321.247691236436367, 4034032.76105929305777 ], [ -13215318.387402817606926, 4034013.353157538920641 ], [ -13215297.446963272988796, 4033871.237759166397154 ], [ -13215317.04671105928719, 4033842.223287910688668 ], [ -13215331.115435061976314, 4033821.765173811465502 ], [ -13215332.493560673668981, 4033819.754472682252526 ], [ -13215338.115968292579055, 4033811.502818406559527 ], [ -13215371.545538324862719, 4033762.357253973372281 ], [ -13215358.955815762281418, 4033739.885492458473891 ], [ -13215305.50612404756248, 4033643.114324925467372 ], [ -13215304.346254881471395, 4033642.186332971323282 ], [ -13215235.920577408745885, 4033587.451274464372545 ], [ -13215209.403690829873085, 4033566.252905399072915 ], [ -13215201.787685157731175, 4033560.153843973297626 ], [ -13215179.062267187982798, 4033542.003281189128757 ], [ -13215133.788406642153859, 4033505.774838784243912 ], [ -13215133.984304677695036, 4033505.673529223073274 ], [ -13215134.195747701451182, 4033505.605534025467932 ], [ -13215134.413106912747025, 4033505.572980700526386 ], [ -13215134.632049638777971, 4033505.576868977863342 ], [ -13215273.062167437747121, 4033492.643566142767668 ], [ -13215273.345497472211719, 4033492.700641576200724 ], [ -13215635.689008994027972, 4033742.495020252652466 ], [ -13215644.087021285668015, 4033820.279235929250717 ], [ -13215670.792722638696432, 4034069.759459891356528 ], [ -13215664.941765306517482, 4034220.947297450620681 ], [ -13215773.452140809968114, 4034468.168952805455774 ], [ -13215804.181594140827656, 4034673.211848281789571 ], [ -13215944.704164480790496, 4034662.939957122318447 ], [ -13216221.551747836172581, 4034642.699313103687018 ], [ -13216254.338360423222184, 4034640.29143042396754 ], [ -13216259.656568499282002, 4034639.894818692002445 ], [ -13216269.33789748698473, 4034639.1846799752675 ], [ -13216276.67905355617404, 4034638.646131060551852 ], [ -13216288.24519506841898, 4034637.797951759770513 ], [ -13216305.33093430660665, 4034636.544523695949465 ], [ -13216318.112118156626821, 4034635.617877135053277 ], [ -13216331.738252006471157, 4034634.633139349520206 ], [ -13216574.038182385265827, 4034616.878142676316202 ], [ -13216737.398768577724695, 4034604.915251751430333 ], [ -13216731.5984903331846, 4034907.885246910154819 ], [ -13216735.255372785031796, 4035382.227194374892861 ], [ -13216739.833014814183116, 4037314.488002998754382 ], [ -13216738.204066686332226, 4038269.404728933703154 ], [ -13217211.60091345012188, 4038273.938028095290065 ], [ -13218629.045839866623282, 4038339.92096699308604 ], [ -13219090.848618619143963, 4038327.626001053489745 ], [ -13221953.20288716442883, 4038316.255313005298376 ], [ -13222939.593479046598077, 4038320.768130772281438 ], [ -13222953.24166595377028, 4038806.297993529587984 ], [ -13222959.854333249852061, 4039292.730969197116792 ], [ -13222968.095114555209875, 4039779.504547812044621 ], [ -13223011.001288127154112, 4040316.344636094290763 ], [ -13223053.510091742500663, 4040853.098714776802808 ], [ -13223047.888628445565701, 4040853.116868609096855 ], [ -13223049.940246548503637, 4041333.050328728742898 ], [ -13223053.079907255247235, 4042288.641174230258912 ], [ -13222983.693060563877225, 4042288.978626887314022 ], [ -13222567.046722004190087, 4042291.004922070540488 ], [ -13221134.990693302825093, 4042276.348835476674139 ], [ -13220912.314273521304131, 4042315.604373373556882 ], [ -13220745.788204286247492, 4042342.367488151881844 ], [ -13220665.498762845993042, 4042372.104376062750816 ], [ -13220510.867342611774802, 4042342.367456356529146 ], [ -13220418.683152202516794, 4042309.657044522929937 ], [ -13220296.762254454195499, 4042250.183310993947089 ], [ -13220201.604427896440029, 4042238.288534270133823 ], [ -13220145.10457356274128, 4042238.288607550319284 ], [ -13220056.463817462325096, 4042243.766969603020698 ], [ -13219928.358207957819104, 4042128.855008993297815 ], [ -13219823.176989212632179, 4042091.980901855975389 ], [ -13219745.879717389121652, 4042060.939073331654072 ], [ -13219684.79380482621491, 4042036.623433461878449 ], [ -13219685.487049628049135, 4042779.080213044770062 ], [ -13218718.683475589379668, 4042770.92302561737597 ], [ -13218717.928831297904253, 4043247.349985885899514 ], [ -13218715.031540062278509, 4043605.304511112160981 ], [ -13218714.677766721695662, 4043646.01820311229676 ], [ -13218694.567147744819522, 4043623.241332044359297 ], [ -13218673.443434905260801, 4043599.317332896403968 ], [ -13218660.552654456347227, 4043588.53439924493432 ], [ -13218643.465144904330373, 4043578.181750770192593 ], [ -13218627.22351186349988, 4043573.543107879813761 ], [ -13218611.115542247891426, 4043571.042386251036078 ], [ -13218591.022488374263048, 4043571.970255688298494 ], [ -13218557.181269109249115, 4043578.827121193055063 ], [ -13218527.013790296390653, 4043585.213531632442027 ], [ -13218512.686927748844028, 4043586.410141064785421 ], [ -13218498.749743420630693, 4043586.880672967527062 ], [ -13218479.279989974573255, 4043585.993257004767656 ], [ -13218464.296301685273647, 4043582.900925656314939 ], [ -13218446.618853487074375, 4043578.383476680610329 ], [ -13218429.698238791897893, 4043571.808836879674345 ], [ -13218317.811085609719157, 4043517.746736783534288 ], [ -13218303.205876244232059, 4043514.452732525765896 ], [ -13218289.469054531306028, 4043513.148529697209597 ], [ -13218272.915843801572919, 4043514.022420228924602 ], [ -13218257.742990750819445, 4043517.007163563277572 ], [ -13218241.412517186254263, 4043523.272616606671363 ], [ -13218175.143973441794515, 4043567.519889797549695 ], [ -13218152.657493518665433, 4043582.76646235678345 ], [ -13218141.213714614510536, 4043588.063855523709208 ], [ -13218128.178239090368152, 4043592.836768522392958 ], [ -13218107.261381130665541, 4043596.413176521658897 ], [ -13218087.969624098390341, 4043594.934295315761119 ], [ -13218071.149304253980517, 4043591.021794284228235 ], [ -13218057.245512655004859, 4043585.858837459702045 ], [ -13218043.041165668517351, 4043578.948123898357153 ], [ -13218030.061316380277276, 4043569.953408766072243 ], [ -13218018.662168353796005, 4043560.031113153789192 ], [ -13217940.393412, 4043459.503556358627975 ], [ -13217896.444498185068369, 4043403.129268288612366 ], [ -13217824.888288313522935, 4043313.466474257409573 ], [ -13217808.535569, 4043294.213665898423642 ], [ -13217800.587347559630871, 4043285.730175624601543 ], [ -13217792.839402018114924, 4043276.896972006186843 ], [ -13217782.197393395006657, 4043267.902434362564236 ], [ -13217769.807435216382146, 4043259.52658319985494 ], [ -13217752.742109190672636, 4043249.617798887193203 ], [ -13217734.986676458269358, 4043240.07225624518469 ], [ -13217714.804526135325432, 4043232.072658500634134 ], [ -13217642.669444339349866, 4043210.884106374811381 ], [ -13217540.3445954490453, 4043179.423890429548919 ], [ -13217524.069672649726272, 4043177.24581836303696 ], [ -13217491.363996792584658, 4043180.190224994905293 ], [ -13217473.541657704859972, 4043186.213327429257333 ], [ -13217460.049755237996578, 4043193.083507789764553 ], [ -13217407.251030180603266, 4043225.417626284528524 ], [ -13217395.128316704183817, 4043230.808883370831609 ], [ -13217383.606758868321776, 4043233.470918415114284 ], [ -13217370.103705415502191, 4043234.586892067454755 ], [ -13217355.687780153006315, 4043233.591880825348198 ], [ -13217339.557596398517489, 4043230.499634542968124 ], [ -13217324.062012558802962, 4043226.305037521757185 ], [ -13217311.449443232268095, 4043219.286922623869032 ], [ -13217299.393554178997874, 4043210.736142447218299 ], [ -13217289.953691637143493, 4043201.889713176526129 ], [ -13217279.612103706225753, 4043187.974599434994161 ], [ -13217272.097991546615958, 4043171.195819107815623 ], [ -13217259.173884047195315, 4043142.478303018957376 ], [ -13217235.262315604835749, 4043097.385750900488347 ], [ -13217223.47361303307116, 4043071.948814744595438 ], [ -13217198.950013814494014, 4043019.031892658676952 ], [ -13217181.316997008398175, 4042981.051794548053294 ], [ -13217173.546816181391478, 4042967.473059652838856 ], [ -13217162.10329164005816, 4042954.351488107349724 ], [ -13217148.934099476784468, 4042943.837943871039897 ], [ -13217133.182432379573584, 4042935.905830965843052 ], [ -13217113.83511490188539, 4042932.760018552653491 ], [ -13217092.172284105792642, 4042934.776566789485514 ], [ -13217071.578226843848825, 4042940.369352655019611 ], [ -13217055.192026853561401, 4042947.36039834888652 ], [ -13217036.056118998676538, 4042960.576095404103398 ], [ -13216967.31644887663424, 4043028.91345077753067 ], [ -13216951.865213049575686, 4043044.199715088121593 ], [ -13216940.031943831592798, 4043054.619020868558437 ], [ -13216930.937227036803961, 4043059.768339009024203 ], [ -13216919.983371444046497, 4043063.411621959414333 ], [ -13216906.257671663537621, 4043065.267041792627424 ], [ -13216888.134829061105847, 4043065.549337496049702 ], [ -13216874.576115861535072, 4043062.578080764971673 ], [ -13216862.787378892302513, 4043057.805362965445966 ], [ -13216851.800071012228727, 4043049.631272477097809 ], [ -13216843.517862046137452, 4043041.537708851508796 ], [ -13216832.630871172994375, 4043028.402570236008614 ], [ -13216799.980853393673897, 4042983.955724623985589 ], [ -13216790.129199014976621, 4042975.929351844824851 ], [ -13216778.71890289708972, 4042968.373818871099502 ], [ -13216769.123165681958199, 4042964.461527145002037 ], [ -13216762.773997971788049, 4042963.51081019314006 ], [ -13216739.018013540655375, 4042959.953655832912773 ], [ -13216730.873819038271904, 4042958.73417505947873 ], [ -13216701.819349452853203, 4042958.048583162017167 ], [ -13216681.447873396798968, 4042957.658801871817559 ], [ -13216661.187798099592328, 4042955.884110292419791 ], [ -13216640.716095874086022, 4042952.281057863496244 ], [ -13216628.693569270893931, 4042946.594120770227164 ], [ -13216617.083050800487399, 4042938.540888955816627 ], [ -13216608.366654742509127, 4042928.807307140901685 ], [ -13216601.20886792242527, 4042917.689013572409749 ], [ -13216594.685467394068837, 4042903.720553995110095 ], [ -13216590.878344593569636, 4042888.205908403266221 ], [ -13216588.050846004858613, 4042872.314974496606737 ], [ -13216587.661267081275582, 4042845.722419491503388 ], [ -13216585.835654595866799, 4042831.861493903212249 ], [ -13216581.661055913195014, 4042819.681189680472016 ], [ -13216575.293597184121609, 4042806.263919533696026 ], [ -13216568.670118760317564, 4042796.315356127452105 ], [ -13216561.245089244097471, 4042787.845624047331512 ], [ -13216552.350716475397348, 4042780.384199406020343 ], [ -13216542.32087254524231, 4042773.299114143010229 ], [ -13216527.982902316376567, 4042767.464490601792932 ], [ -13216513.845208764076233, 4042765.286485880613327 ], [ -13216501.767119377851486, 4042765.864631638396531 ], [ -13216486.137809213250875, 4042768.714694196358323 ], [ -13216473.091233018785715, 4042773.904050188604742 ], [ -13216462.092798866331577, 4042781.768932781647891 ], [ -13216451.68448892980814, 4042796.207705759909004 ], [ -13216442.678670432418585, 4042812.811231290921569 ], [ -13216437.424474181607366, 4042828.621438151225448 ], [ -13216429.810222012922168, 4042868.079933062661439 ], [ -13216425.947430226951838, 4042886.646295396611094 ], [ -13216419.947368672117591, 4042899.673769521061331 ], [ -13216410.663222951814532, 4042910.550123521592468 ], [ -13216399.353142874315381, 4042919.732509076129645 ], [ -13216387.096965121105313, 4042926.199199088849127 ], [ -13216372.436140095815063, 4042931.240814788732678 ], [ -13216358.554589794948697, 4042932.517905071843415 ], [ -13216346.910542115569115, 4042930.810544707812369 ], [ -13216334.164451513439417, 4042927.046152017544955 ], [ -13216320.5724275149405, 4042919.705606823321432 ], [ -13216296.589989967644215, 4042900.718847969081253 ], [ -13216262.597195299342275, 4042873.807176530826837 ], [ -13216247.312984907999635, 4042867.111997428350151 ], [ -13216224.38122134655714, 4042860.430278022773564 ], [ -13216194.759037498384714, 4042859.475732042919844 ], [ -13216154.628421403467655, 4042865.202868143562227 ], [ -13216065.773292683064938, 4042886.22953523369506 ], [ -13215959.908369887620211, 4042915.484165043570101 ], [ -13215932.011724641546607, 4042930.944948242977262 ], [ -13215914.645883966237307, 4042950.936555521562696 ], [ -13215902.556598285213113, 4042973.025482394266874 ], [ -13215896.044302433729172, 4042995.773166188970208 ], [ -13215893.973827699199319, 4043017.149687671102583 ], [ -13215895.821727462112904, 4043033.793717702850699 ], [ -13215900.742052292451262, 4043051.392342722043395 ], [ -13215962.607000693678856, 4043204.239617213606834 ], [ -13215963.981100212782621, 4043207.634857946075499 ], [ -13215981.381900440901518, 4043250.626235668547451 ], [ -13215989.296764770522714, 4043277.542349319439381 ], [ -13215990.075864842161536, 4043295.437224022578448 ], [ -13215987.42650393024087, 4043311.409468788653612 ], [ -13215981.693642547354102, 4043324.786896097939461 ], [ -13215971.040347576141357, 4043339.96596554107964 ], [ -13215955.834036560729146, 4043351.985512956976891 ], [ -13215937.499759953469038, 4043360.052339835092425 ], [ -13215925.989366013556719, 4043362.163241328205913 ], [ -13215908.768206279724836, 4043361.961576741654426 ], [ -13215896.756902800872922, 4043359.648933338932693 ], [ -13215885.179637797176838, 4043355.413893637713045 ], [ -13215874.448341701179743, 4043349.444403585977852 ], [ -13215863.87308993190527, 4043340.90713812597096 ], [ -13215855.245753809809685, 4043329.452241780236363 ], [ -13215848.933982094749808, 4043316.706640598829836 ], [ -13215843.846690716221929, 4043302.414924315642565 ], [ -13215831.389932608231902, 4043251.836297013796866 ], [ -13215827.349093755707145, 4043238.862315416801721 ], [ -13215822.662576477974653, 4043227.824228960089386 ], [ -13215815.961121872067451, 4043216.423197958618402 ], [ -13215807.612144030630589, 4043205.170142571441829 ], [ -13215738.048572970554233, 4043129.867450512014329 ], [ -13215673.082548646256328, 4043057.254152284935117 ], [ -13215631.872167889028788, 4043008.370524949394166 ], [ -13215612.881015114486217, 4042973.173286698758602 ], [ -13215603.329818610101938, 4042944.5101787452586 ], [ -13215598.131163327023387, 4042921.171061295550317 ], [ -13215583.782044673338532, 4042855.64420238416642 ], [ -13215573.707746304571629, 4042826.994815470185131 ], [ -13215557.466128848493099, 4042798.331897948402911 ], [ -13215524.025751141831279, 4042765.837629659101367 ], [ -13215486.767142400145531, 4042744.824788447935134 ], [ -13215434.714061230421066, 4042733.451125381048769 ], [ -13215342.141528990119696, 4042724.235165678430349 ], [ -13215290.488602537661791, 4042719.092984899878502 ], [ -13215203.581443237140775, 4042709.319192120805383 ], [ -13215185.558852521702647, 4042708.055429979227483 ], [ -13215143.524577174335718, 4042704.748289292212576 ], [ -13215121.761625964194536, 4042702.960229660384357 ], [ -13215103.271455649286509, 4042702.5030109109357 ], [ -13215075.363741127774119, 4042703.551695801783353 ], [ -13215052.676840260624886, 4042706.011991482228041 ], [ -13215028.821024846285582, 4042709.709093546960503 ], [ -13214995.569937586784363, 4042717.869483850430697 ], [ -13214956.463355831801891, 4042731.595828354824334 ], [ -13214905.434538099914789, 4042756.225210147444159 ], [ -13214891.152697382494807, 4042762.205439428333193 ], [ -13214873.452351879328489, 4042715.691508939024061 ], [ -13214862.877096435055137, 4042655.462711316067725 ], [ -13214860.984588168561459, 4042216.796849216334522 ], [ -13214862.320475270971656, 4042186.683743089903146 ], [ -13214881.244843695312738, 4042098.495811725500971 ], [ -13214902.172859542071819, 4042041.89978752238676 ], [ -13214925.883873900398612, 4041964.601917826104909 ], [ -13214934.344148743897676, 4041908.275515371467918 ], [ -13214932.67439211346209, 4041862.166094655636698 ], [ -13214924.770780961960554, 4041808.259908580221236 ], [ -13214906.180369, 4041746.557213015854359 ], [ -13214884.806947622448206, 4041701.120465187821537 ], [ -13214822.02287370339036, 4041603.660785361658782 ], [ -13214770.927101079374552, 4041519.778964261058718 ], [ -13214722.948367042466998, 4041433.746948338579386 ], [ -13214661.388800732791424, 4041327.955362058710307 ], [ -13214599.60642378591001, 4041248.242622737307101 ], [ -13214599.523341819643974, 4041247.284851576667279 ], [ -13214598.753335883840919, 4041247.282307726796716 ], [ -13214592.214664770290256, 4041240.082637617830187 ], [ -13214541.564407333731651, 4041184.311497296672314 ], [ -13214395.691458474844694, 4041021.178636054974049 ], [ -13214343.605011958628893, 4040961.335212125908583 ], [ -13214302.728429930284619, 4040913.172912545502186 ], [ -13214244.196740075945854, 4040850.023366815876216 ], [ -13214175.545466752722859, 4040779.226140927989036 ], [ -13214155.641979731619358, 4040758.700455065816641 ], [ -13214085.800195883959532, 4040683.790340978186578 ], [ -13214065.339770438149571, 4040652.296743823215365 ], [ -13214051.446941582486033, 4040619.674116970039904 ], [ -13214042.574798759073019, 4040591.447135823778808 ], [ -13214038.033028656616807, 4040563.972834854386747 ], [ -13214035.361323585733771, 4040527.586887179873884 ], [ -13214037.587773736566305, 4040493.486243440769613 ], [ -13214045.792001839727163, 4040452.234743361826986 ], [ -13214096.809788590297103, 4040302.889569501392543 ], [ -13214103.317718716338277, 4040282.267911392264068 ], [ -13214105.277434345334768, 4040276.058272283989936 ], [ -13214116.156966922804713, 4040241.584811359178275 ], [ -13214146.302338909357786, 4040146.220934562850744 ], [ -13214163.278529640287161, 4040087.968130732886493 ], [ -13214168.076465819031, 4040063.599749045912176 ], [ -13214170.225009689107537, 4040042.739701783284545 ], [ -13214171.42722980119288, 4040021.489752304274589 ], [ -13214170.570091204717755, 4040005.22641655895859 ], [ -13214167.564374005421996, 4039976.449827877804637 ], [ -13214161.653299583122134, 4039941.114115090575069 ], [ -13214151.868273818865418, 4039902.647026832681149 ], [ -13214129.248236333951354, 4039835.282678466290236 ], [ -13214109.911992467939854, 4039776.359370074700564 ], [ -13214093.959946954622865, 4039734.788024150300771 ], [ -13214078.675817713141441, 4039691.792093912605196 ], [ -13214071.85192602686584, 4039673.244349740445614 ], [ -13214055.076078651472926, 4039629.173544197808951 ], [ -13214031.498557180166245, 4039582.549064462538809 ], [ -13213997.980178132653236, 4039519.971308226697147 ], [ -13213989.163806594908237, 4039504.529332784470171 ], [ -13213964.784813512116671, 4039461.829240303952247 ], [ -13213919.388763681054115, 4039382.2640321534127 ], [ -13213883.387914344668388, 4039314.472688137553632 ], [ -13213876.820069732144475, 4039292.081662205047905 ], [ -13213875.617844166234136, 4039270.873537101317197 ], [ -13213880.994724851101637, 4039242.811129710171372 ], [ -13213894.731473539024591, 4039212.961170841474086 ], [ -13213919.27743406035006, 4039165.841244268231094 ], [ -13213951.871692132204771, 4039078.415754236746579 ], [ -13213986.269396418705583, 4038971.409631717018783 ], [ -13214015.35724782384932, 4038918.25635593617335 ], [ -13214044.923637565225363, 4038882.426712148822844 ], [ -13214083.729661704972386, 4038846.892782902810723 ], [ -13214106.504831917583942, 4038822.470349854324013 ], [ -13214119.084744893014431, 4038808.980472271330655 ], [ -13214135.393114192411304, 4038789.560703753493726 ], [ -13214151.567707296460867, 4038764.079661881085485 ], [ -13214177.371669569984078, 4038716.302971818484366 ], [ -13214225.138867853209376, 4038637.952458489220589 ], [ -13214263.354759098961949, 4038569.157688366249204 ], [ -13214285.240233993157744, 4038522.080789075698704 ], [ -13214319.916203945875168, 4038432.45621715253219 ], [ -13214331.860854217782617, 4038405.592013047076762 ], [ -13214350.072675263509154, 4038366.47149463230744 ], [ -13214369.040845574811101, 4038329.877686291001737 ], [ -13214385.661528827622533, 4038297.812679440714419 ], [ -13214505.630547842010856, 4038110.679574669804424 ], [ -13214519.723563203588128, 4038083.883231062442064 ], [ -13214534.050471281632781, 4038041.834231581538916 ], [ -13214551.316082891076803, 4037837.181871332693845 ], [ -13214574.181122777983546, 4037708.37754030385986 ], [ -13214577.053110091015697, 4037682.589903847314417 ], [ -13214578.010403720661998, 4037657.742927086073905 ], [ -13214575.138465052470565, 4037631.942050009965897 ], [ -13214567.490728206932545, 4037600.416682973969728 ], [ -13214546.473705524578691, 4037559.323546246625483 ], [ -13214515.905271608382463, 4037509.643852801527828 ], [ -13214446.152541238814592, 4037411.225565439555794 ], [ -13214416.530426854267716, 4037390.209184268955141 ], [ -13214383.513012340292335, 4037374.675038643646985 ], [ -13214338.729161158204079, 4037355.862311405595392 ], [ -13214310.365009892731905, 4037341.242268451955169 ], [ -13214260.794390106573701, 4037308.038021488580853 ], [ -13214237.862711368128657, 4037299.43782711494714 ], [ -13214211.112550454214215, 4037296.575712924357504 ], [ -13214184.351389620453119, 4037300.391929503530264 ], [ -13214147.638189716264606, 4037311.679629432503134 ], [ -13214117.481727417558432, 4037318.546088416595012 ], [ -13214018.641213769093156, 4037331.083395746070892 ], [ -13213958.9294268861413, 4037354.679844661150128 ], [ -13213934.027185661718249, 4037362.50062187993899 ], [ -13213900.70933910086751, 4037365.537582154385746 ], [ -13213862.359727097675204, 4037357.73026319919154 ], [ -13213827.015805024653673, 4037345.300453730858862 ], [ -13213785.927782198414207, 4037335.746259046718478 ], [ -13213755.348368728533387, 4037330.976021479815245 ], [ -13213727.640934223309159, 4037328.100305958651006 ], [ -13213702.80543315038085, 4037325.238088203128427 ], [ -13213678.916332209482789, 4037315.683957073837519 ], [ -13213615.853825315833092, 4037283.205338448751718 ], [ -13213588.146458268165588, 4037273.651228528469801 ], [ -13213563.299903839826584, 4037271.729612314607948 ], [ -13213536.549832763150334, 4037273.651156194508076 ], [ -13213471.583697006106377, 4037297.529815462417901 ], [ -13213417.905751910060644, 4037317.486976715736091 ], [ -13213374.902832241728902, 4037333.475329840090126 ], [ -13213336.085811074823141, 4037341.537888416554779 ], [ -13213293.394635962322354, 4037341.242249208968133 ], [ -13213249.801959101110697, 4037332.279342452995479 ], [ -13213205.007034856826067, 4037307.79607682581991 ], [ -13213113.279787020757794, 4037244.021588440053165 ], [ -13213089.757917501032352, 4037221.50028881104663 ], [ -13213068.373407587409019, 4037197.205351120326668 ], [ -13213037.794078832492232, 4037157.081153138540685 ], [ -13213010.086640095338225, 4037112.173441857565194 ], [ -13212991.941534711048007, 4037079.681914494838566 ], [ -13212985.217797167599201, 4037055.938218710478395 ], [ -13212976.646216969937086, 4037021.404545627534389 ], [ -13212973.785232920199633, 4036995.605017182417214 ], [ -13212973.785317078232765, 4036965.989324204158038 ], [ -13212977.603598209097981, 4036922.990542119834572 ], [ -13212988.535091500729322, 4036857.242782015819103 ], [ -13212996.59469398856163, 4036795.72824103012681 ], [ -13212996.717103129252791, 4036749.10202730121091 ], [ -13212991.941523130983114, 4036702.274378997739404 ], [ -13212980.475603779777884, 4036638.973568913061172 ], [ -13212956.586378829553723, 4036506.406912346370518 ], [ -13212953.714462535455823, 4036491.115985551383346 ], [ -13212951.810858946293592, 4036463.409766365773976 ], [ -13212951.810922285541892, 4036448.118964454624802 ], [ -13212954.671835537999868, 4036429.96622216142714 ], [ -13212964.234041539952159, 4036395.568613504059613 ], [ -13212982.869001552462578, 4036359.505153777077794 ], [ -13213000.780296266078949, 4036338.598005474545062 ], [ -13213026.339194133877754, 4036312.450616927351803 ], [ -13213036.938111092895269, 4036304.667341646272689 ], [ -13213068.906691512092948, 4036281.191039010882378 ], [ -13213127.372790919616818, 4036241.264857307542115 ], [ -13213153.955811401829123, 4036217.96627211663872 ], [ -13213196.056950911879539, 4036174.379072044976056 ], [ -13213211.369419978931546, 4036148.109954026527703 ], [ -13213213.600813718512654, 4036144.281852095853537 ], [ -13213228.59559309668839, 4036112.276886558160186 ], [ -13213234.789296019822359, 4036087.377894328907132 ], [ -13213242.632982334122062, 4036055.84511856874451 ], [ -13213244.180315686389804, 4036013.387092761695385 ], [ -13213234.629136996343732, 4035957.976917205844074 ], [ -13213217.853256115689874, 4035913.718749763909727 ], [ -13213196.346382590010762, 4035876.393883956130594 ], [ -13213172.523931298404932, 4035846.190013108309358 ], [ -13213134.29691, 4035812.748213515616953 ], [ -13213090.303416628390551, 4035781.079945382196456 ], [ -13213030.636109668761492, 4035735.170070153661072 ], [ -13213002.271934252232313, 4035706.202622181270272 ], [ -13212968.831580925732851, 4035661.4081971347332 ], [ -13212928.582298029214144, 4035582.535742684733123 ], [ -13212897.642748419195414, 4035521.906708789523691 ], [ -13212868.463552357628942, 4035460.885017613414675 ], [ -13212858.953776055946946, 4035460.951265329495072 ], [ -13212711.339228309690952, 4035108.580852216109633 ], [ -13212610.911789752542973, 4034907.046489897649735 ], [ -13212738.530030056834221, 4034897.93193230452016 ], [ -13212754.29021242633462, 4034896.502816493622959 ], [ -13212770.051410580053926, 4034895.679638151545078 ], [ -13212821.472902251407504, 4034892.008507343474776 ], [ -13212909.421950984746218, 4034885.736062414012849 ], [ -13212984.35735527984798, 4034880.372613972984254 ], [ -13213037.027454337105155, 4034876.607043615542352 ], [ -13213216.550067890435457, 4034863.781642832793295 ], [ -13213223.447920026257634, 4034863.290696274489164 ], [ -13213391.389957824721932, 4034849.797230250202119 ], [ -13213440.97150918468833, 4034845.81124128587544 ], [ -13213453.977018283680081, 4034817.744516580365598 ], [ -13213509.042351327836514, 4034807.02674939064309 ], [ -13213542.309122392907739, 4034661.008581215515733 ], [ -13213516.42219771258533, 4034493.979268392082304 ], [ -13213397.893106441944838, 4034292.990443888120353 ], [ -13213378.54724758118391, 4034260.148681483697146 ], [ -13213402.100366486236453, 4034248.319067040923983 ], [ -13213423.92444690130651, 4034237.852624934632331 ], [ -13213445.920540533959866, 4034227.772633279673755 ], [ -13213468.091780688613653, 4034218.078704811632633 ], [ -13213490.427469901740551, 4034208.775151210837066 ], [ -13213512.923749832436442, 4034199.861634145025164 ], [ -13213535.569730326533318, 4034191.349491366185248 ], [ -13213558.358128745108843, 4034183.231262971181422 ], [ -13213581.288878409191966, 4034175.514456716366112 ], [ -13213590.953520715236664, 4034172.449204328004271 ], [ -13213598.172903502359986, 4034170.161636258941144 ], [ -13213604.343440504744649, 4034168.202591761481017 ], [ -13213640.429613448679447, 4034157.414515210315585 ], [ -13213681.700853575021029, 4034145.072850370779634 ], [ -13213683.424436181783676, 4034144.535637846682221 ], [ -13213687.542895220220089, 4034143.224459736607969 ], [ -13213705.811518596485257, 4034136.934193914756179 ], [ -13213723.890078417956829, 4034129.889975023921579 ], [ -13213741.757410056889057, 4034122.09994710655883 ], [ -13213759.392236582934856, 4034113.573345237411559 ], [ -13213776.773769965395331, 4034104.320370174944401 ], [ -13213785.459062686190009, 4034099.349954873789102 ], [ -13213796.412067133933306, 4034092.744485775474459 ], [ -13213807.233439061790705, 4034085.830370273906738 ], [ -13213809.665503326803446, 4034084.200101561378688 ], [ -13213824.330097410827875, 4034074.073170688468963 ], [ -13213838.696798419579864, 4034063.342396668624133 ], [ -13213852.748330796137452, 4034052.020135843660682 ], [ -13213866.468032576143742, 4034040.120193764567375 ], [ -13213868.184374516829848, 4034038.579962018411607 ], [ -13213884.132134901359677, 4034023.441720274742693 ], [ -13213899.576443424448371, 4034007.561449435539544 ], [ -13213904.228738307952881, 4034002.331174721475691 ], [ -13213917.253239067271352, 4033987.298720673192292 ], [ -13213929.72186516970396, 4033971.594982257578522 ], [ -13213941.610954767093062, 4033955.249802486971021 ], [ -13213952.897698275744915, 4033938.294108314905316 ], [ -13213963.560744611546397, 4033920.760511918924749 ], [ -13213973.579710960388184, 4033902.682102976832539 ], [ -13213982.935430658981204, 4033884.093415797222406 ], [ -13213991.610432451590896, 4033865.030062535312027 ], [ -13213998.228218659758568, 4033848.757148773875087 ], [ -13214004.281285325065255, 4033832.167405769694597 ], [ -13214009.759221285581589, 4033815.288885250221938 ], [ -13214014.652590215206146, 4033798.151085251476616 ], [ -13214018.95291680470109, 4033780.783012317493558 ], [ -13214022.652939010411501, 4033763.214754241053015 ], [ -13214025.746241381391883, 4033745.476755892857909 ], [ -13214028.125148251652718, 4033728.153396684676409 ], [ -13214029.896702770143747, 4033710.724368590861559 ], [ -13214031.057628916576505, 4033693.220820214599371 ], [ -13214031.606096928939223, 4033675.673889639321715 ], [ -13214031.540999853983521, 4033658.114588496740907 ], [ -13214030.862437646836042, 4033640.57416186388582 ], [ -13214029.571596201509237, 4033623.083967969287187 ], [ -13214023.36666726693511, 4033556.00355101749301 ], [ -13214022.962672024965286, 4033551.55173438321799 ], [ -13214017.499861152842641, 4033491.558227837551385 ], [ -13214017.595154201611876, 4033489.940432681236416 ], [ -13214017.906386910006404, 4033488.362779684364796 ], [ -13214018.425409803166986, 4033486.86674429802224 ], [ -13214019.138273885473609, 4033485.491905002854764 ], [ -13214020.026306424289942, 4033484.274603599216789 ], [ -13214021.066103827208281, 4033483.24697647197172 ], [ -13214022.230008322745562, 4033482.436103483196348 ], [ -13214023.487430211156607, 4033481.863514253403991 ], [ -13214024.805083399638534, 4033481.544338800478727 ], [ -13214026.148186897858977, 4033481.486814636271447 ], [ -13214053.244103254750371, 4033478.985172141343355 ], [ -13214236.178700391203165, 4033462.035135595593601 ], [ -13214265.161738928407431, 4033459.349642317742109 ], [ -13214681.130258452147245, 4033420.867762262932956 ], [ -13214699.95582203567028, 4033419.09533485583961 ], [ -13214701.364530006423593, 4033418.957334858831018 ] ] ] } },
{ "type": "Feature", "properties": { "OBJECTID": 489, "zoneId": "US-CA-XLA-LOS-Q0814", "country_abbr": "US", "state_abbr": "CA", "county_abb": "XLA", "city_abbr": "LOS", "zone_sequence": "Q0814", "city_zone_sequence": "LOS-Q0814", "incident_name": "PALISADES", "most_extreme_status": "Evacuation Order", "datetime": "2025-01-08T05:16:00", "datetime_1h": "2025-01-08T05:00:00", "datetime_2h": "2025-01-08T06:00:00", "datetime_3h": "2025-01-08T06:00:00", "datetime_4h": "2025-01-08T04:00:00", "datetime_6h": "2025-01-08T06:00:00", "datetime_8h": "2025-01-08T08:00:00", "datetime_12h": "2025-01-08T00:00:00" }, "geometry": { "type": "Polygon", "coordinates": [ [ [ -13194624.225516751408577, 4035490.50810431689024 ], [ -13194611.700131732970476, 4035482.536697722505778 ], [ -13194595.683174598962069, 4035472.343406515195966 ], [ -13194581.389804856851697, 4035460.547099427785724 ], [ -13194566.996148055419326, 4035446.171225367113948 ], [ -13194552.079352984204888, 4035426.837676815222949 ], [ -13194541.481764180585742, 4035409.868817689828575 ], [ -13194539.66736713051796, 4035405.979391552042216 ], [ -13194532.331265635788441, 4035390.253385400865227 ], [ -13194521.655697967857122, 4035366.365251695737243 ], [ -13194515.110166346654296, 4035350.793787063565105 ], [ -13194507.006088715046644, 4035339.185757732018828 ], [ -13194498.145103, 4035327.483619802165776 ], [ -13194480.823746150359511, 4035309.735787715297192 ], [ -13194463.502452418208122, 4035294.849503837525845 ], [ -13194447.483572794124484, 4035283.819216332864016 ], [ -13194430.696575993672013, 4035275.207200445700437 ], [ -13194404.180251579731703, 4035267.643174621276557 ], [ -13194386.640888422727585, 4035264.116679610684514 ], [ -13194377.519332610070705, 4035262.282601933460683 ], [ -13194365.641417931765318, 4035259.756765519268811 ], [ -13194353.763679582625628, 4035257.217471404001117 ], [ -13194355.567135147750378, 4035246.711311938706785 ], [ -13194344.201367381960154, 4035249.00867052283138 ], [ -13194329.228954311460257, 4035244.870590052567422 ], [ -13194317.284341558814049, 4035240.114574655424803 ], [ -13194299.651333769783378, 4035229.688912285957485 ], [ -13194288.775434440001845, 4035221.184551168698817 ], [ -13194276.608147080987692, 4035209.804860322736204 ], [ -13194232.803998921066523, 4035167.014229692518711 ], [ -13194192.71702796779573, 4035127.138247078750283 ], [ -13194185.628065204247832, 4035120.08657386386767 ], [ -13194180.839542090892792, 4035115.134337960742414 ], [ -13194160.67351895943284, 4035094.753320490941405 ], [ -13194150.817119810730219, 4035084.791935154236853 ], [ -13194125.148756589740515, 4035059.551936395466328 ], [ -13194121.979103740304708, 4035056.435158069245517 ], [ -13194115.099102353677154, 4035049.672836666926742 ], [ -13194107.970170883461833, 4035042.660009919200093 ], [ -13194060.047276815399528, 4034995.517031046561897 ], [ -13194072.882325494661927, 4034981.182027892675251 ], [ -13194107.224337976425886, 4034951.625501446891576 ], [ -13194123.343486404046416, 4034939.977516601327807 ], [ -13194127.840794388204813, 4034937.49204237991944 ], [ -13194140.664769671857357, 4034930.425367846153677 ], [ -13194156.48336660861969, 4034925.051360212266445 ], [ -13194155.425755860283971, 4034882.221417721360922 ], [ -13194153.410881424322724, 4034853.739925635047257 ], [ -13194149.436775047332048, 4034831.169569246005267 ], [ -13194143.225132657214999, 4034812.737263499759138 ], [ -13194153.724381601437926, 4034805.685150212142617 ], [ -13194175.215908953920007, 4034790.510297084227204 ], [ -13194183.390847897157073, 4034741.702823926694691 ], [ -13194192.104363227263093, 4034687.448384747840464 ], [ -13194197.48280761949718, 4034653.981177562847733 ], [ -13194200.429950729012489, 4034635.625471981242299 ], [ -13194201.718130080029368, 4034618.345545158721507 ], [ -13194204.105619348585606, 4034586.344855693634599 ], [ -13194208.43461849540472, 4034528.459513848647475 ], [ -13194213.76784479804337, 4034479.960564156994224 ], [ -13194214.252687711268663, 4034475.552823028061539 ], [ -13194216.515163855627179, 4034454.983629669062793 ], [ -13194236.674997622147202, 4034409.99157375190407 ], [ -13194258.63200787268579, 4034273.30321322241798 ], [ -13194242.405983492732048, 4034253.639027759432793 ], [ -13194144.208713049069047, 4034237.399302769917995 ], [ -13194211.860054926946759, 4034054.221801261417568 ], [ -13194129.312771571800113, 4033910.516939288005233 ], [ -13194120.102725779637694, 4033894.544490493368357 ], [ -13194110.896322701126337, 4033878.572037596255541 ], [ -13194106.495381327345967, 4033870.938998485449702 ], [ -13194101.689845256507397, 4033862.603475580457598 ], [ -13194093.955542029812932, 4033849.185258727055043 ], [ -13194091.882314031943679, 4033845.471444123890251 ], [ -13194085.963871035724878, 4033833.490237070713192 ], [ -13194080.923867734149098, 4033821.110349873546511 ], [ -13194077.535377461463213, 4033810.975998163688928 ], [ -13194074.758681746199727, 4033800.655575378797948 ], [ -13194073.777370378375053, 4033796.330754229798913 ], [ -13194072.046767853200436, 4033787.000123693142086 ], [ -13194070.872188705950975, 4033778.212297006975859 ], [ -13194070.132187159731984, 4033769.377026484813541 ], [ -13194069.817536162212491, 4033762.478583049029112 ], [ -13194069.824472479522228, 4033755.572645335458219 ], [ -13194070.21603767387569, 4033747.822516777552664 ], [ -13194071.012809600681067, 4033740.103574378881603 ], [ -13194072.908895898610353, 4033729.511425451841205 ], [ -13194075.677321020513773, 4033719.114661484956741 ], [ -13194079.29869188927114, 4033708.986289191991091 ], [ -13194083.678702969104052, 4033699.328565046191216 ], [ -13194088.836735881865025, 4033690.067025902215391 ], [ -13194094.737674221396446, 4033681.264465860556811 ], [ -13194100.191158967092633, 4033674.301076180767268 ], [ -13194106.10995439812541, 4033667.7322345552966 ], [ -13194111.188602708280087, 4033662.756713765673339 ], [ -13194116.534445181488991, 4033658.071778536308557 ], [ -13194125.093235548585653, 4033651.550611417740583 ], [ -13194134.164949171245098, 4033645.771673969458789 ], [ -13194143.686028519645333, 4033640.775625616312027 ], [ -13194140.420333890244365, 4033633.856778196524829 ], [ -13194173.709260202944279, 4033585.735343612730503 ], [ -13194187.424901822581887, 4033611.797673057299107 ], [ -13194178.23670849762857, 4033630.096808849368244 ], [ -13194187.565526505932212, 4033628.955570914782584 ], [ -13194196.952655110508204, 4033628.502990524284542 ], [ -13194206.347476003691554, 4033628.74102881969884 ], [ -13194217.032249677926302, 4033629.852964313700795 ], [ -13194227.586789902299643, 4033631.859457002021372 ], [ -13194237.937251891940832, 4033634.746726441197097 ], [ -13194248.289383444935083, 4033638.60161530226469 ], [ -13194255.8166638109833, 4033642.075936167966574 ], [ -13194263.102486524730921, 4033646.035341465845704 ], [ -13194271.323148278519511, 4033651.263864079955965 ], [ -13194278.214522065594792, 4033656.374877174384892 ], [ -13194284.749747617170215, 4033661.938034767750651 ], [ -13194291.339080454781651, 4033668.375173281878233 ], [ -13194297.447671389207244, 4033675.274439670145512 ], [ -13194303.685577498748899, 4033683.483883250970393 ], [ -13194309.252213163301349, 4033692.166513017844409 ], [ -13194311.19632569514215, 4033695.592925080098212 ], [ -13194316.299272825941443, 4033704.632116787601262 ], [ -13194319.999620528891683, 4033705.391358423046768 ], [ -13194331.571412397548556, 4033707.785161682870239 ], [ -13194342.178733645007014, 4033704.247014887165278 ], [ -13194338.566062729805708, 4033698.364869387820363 ], [ -13194331.806754158809781, 4033687.359648731537163 ], [ -13194325.054889742285013, 4033676.369291636627167 ], [ -13194318.721978902816772, 4033665.385577004868537 ], [ -13194312.894652247428894, 4033654.122965625487268 ], [ -13194307.579081106930971, 4033642.609281064011157 ], [ -13194302.816180735826492, 4033630.85424021165818 ], [ -13194298.567476, 4033618.900433984119445 ], [ -13194294.886423302814364, 4033606.758481870405376 ], [ -13194291.751142576336861, 4033594.463257427792996 ], [ -13194289.19114850461483, 4033582.03446763753891 ], [ -13194288.27061334811151, 4033576.731260640081018 ], [ -13194286.065319688990712, 4033562.483318851795048 ], [ -13194283.95347317866981, 4033547.105356203857809 ], [ -13194282.92792221903801, 4033538.535910872742534 ], [ -13194282.105913383886218, 4033531.689208099618554 ], [ -13194280.60758176073432, 4033517.013131389394403 ], [ -13194279.238052906468511, 4033500.959679416380823 ], [ -13194278.863857224583626, 4033495.450422796886414 ], [ -13194278.182715078815818, 4033485.284623121842742 ], [ -13194277.608735088258982, 4033473.822453245520592 ], [ -13194276.87880383618176, 4033452.18812961038202 ], [ -13194276.696321800351143, 4033430.539826505817473 ], [ -13194276.99287436529994, 4033408.888803171925247 ], [ -13194277.69645818695426, 4033390.443829452618957 ], [ -13194278.447755765169859, 4033376.667889768257737 ], [ -13194279.239056453108788, 4033365.641644312534481 ], [ -13194279.564909862354398, 4033361.180914904456586 ], [ -13194280.950401263311505, 4033345.718465749174356 ], [ -13194283.10266543366015, 4033323.685210733674467 ], [ -13194285.080738868564367, 4033303.480107847135514 ], [ -13194326.021845795214176, 4033307.63490866497159 ], [ -13194366.737774984911084, 4033246.024387149140239 ], [ -13194292.527847938239574, 4033212.334718923550099 ], [ -13194288.988941881805658, 4033210.810381494928151 ], [ -13194287.62490720115602, 4033206.122090866789222 ], [ -13194289.852261155843735, 4033203.013690692838281 ], [ -13194291.93752502091229, 4033199.171316589228809 ], [ -13194293.470331290736794, 4033195.073419574182481 ], [ -13194294.421691704541445, 4033190.801290485076606 ], [ -13194294.770093435421586, 4033186.436543965246528 ], [ -13194278.796952651813626, 4033088.712151585146785 ], [ -13194275.246853979304433, 4033067.635679867118597 ], [ -13194292.805148685351014, 4033076.845499142538756 ], [ -13194331.978530930355191, 4033095.006366196088493 ], [ -13194369.237097373232245, 4033108.385269143618643 ], [ -13194395.987121473997831, 4033115.074756819754839 ], [ -13194493.480717815458775, 4033137.896746467798948 ], [ -13194526.186498092487454, 4033149.851932503748685 ], [ -13194573.02970452979207, 4033170.981405294500291 ], [ -13194760.090875225141644, 4033264.675038881134242 ], [ -13194985.457197358831763, 4033377.981271285098046 ], [ -13195119.37463628873229, 4033444.958161584101617 ], [ -13195168.444244677200913, 4033470.319850770756602 ], [ -13195195.73983346670866, 4033487.796217860188335 ], [ -13195223.10221884958446, 4033508.241432744543999 ], [ -13195257.421872144564986, 4033538.841974280308932 ], [ -13195299.188994850963354, 4033577.556427992414683 ], [ -13195339.820657080039382, 4033612.213959547691047 ], [ -13195329.089396607130766, 4033627.514529714826494 ], [ -13195303.508122520521283, 4033663.50214670272544 ], [ -13195272.939776657149196, 4033698.617033855058253 ], [ -13195266.373908855021, 4033706.159316341392696 ], [ -13195252.267055697739124, 4033720.31657485710457 ], [ -13195245.379693977534771, 4033727.228641747497022 ], [ -13195238.642405515536666, 4033734.618279369082302 ], [ -13195201.617419313639402, 4033775.227348796557635 ], [ -13195171.906300652772188, 4033814.036599895451218 ], [ -13195150.644281586632133, 4033849.36665995279327 ], [ -13195138.588351121172309, 4033872.499135245103389 ], [ -13195129.059381561353803, 4033893.925665913149714 ], [ -13195117.237240506336093, 4033925.978219974786043 ], [ -13195106.795546296983957, 4033965.231200707145035 ], [ -13195088.271960208192468, 4034058.380534899421036 ], [ -13195076.906248101964593, 4034101.126746768597513 ], [ -13195063.781763516366482, 4034133.636456792242825 ], [ -13195044.690333254635334, 4034175.200863696634769 ], [ -13195031.188372621312737, 4034200.957124664448202 ], [ -13195025.542756333947182, 4034211.726936064194888 ], [ -13195020.692256987094879, 4034220.979706376791 ], [ -13195016.673163399100304, 4034228.646447874605656 ], [ -13195014.581977337598801, 4034232.635642004664987 ], [ -13195011.31683106534183, 4034238.864281376823783 ], [ -13194987.427590530365705, 4034289.604485111776739 ], [ -13194969.182401796802878, 4034334.783212705515325 ], [ -13194957.883450882509351, 4034376.200517699122429 ], [ -13194941.152089226990938, 4034462.353895774111152 ], [ -13194932.302277762442827, 4034497.229167600162327 ], [ -13194923.029337573796511, 4034526.81149535626173 ], [ -13194864.931722158566117, 4034681.145759304054081 ], [ -13194854.879512026906013, 4034712.3541688635014 ], [ -13194844.07037989795208, 4034750.736611131578684 ], [ -13194817.743410492315888, 4034875.625019270926714 ], [ -13194807.891535038128495, 4034910.461357828695327 ], [ -13194799.119567619636655, 4034933.918417227920145 ], [ -13194786.763150231912732, 4034962.655509364325553 ], [ -13194762.406372841447592, 4035003.215170452836901 ], [ -13194754.157601801678538, 4035014.715471962932497 ], [ -13194748.235424483194947, 4035022.655451756902039 ], [ -13194710.731833489611745, 4035070.712182567454875 ], [ -13194683.425238652154803, 4035116.565686230547726 ], [ -13194668.397143684327602, 4035151.792325065936893 ], [ -13194660.415488105267286, 4035176.929310778155923 ], [ -13194653.402418071404099, 4035202.388735464308411 ], [ -13194647.791771465912461, 4035242.156812564469874 ], [ -13194645.988530300557613, 4035331.285738364327699 ], [ -13194645.209232527762651, 4035369.898845618590713 ], [ -13194645.12567244283855, 4035374.036175705492496 ], [ -13194643.862369323149323, 4035398.247331417631358 ], [ -13194638.429928636178374, 4035429.350212628021836 ], [ -13194630.748804956674576, 4035462.441479134839028 ], [ -13194626.207040533423424, 4035476.360672790557146 ], [ -13194622.546006975695491, 4035473.993139124941081 ], [ -13194623.599451035261154, 4035484.352049368899316 ], [ -13194624.225516751408577, 4035490.50810431689024 ] ] ] } },
{ "type": "Feature", "properties": { "OBJECTID": 492, "zoneId": "US-CA-XLA-LOS-Q0806", "country_abbr": "US", "state_abbr": "CA", "county_abb": "XLA", "city_abbr": "LOS", "zone_sequence": "Q0806", "city_zone_sequence": "LOS-Q0806", "incident_name": "PALISADES", "most_extreme_status": "Evacuation Order", "datetime": "2025-01-08T05:16:00", "datetime_1h": "2025-01-08T05:00:00", "datetime_2h": "2025-01-08T06:00:00", "datetime_3h": "2025-01-08T06:00:00", "datetime_4h": "2025-01-08T04:00:00", "datetime_6h": "2025-01-08T06:00:00", "datetime_8h": "2025-01-08T08:00:00", "datetime_12h": "2025-01-08T00:00:00" }, "geometry": { "type": "Polygon", "coordinates": [ [ [ -13196189.522197388112545, 4035254.463373148813844 ], [ -13196165.098138280212879, 4035271.989565635100007 ], [ -13196149.219062687829137, 4035279.237796839792281 ], [ -13196134.285535076633096, 4035285.807673796545714 ], [ -13196114.069916659966111, 4035290.590541285462677 ], [ -13196042.830214373767376, 4035306.38973943842575 ], [ -13196034.439759448170662, 4035308.250599487219006 ], [ -13195999.618531588464975, 4035315.97381130233407 ], [ -13195955.918362954631448, 4035328.189728825353086 ], [ -13195927.732263324782252, 4035336.068812934681773 ], [ -13195877.092967182397842, 4035358.035535556729883 ], [ -13195873.61984983086586, 4035358.854932697489858 ], [ -13195870.146853819489479, 4035359.674570387229323 ], [ -13195855.463697658851743, 4035363.154332505073398 ], [ -13195840.78053236566484, 4035366.634076313581318 ], [ -13195824.539007527753711, 4035367.111057121306658 ], [ -13195808.29760124348104, 4035367.587892486248165 ], [ -13195790.146931996569037, 4035365.68013016693294 ], [ -13195771.996268989518285, 4035363.772338583134115 ], [ -13195788.676019700244069, 4035339.989947380963713 ], [ -13195823.058826543390751, 4035350.455347468145192 ], [ -13195836.68966531008482, 4035332.730921647511423 ], [ -13195847.944788517430425, 4035318.109210300259292 ], [ -13195859.185273764654994, 4035303.506238421890885 ], [ -13195863.393040422350168, 4035298.034268984105438 ], [ -13195854.543779877945781, 4035278.035121044144034 ], [ -13195861.183214502409101, 4035260.688165221363306 ], [ -13195879.386626031249762, 4035236.308358076959848 ], [ -13195858.728111444041133, 4035204.947115381248295 ], [ -13195846.203887825831771, 4035189.051260713953525 ], [ -13195847.280716326087713, 4035183.948241674806923 ], [ -13195848.082747876644135, 4035178.772218428086489 ], [ -13195848.606841264292598, 4035173.544404551852494 ], [ -13195849.056530037894845, 4035169.39522691629827 ], [ -13195849.303149463608861, 4035160.68737404840067 ], [ -13195848.857538988813758, 4035149.33032540185377 ], [ -13195887.088633470237255, 4035143.476111630909145 ], [ -13195891.053161473944783, 4035142.509934461209923 ], [ -13195894.892017228528857, 4035140.972738573327661 ], [ -13195892.688659638166428, 4035120.047126631252468 ], [ -13195889.603659138083458, 4035101.85216171387583 ], [ -13195886.518789218738675, 4035083.65722448611632 ], [ -13195864.783948294818401, 4035087.377898086793721 ], [ -13195860.462236564606428, 4035061.901907809544355 ], [ -13195856.140545098111033, 4035036.426094182766974 ], [ -13195877.261773619800806, 4035013.522613482084125 ], [ -13195883.598847696557641, 4034998.06038024649024 ], [ -13195864.61535581573844, 4034975.414450728800148 ], [ -13195863.068018011748791, 4034952.002147567924112 ], [ -13195876.962847275659442, 4034928.76494084764272 ], [ -13195891.167515534907579, 4034905.064744953997433 ], [ -13195910.104274043813348, 4034894.935506935697049 ], [ -13195929.357912164181471, 4034899.131878633983433 ], [ -13195932.335971254855394, 4034895.161220683250576 ], [ -13195938.319933785125613, 4034886.185153650119901 ], [ -13195963.253244392573833, 4034856.763876704033464 ], [ -13195982.202695215120912, 4034842.801194640807807 ], [ -13195987.687949206680059, 4034833.825055581517518 ], [ -13195992.175978044047952, 4034820.859701173845679 ], [ -13195998.160023620352149, 4034727.608770206104964 ], [ -13195991.677362017333508, 4034705.168913596775383 ], [ -13195980.706725899130106, 4034678.739320698659867 ], [ -13195950.287905821576715, 4034640.341948698274791 ], [ -13195909.397195570170879, 4034636.851325451862067 ], [ -13195883.965043399482965, 4034619.397912069223821 ], [ -13195870.002455964684486, 4034584.989936313591897 ], [ -13195822.379589520394802, 4034502.709731615614146 ], [ -13195814.650313707068563, 4034470.296342335641384 ], [ -13195822.878244178369641, 4034442.869560210034251 ], [ -13195847.06371333822608, 4034411.453522335737944 ], [ -13195861.530580069869757, 4034386.894084599334747 ], [ -13195899.00069584697485, 4034276.412201480008662 ], [ -13195903.631558837369084, 4034266.121765571646392 ], [ -13195915.420253835618496, 4034253.42670519137755 ], [ -13195926.618976240977645, 4034244.318436281289905 ], [ -13195941.546898137778044, 4034223.576402317266911 ], [ -13195977.525397639721632, 4034194.008404352236539 ], [ -13196021.273998711258173, 4034160.866911821067333 ], [ -13196032.918059526011348, 4034151.906496986281127 ], [ -13196036.803109308704734, 4034143.994064305443317 ], [ -13196040.387531232088804, 4034125.038996967487037 ], [ -13196053.667963406071067, 4034084.132981118280441 ], [ -13196056.206148317083716, 4034072.042540860828012 ], [ -13196056.807148667052388, 4034040.392725308425725 ], [ -13196061.832293936982751, 4034019.564919276162982 ], [ -13196079.406252633780241, 4034025.079731261823326 ], [ -13196084.581368075683713, 4034026.703740500379354 ], [ -13196171.978271465748549, 4034046.746882026549429 ], [ -13196303.201701905578375, 4034096.277050666045398 ], [ -13196342.397423079237342, 4034107.145012451335788 ], [ -13196373.611369336023927, 4034113.36484456807375 ], [ -13196403.567322302609682, 4034117.677164425607771 ], [ -13196436.083908535540104, 4034119.813121330458671 ], [ -13196464.091854345053434, 4034121.734266092535108 ], [ -13196478.797106094658375, 4034121.828188431914896 ], [ -13196499.435737792402506, 4034121.116287111770362 ], [ -13196526.597621968016028, 4034119.154826146084815 ], [ -13196553.325466552749276, 4034115.850124611519277 ], [ -13196603.319040182977915, 4034108.63622538279742 ], [ -13196648.280976055189967, 4034099.568422386422753 ], [ -13196693.042651284486055, 4034094.020300552714616 ], [ -13196720.805653361603618, 4034092.972373082302511 ], [ -13196751.65232633985579, 4034093.953160169534385 ], [ -13196806.788825489580631, 4034099.178790264762938 ], [ -13196856.737906390801072, 4034104.96867263969034 ], [ -13196899.818567916750908, 4034107.601889700628817 ], [ -13196933.348075356334448, 4034107.561483844649047 ], [ -13196940.416700717061758, 4034110.147463122848421 ], [ -13196947.485571203753352, 4034112.733558290172368 ], [ -13196962.70832165889442, 4034111.228839825373143 ], [ -13196977.931431006640196, 4034109.724340958055109 ], [ -13196989.438622949644923, 4034107.49410389829427 ], [ -13197008.844789925962687, 4034103.732769834809005 ], [ -13197201.513023408129811, 4034046.489416332449764 ], [ -13197334.120352933183312, 4034007.090585412923247 ], [ -13197351.920484224334359, 4034003.330184806603938 ], [ -13197403.750749306753278, 4033992.380639390554279 ], [ -13197430.779129348695278, 4033987.880358185153455 ], [ -13197439.485667955130339, 4033986.612643809523433 ], [ -13197446.713852329179645, 4033985.560216536745429 ], [ -13197451.90753953717649, 4033984.804036302492023 ], [ -13197482.442470852285624, 4033983.084493069909513 ], [ -13197523.75314524024725, 4033982.587490601465106 ], [ -13197550.926274577155709, 4033982.694953662343323 ], [ -13197552.540392721071839, 4033997.40484744310379 ], [ -13197458.252780012786388, 4034108.99886575806886 ], [ -13197442.100349061191082, 4034115.500895185396075 ], [ -13197416.97645558975637, 4034143.592055457178503 ], [ -13197404.437835799530149, 4034157.613228032365441 ], [ -13197397.992680514231324, 4034164.82044569728896 ], [ -13197394.751228043809533, 4034168.445111723151058 ], [ -13197382.967412732541561, 4034181.622318881563842 ], [ -13197352.955679906532168, 4034218.391014378517866 ], [ -13197349.159680258482695, 4034224.637689201626927 ], [ -13197344.94065074250102, 4034233.544522148557007 ], [ -13197341.33395111374557, 4034242.854183441027999 ], [ -13197338.294804340228438, 4034252.755010573193431 ], [ -13197335.433991052210331, 4034264.993427120614797 ], [ -13197332.895846663042903, 4034280.146956891287118 ], [ -13197331.404215689748526, 4034300.486113333143294 ], [ -13197331.771502327173948, 4034309.097296378109604 ], [ -13197332.138910079374909, 4034317.708485271781683 ], [ -13197335.200134515762329, 4034332.91587966773659 ], [ -13197338.005415072664618, 4034342.03087210888043 ], [ -13197340.810820752754807, 4034351.145870513282716 ], [ -13197352.961210589855909, 4034378.014120291452855 ], [ -13197365.111779211089015, 4034404.882419793866575 ], [ -13197369.653543746098876, 4034418.074735889211297 ], [ -13197372.804039288312197, 4034430.971498233266175 ], [ -13197373.282019469887018, 4034437.514737567864358 ], [ -13197373.850318383425474, 4034445.292367115616798 ], [ -13197374.061893541365862, 4034455.421848769299686 ], [ -13197374.273347921669483, 4034465.551219005137682 ], [ -13197373.443998677656054, 4034475.586683762725443 ], [ -13197372.614646762609482, 4034485.621915115043521 ], [ -13197370.48286515660584, 4034495.912532248068601 ], [ -13197368.351200882345438, 4034506.203278749715537 ], [ -13197362.766646340489388, 4034522.714996688533574 ], [ -13197358.499268762767315, 4034533.70576898008585 ], [ -13197352.655123513191938, 4034545.095634853933007 ], [ -13197340.165050262585282, 4034569.452037264592946 ], [ -13197309.184846328571439, 4034619.938351129647344 ], [ -13197300.880362888798118, 4034633.352787266951054 ], [ -13197292.575978860259056, 4034646.766990192700177 ], [ -13197278.126642607152462, 4034666.448471341747791 ], [ -13197261.339648146182299, 4034686.841978075914085 ], [ -13197247.322162387892604, 4034702.536333073861897 ], [ -13197243.993897188454866, 4034706.262617710512131 ], [ -13197240.966151975095272, 4034709.65247295377776 ], [ -13197236.059092197567225, 4034715.349950576666743 ], [ -13197221.086666436865926, 4034732.734337034635246 ], [ -13197214.958513330668211, 4034738.182033778168261 ], [ -13197208.830354321748018, 4034743.629729782231152 ], [ -13197204.584981489926577, 4034746.389835208654404 ], [ -13197187.256522458046675, 4034757.655383589677513 ], [ -13197175.907519629225135, 4034761.920951634179801 ], [ -13197164.558507451787591, 4034766.186388594098389 ], [ -13197160.523182701319456, 4034767.059512365143746 ], [ -13197156.487979177385569, 4034767.932876306585968 ], [ -13197152.886278908699751, 4034768.712281619664282 ], [ -13197148.150058368220925, 4034768.953881830908358 ], [ -13197144.331769553944468, 4034769.148630333598703 ], [ -13197140.513481188565493, 4034769.343498636037111 ], [ -13197123.281308839097619, 4034767.932801622431725 ], [ -13197117.848825180903077, 4034766.602843723725528 ], [ -13197112.416463417932391, 4034765.272882657125592 ], [ -13197103.79479880258441, 4034762.243288591504097 ], [ -13197094.071097496896982, 4034758.59564154734835 ], [ -13197083.172826841473579, 4034752.483045919798315 ], [ -13197071.172649186104536, 4034745.752272454556078 ], [ -13197066.068583073094487, 4034741.285343631636351 ], [ -13197060.964641638100147, 4034736.818413565400988 ], [ -13197050.355930903926492, 4034724.24365753820166 ], [ -13197045.324281791225076, 4034715.679159212391824 ], [ -13197040.2926403619349, 4034707.114665067289025 ], [ -13197031.698701199144125, 4034684.450649282895029 ], [ -13197031.127325527369976, 4034680.35457970155403 ], [ -13197029.363636955618858, 4034667.710204713512212 ], [ -13197028.526147030293941, 4034661.706073929090053 ], [ -13197027.847088342532516, 4034645.517557713668793 ], [ -13197029.249672738835216, 4034638.424254165496677 ], [ -13197030.652375355362892, 4034631.330833087675273 ], [ -13197033.279516227543354, 4034622.168540882878006 ], [ -13197035.906652757897973, 4034613.006255453452468 ], [ -13197040.364929458126426, 4034604.723977314773947 ], [ -13197044.823320150375366, 4034596.441702767275274 ], [ -13197050.584195081144571, 4034588.508703449275345 ], [ -13197056.344940656796098, 4034580.575586247257888 ], [ -13197065.43468158133328, 4034572.448754467535764 ], [ -13197081.85928868688643, 4034557.764246741309762 ], [ -13197096.108234716579318, 4034544.840276330709457 ], [ -13197106.149213600903749, 4034532.118027184158564 ], [ -13197111.481461403891444, 4034524.433632141910493 ], [ -13197116.813581300899386, 4034516.749240426812321 ], [ -13197126.587425578385592, 4034486.831068444531411 ], [ -13197127.951124964281917, 4034477.998004199005663 ], [ -13197129.314822345972061, 4034469.164946667384356 ], [ -13197130.606106953695416, 4034454.427700183819979 ], [ -13197130.038434101268649, 4034436.210805020295084 ], [ -13197127.834241390228271, 4034423.824577522464097 ], [ -13197124.672829857096076, 4034412.297983430325985 ], [ -13197121.004858089610934, 4034404.237579427659512 ], [ -13197117.336770439520478, 4034396.177059494424611 ], [ -13197112.43879889510572, 4034388.143430481199175 ], [ -13197107.540714470669627, 4034380.109926788602024 ], [ -13197096.865152707323432, 4034369.900004357565194 ], [ -13197086.189609641209245, 4034359.689959797542542 ], [ -13197077.935339644551277, 4034355.15601366572082 ], [ -13197069.680954985320568, 4034350.621942801401019 ], [ -13197060.675242243334651, 4034347.296967513859272 ], [ -13197051.669534847140312, 4034343.971985916141421 ], [ -13197045.596987716853619, 4034342.729501124005765 ], [ -13197039.524440586566925, 4034341.48677094746381 ], [ -13197032.188534343615174, 4034340.962900680024177 ], [ -13197024.852507654577494, 4034340.438905178103596 ], [ -13197018.349494956433773, 4034340.882377192843705 ], [ -13197011.850458700209856, 4034341.325581296812743 ], [ -13196998.781559387221932, 4034343.085476616863161 ], [ -13196982.339647220447659, 4034348.056110902223736 ], [ -13196942.541631054133177, 4034365.937409562058747 ], [ -13196917.321906641125679, 4034377.271952632814646 ], [ -13196882.341416211798787, 4034392.993174198549241 ], [ -13196868.394839856773615, 4034398.97227956680581 ], [ -13196853.123289166018367, 4034405.519526029005647 ], [ -13196843.740196447819471, 4034409.542138549964875 ], [ -13196839.741610024124384, 4034411.321337828878313 ], [ -13196835.503212025389075, 4034413.207100698724389 ], [ -13196831.424509966745973, 4034415.018953737337142 ], [ -13196826.55096703954041, 4034417.183735275641084 ], [ -13196781.84210979193449, 4034437.07065131329 ], [ -13196703.789111541584134, 4034471.826867605093867 ], [ -13196671.390942195430398, 4034486.253343700431287 ], [ -13196505.369140123948455, 4034557.75062183663249 ], [ -13196368.301565101370215, 4034619.199497054331005 ], [ -13196350.423508940264583, 4034628.778361310716718 ], [ -13196341.484526110813022, 4034634.494570914655924 ], [ -13196332.545535488054156, 4034640.211018449161202 ], [ -13196306.006993040442467, 4034661.585198996588588 ], [ -13196281.494413003325462, 4034690.71110954368487 ], [ -13196268.414377398788929, 4034715.403739335481077 ], [ -13196260.026509316638112, 4034741.668198483064771 ], [ -13196251.638602716848254, 4034767.932833248283714 ], [ -13196244.352656105533242, 4034795.487378831021488 ], [ -13196237.066913431510329, 4034823.041743053123355 ], [ -13196230.059553420171142, 4034858.261375205591321 ], [ -13196225.912589803338051, 4034879.104676878079772 ], [ -13196223.847622156143188, 4034907.477489502634853 ], [ -13196221.37076704762876, 4034941.509036551229656 ], [ -13196221.905138451606035, 4034961.782130899373442 ], [ -13196222.439511859789491, 4034982.055261445231736 ], [ -13196226.413593301549554, 4035008.898098538629711 ], [ -13196230.387569325044751, 4035035.740271661430597 ], [ -13196232.413655411452055, 4035044.722380961291492 ], [ -13196234.439739495515823, 4035053.703528055455536 ], [ -13196235.680947253480554, 4035063.04080531001091 ], [ -13196236.922157127410173, 4035072.378090109676123 ], [ -13196238.269089570268989, 4035091.697528617456555 ], [ -13196238.380452698096633, 4035101.317014374770224 ], [ -13196238.491694711148739, 4035110.936387808993459 ], [ -13196238.1355109680444, 4035132.063084946013987 ], [ -13196237.779204104095697, 4035153.189579836558551 ], [ -13196236.360589813441038, 4035163.657417429145426 ], [ -13196234.94069835729897, 4035174.134840108919889 ], [ -13196231.918291136622429, 4035184.573864948935807 ], [ -13196228.895998910069466, 4035195.012897931970656 ], [ -13196227.192755153402686, 4035199.688409009948373 ], [ -13196221.726961812004447, 4035211.067928353790194 ], [ -13196217.469066873192787, 4035218.342938190326095 ], [ -13196213.211046477779746, 4035225.618072824552655 ], [ -13196208.050257408991456, 4035233.010759438853711 ], [ -13196199.27384945936501, 4035245.582697154954076 ], [ -13196189.522197388112545, 4035254.463373148813844 ] ] ] } },
{ "type": "Feature", "properties": { "OBJECTID": 616, "zoneId": "US-CA-XLA-LOS-Q0819", "country_abbr": "US", "state_abbr": "CA", "county_abb": "XLA", "city_abbr": "LOS", "zone_sequence": "Q0819", "city_zone_sequence": "LOS-Q0819", "incident_name": "PALISADES", "most_extreme_status": "Evacuation Order", "datetime": "2025-01-08T05:16:00", "datetime_1h": "2025-01-08T05:00:00", "datetime_2h": "2025-01-08T06:00:00", "datetime_3h": "2025-01-08T06:00:00", "datetime_4h": "2025-01-08T04:00:00", "datetime_6h": "2025-01-08T06:00:00", "datetime_8h": "2025-01-08T08:00:00", "datetime_12h": "2025-01-08T00:00:00" }, "geometry": { "type": "Polygon", "coordinates": [ [ [ -13192897.335087047889829, 4035856.485675708856434 ], [ -13192895.211214024573565, 4035876.272948838304728 ], [ -13192895.681244434788823, 4035886.589227139018476 ], [ -13192896.168527916073799, 4035897.286743630189449 ], [ -13192901.990580031648278, 4035917.494303870480508 ], [ -13192901.111184550449252, 4035928.216310965828598 ], [ -13192902.157496146857738, 4035947.026499943807721 ], [ -13192902.908124031499028, 4035956.824536549393088 ], [ -13192899.463642727583647, 4035957.022953365463763 ], [ -13192899.875480430200696, 4035962.370455758646131 ], [ -13192894.643474156036973, 4035968.013673906214535 ], [ -13192890.422656735405326, 4035970.162768180947751 ], [ -13192883.180384101346135, 4035972.332946076989174 ], [ -13192873.470301065593958, 4035973.025756826158613 ], [ -13192864.153992919251323, 4035968.238395694177598 ], [ -13192856.238204080611467, 4035956.727385299745947 ], [ -13192851.028151573613286, 4035945.324476185720414 ], [ -13192847.889321085065603, 4035938.454431987833232 ], [ -13192839.762994807213545, 4035923.540515284053981 ], [ -13192827.629101514816284, 4035914.699560358654708 ], [ -13192827.295074246823788, 4035910.373290895484388 ], [ -13192821.50656870380044, 4035906.611241116654128 ], [ -13192811.933053534477949, 4035904.461459695361555 ], [ -13192805.796017911285162, 4035906.568976320326328 ], [ -13192802.248231787234545, 4035906.342482824809849 ], [ -13192797.684151589870453, 4035908.895321192685515 ], [ -13192789.659588914364576, 4035915.188954739831388 ], [ -13192785.116259114816785, 4035919.549916401039809 ], [ -13192734.699560543522239, 4035925.95895746583119 ], [ -13192666.505292247980833, 4035937.688641821499914 ], [ -13192638.285863671451807, 4035945.306690946221352 ], [ -13192592.600315816700459, 4035950.681170390918851 ], [ -13192563.345531150698662, 4035955.598751639481634 ], [ -13192528.257705241441727, 4035961.577691374346614 ], [ -13192498.69117701984942, 4035972.769941364880651 ], [ -13192472.898352151736617, 4035990.921972413547337 ], [ -13192465.55140658095479, 4035981.288321336265653 ], [ -13192459.885240377858281, 4035977.405396308749914 ], [ -13192453.462046425789595, 4035975.752712444402277 ], [ -13192446.293095709756017, 4035976.652902676723897 ], [ -13192440.025833979249001, 4035979.783481243997812 ], [ -13192430.853026900440454, 4035989.968020701780915 ], [ -13192426.077511135488749, 4036001.442501700948924 ], [ -13192420.433598928153515, 4036031.337621937971562 ], [ -13192414.900977153331041, 4036052.539837753865868 ], [ -13192396.344005569815636, 4036086.788415881339461 ], [ -13192381.34932136721909, 4036106.096160321962088 ], [ -13192370.016864178702235, 4036119.10238728299737 ], [ -13192364.339635936543345, 4036121.76287329569459 ], [ -13192356.870091984048486, 4036122.515311162453145 ], [ -13192351.549098692834377, 4036121.144750906154513 ], [ -13192347.018385287374258, 4036118.632130104117095 ], [ -13192344.625024471431971, 4036114.453606827184558 ], [ -13192342.988598568364978, 4036109.670176698360592 ], [ -13192342.988579645752907, 4036105.048132669180632 ], [ -13192347.318959487602115, 4036095.347404584754258 ], [ -13192339.140077497810125, 4036095.330976819619536 ], [ -13192306.95930521003902, 4036095.266848674975336 ], [ -13192309.140816684812307, 4036127.127368335612118 ], [ -13192310.777049114927649, 4036140.948998145293444 ], [ -13192309.732491467148066, 4036146.643908290192485 ], [ -13192333.055345335975289, 4036188.298028441146016 ], [ -13192300.977804288268089, 4036226.102665407117456 ], [ -13192295.062756760045886, 4036224.984377088490874 ], [ -13192292.453138019889593, 4036235.9301852369681 ], [ -13192275.41027014516294, 4036326.212873259559274 ], [ -13192254.463472807779908, 4036280.565835624933243 ], [ -13192194.084073102101684, 4036303.246840002946556 ], [ -13192188.91917, 4036305.189260820392519 ], [ -13192108.92533646337688, 4036335.235454680398107 ], [ -13192083.786594867706299, 4036344.678247050847858 ], [ -13192049.602687787264585, 4036336.41093820752576 ], [ -13192019.363415474072099, 4036329.113012847490609 ], [ -13192019.459855780005455, 4036339.601940434426069 ], [ -13192019.816049873828888, 4036352.744355882983655 ], [ -13192020.392840350046754, 4036365.874647785443813 ], [ -13192021.189236797392368, 4036378.867203931324184 ], [ -13192044.448477141559124, 4036710.798359013628215 ], [ -13192044.788931328803301, 4036715.644608533475548 ], [ -13192046.127342823892832, 4036734.834106216672808 ], [ -13192043.653981029987335, 4036737.793081716634333 ], [ -13192041.335586881265044, 4036740.876773552969098 ], [ -13192039.179618885740638, 4036744.081631164997816 ], [ -13192037.196733335033059, 4036747.392579609993845 ], [ -13192035.383518051356077, 4036750.80248911678791 ], [ -13192016.840697403997183, 4036791.009738092776388 ], [ -13192017.382713897153735, 4036795.751550289336592 ], [ -13192018.174543906003237, 4036800.46278547309339 ], [ -13192019.204879265278578, 4036805.124602974392474 ], [ -13192020.481263203546405, 4036809.726304193492979 ], [ -13192021.996144475415349, 4036814.252784719225019 ], [ -13192023.742131911218166, 4036818.696934441570193 ], [ -13192025.719133116304874, 4036823.04021926317364 ], [ -13192027.919997038319707, 4036827.275285552721471 ], [ -13192030.336830236017704, 4036831.39102811133489 ], [ -13192032.962650192901492, 4036835.365555638447404 ], [ -13192035.793494824320078, 4036839.202279782388359 ], [ -13192038.822057234123349, 4036842.886821557767689 ], [ -13192042.037288846448064, 4036846.404094016179442 ], [ -13192045.431678045541048, 4036849.746987560298294 ], [ -13192048.997813520953059, 4036852.904394489713013 ], [ -13192052.721225732937455, 4036855.876387670170516 ], [ -13192058.244054395705462, 4036907.689320306293666 ], [ -13192059.305026100948453, 4036922.83383067464456 ], [ -13192059.694299230352044, 4036928.636210582219064 ], [ -13192060.56384115293622, 4036944.464711513370275 ], [ -13192061.157915538176894, 4036960.305894571822137 ], [ -13192061.479876663535833, 4036976.155624058563262 ], [ -13192061.522573923692107, 4036992.006909999530762 ], [ -13192061.289744310081005, 4037007.859733468852937 ], [ -13192060.784705590456724, 4037023.702690322417766 ], [ -13192060.003960553556681, 4037039.535919309128076 ], [ -13192058.947731502354145, 4037055.355906072538346 ], [ -13192057.615479651838541, 4037071.151629225350916 ], [ -13192055.754108784720302, 4037075.957445457112044 ], [ -13192054.065826365724206, 4037080.821505268104374 ], [ -13192052.543175548315048, 4037085.747601942159235 ], [ -13192051.19705462642014, 4037090.720779951661825 ], [ -13192050.020348832011223, 4037095.740954257082194 ], [ -13192049.020239500328898, 4037100.797306950204074 ], [ -13192048.196809003129601, 4037105.882205684203655 ], [ -13192047.549836484715343, 4037110.999649380333722 ], [ -13192045.861831922084093, 4037126.963214361574501 ], [ -13192035.050036694854498, 4037229.181164514273405 ], [ -13192028.449461923912168, 4037287.965656097978354 ], [ -13191996.770179271697998, 4037294.547109010629356 ], [ -13191891.843607312068343, 4037316.346885060891509 ], [ -13191881.941706545650959, 4037318.400698668323457 ], [ -13191869.068786531686783, 4037321.061523761600256 ], [ -13191859.687356926500797, 4037322.999422833323479 ], [ -13191831.176358003169298, 4037328.888700128067285 ], [ -13191853.731119852513075, 4037388.11757894558832 ], [ -13191845.532258573919535, 4037435.44941134750843 ], [ -13191857.385099094361067, 4037474.275908558629453 ], [ -13191843.735215676948428, 4037539.289671306498349 ], [ -13191800.582321714609861, 4037555.174768811091781 ], [ -13191784.992909347638488, 4037598.386547847650945 ], [ -13191654.361548317596316, 4037621.191780430730432 ], [ -13191603.469882987439632, 4037622.115706663113087 ], [ -13191536.796468585729599, 4037513.758623891510069 ], [ -13191533.271164210513234, 4037513.687737712170929 ], [ -13191529.807769618928432, 4037512.752275682985783 ], [ -13191526.678606117144227, 4037511.006722001824528 ], [ -13191523.894011281430721, 4037508.347202351782471 ], [ -13191510.847682105377316, 4037515.391632699873298 ], [ -13191466.956299649551511, 4037542.533946832176298 ], [ -13191459.889708653092384, 4037563.606133499648422 ], [ -13191468.539301216602325, 4037579.363295082002878 ], [ -13191509.743852283805609, 4037648.433993428945541 ], [ -13191552.690807746723294, 4037656.744918980635703 ], [ -13191555.643277384340763, 4037722.038092209026217 ], [ -13191599.391637891530991, 4037744.413981704507023 ], [ -13191654.888683842495084, 4037761.058730468153954 ], [ -13191660.110153388231993, 4037765.142387415282428 ], [ -13191670.11523106880486, 4037775.464856095612049 ], [ -13191688.584592878818512, 4037781.235935491044074 ], [ -13191709.385497227311134, 4037798.985380868893117 ], [ -13191727.937000017613173, 4037802.038228389341384 ], [ -13191773.752044275403023, 4037722.013007240369916 ], [ -13191890.713661158457398, 4037807.082256470806897 ], [ -13191905.646938635036349, 4037817.944492989219725 ], [ -13191906.508133266121149, 4037874.028249509166926 ], [ -13191854.911498969420791, 4037918.708164805546403 ], [ -13191837.268105739727616, 4037923.870691776275635 ], [ -13191832.880011860281229, 4037927.677949058823287 ], [ -13191851.727385716512799, 4037950.174971570260823 ], [ -13191935.527288414537907, 4037877.604017370846123 ], [ -13192028.915568545460701, 4037927.467375767417252 ], [ -13192140.766290199011564, 4038122.675606968812644 ], [ -13192158.781106693670154, 4038154.116921490058303 ], [ -13192178.450022175908089, 4038188.441379676107317 ], [ -13192194.015247713774443, 4038194.688160521443933 ], [ -13192183.300390055403113, 4038199.114850788842887 ], [ -13192183.401158018037677, 4038234.50619823904708 ], [ -13192183.740632036700845, 4038351.101841285359114 ], [ -13192220.103953776881099, 4038364.599433126393706 ], [ -13192220.179915081709623, 4038390.692767519038171 ], [ -13192281.938803056254983, 4038423.692479276098311 ], [ -13192233.065530970692635, 4038581.069776028394699 ], [ -13192224.702302457764745, 4038575.835035755764693 ], [ -13192214.959832463413477, 4038573.39551263814792 ], [ -13192190.178711410611868, 4038567.195174109190702 ], [ -13192181.16164530441165, 4038574.519747156184167 ], [ -13192173.663635173812509, 4038585.680739026051015 ], [ -13192117.645291404798627, 4038669.040568672120571 ], [ -13192114.29144442640245, 4038666.559851316269487 ], [ -13192110.579652190208435, 4038664.175208531320095 ], [ -13192106.753252191469073, 4038662.07150860177353 ], [ -13192100.020469274371862, 4038658.958121662959456 ], [ -13192095.22008172981441, 4038656.852202356327325 ], [ -13192090.400841005146503, 4038654.810227852780372 ], [ -13192085.56322967261076, 4038652.832195686642081 ], [ -13192080.708093423396349, 4038650.918464955408126 ], [ -13192075.835674598813057, 4038649.06927672913298 ], [ -13192070.946698, 4038647.284869587048888 ], [ -13192066.8622922655195, 4038645.84423739137128 ], [ -13192062.289731524884701, 4038644.291215085890144 ], [ -13192057.77604621835053, 4038642.81446590879932 ], [ -13192053.250455513596535, 4038641.392418201081455 ], [ -13192039.120336025953293, 4038625.496810758952051 ], [ -13192016.608237594366074, 4038628.284401037264615 ], [ -13191976.815100003033876, 4038633.209047226700932 ], [ -13191966.205618156120181, 4038634.525733614806086 ], [ -13191954.62185744009912, 4038629.203686362598091 ], [ -13191936.074733067303896, 4038620.681841862853616 ], [ -13191921.440369239076972, 4038613.957123682834208 ], [ -13191908.688920496031642, 4038601.506126025225967 ], [ -13191877.116817139089108, 4038570.681977900676429 ], [ -13191847.975746443495154, 4038542.231054516043514 ], [ -13191809.939773434773088, 4038505.09478717809543 ], [ -13191774.737337097525597, 4038470.721661279909313 ], [ -13191746.054957030341029, 4038467.889672963880002 ], [ -13191717.332585433498025, 4038482.827984829433262 ], [ -13191681.345427060499787, 4038482.048988681752235 ], [ -13191649.622870955616236, 4038481.355436855461448 ], [ -13191602.768576206639409, 4038480.331753817852587 ], [ -13191582.229280896484852, 4038449.536413564346731 ], [ -13191578.09989552013576, 4038443.338373754173517 ], [ -13191613.689516961574554, 4038424.060081645380706 ], [ -13191617.94744217954576, 4038396.940284901764244 ], [ -13191605.021106733009219, 4038384.707898189779371 ], [ -13191607.254602516070008, 4038369.626155020203441 ], [ -13191608.069152833893895, 4038364.127140720840544 ], [ -13191611.928061684593558, 4038358.81578372605145 ], [ -13191620.61718368716538, 4038346.862748192157596 ], [ -13191620.720475483685732, 4038332.135103511624038 ], [ -13191630.21439254283905, 4038320.148364590946585 ], [ -13191620.837949719280005, 4038306.949239993002266 ], [ -13191625.524134039878845, 4038286.899414639919996 ], [ -13191637.938883736729622, 4038262.770887852180749 ], [ -13191652.504292150959373, 4038236.530403618235141 ], [ -13191628.76527058891952, 4038209.009008007124066 ], [ -13191632.434576295316219, 4038206.589660214260221 ], [ -13191635.416823115199804, 4038203.052112706471235 ], [ -13191637.484939437359571, 4038198.665501391980797 ], [ -13191638.481640834361315, 4038193.763671474531293 ], [ -13191638.493954330682755, 4038186.592718492262065 ], [ -13191637.813539100810885, 4038181.792484450619668 ], [ -13191634.661001846194267, 4038173.524025238584727 ], [ -13191630.607225110754371, 4038163.238517930731177 ], [ -13191629.525358512997627, 4038159.215816856827587 ], [ -13191629.372764537110925, 4038154.9903638609685 ], [ -13191630.160618327558041, 4038150.869349742308259 ], [ -13191633.884820461273193, 4038143.029913870617747 ], [ -13191636.114525705575943, 4038139.661297891754657 ], [ -13191638.871703775599599, 4038136.920033616479486 ], [ -13191642.037791728973389, 4038134.923871523700655 ], [ -13191661.07499915920198, 4038125.38199485372752 ], [ -13191665.060380976647139, 4038123.937201763968915 ], [ -13191669.200840083882213, 4038123.435415969695896 ], [ -13191673.344637885689735, 4038123.894845822360367 ], [ -13191727.067968269810081, 4038136.128171918913722 ], [ -13191731.52969921566546, 4038136.618692942429334 ], [ -13191735.979464314877987, 4038135.990900688804686 ], [ -13191740.227215487509966, 4038134.27155731478706 ], [ -13191743.821748336777091, 4038131.837057037744671 ], [ -13191746.71199750341475, 4038128.289788760244846 ], [ -13191748.668784426525235, 4038123.91077256668359 ], [ -13191749.537305103614926, 4038119.046803946606815 ], [ -13191749.248693181201816, 4038114.083377848379314 ], [ -13191747.825774054974318, 4038109.413765288889408 ], [ -13191745.381219744682312, 4038105.407643805723637 ], [ -13191742.10884371958673, 4038102.382549505680799 ], [ -13191738.267915081232786, 4038100.578029644675553 ], [ -13191726.169011063873768, 4038098.060143518727273 ], [ -13191722.143882175907493, 4038096.970623986795545 ], [ -13191718.50002365745604, 4038094.636029785033315 ], [ -13191715.496819274500012, 4038091.222006979864091 ], [ -13191713.347366811707616, 4038086.9716094606556 ], [ -13191712.204637618735433, 4038082.186589212622494 ], [ -13191712.14967717975378, 4038077.207101507578045 ], [ -13191719.587263090535998, 4038043.709997595753521 ], [ -13191721.047496290877461, 4038039.609502577688545 ], [ -13191723.291338328272104, 4038036.062128082849085 ], [ -13191725.470610722899437, 4038032.383749404456466 ], [ -13191726.60399030521512, 4038028.08221329562366 ], [ -13191728.866693872958422, 4038024.714779317844659 ], [ -13191730.605024976655841, 4038020.713447634596378 ], [ -13191730.290022544562817, 4038016.211546080186963 ], [ -13191723.175715114921331, 4037994.42328366683796 ], [ -13191721.494464192539454, 4037988.776953695807606 ], [ -13191720.12904291972518, 4037983.007764369715005 ], [ -13191719.085608931258321, 4037977.141490419860929 ], [ -13191670.465823568403721, 4037973.713797444477677 ], [ -13191667.771373923867941, 4037969.25549051631242 ], [ -13191661.174340004101396, 4037958.347032327670604 ], [ -13191631.730417622253299, 4037989.107901483308524 ], [ -13191611.303910665214062, 4038010.454902918543667 ], [ -13191486.768257228657603, 4037975.947354557923973 ], [ -13191450.275837497785687, 4037990.040776063222438 ], [ -13191406.588061841204762, 4037989.683529042638838 ], [ -13191408.846509777009487, 4038050.144606882706285 ], [ -13191339.786183746531606, 4038039.692179792094976 ], [ -13191288.74648086167872, 4038031.966332578100264 ], [ -13191281.046056386083364, 4038010.464789679273963 ], [ -13191269.711786026135087, 4037978.815285101067275 ], [ -13191270.110049871727824, 4037974.607257961295545 ], [ -13191272.652486184611917, 4037947.567497885320336 ], [ -13191295.927835129201412, 4037944.119787200819701 ], [ -13191308.611796207726002, 4037942.241007184609771 ], [ -13191309.928553387522697, 4037934.974534164648503 ], [ -13191318.856228159740567, 4037885.7357960594818 ], [ -13191267.411011746153235, 4037883.290055476129055 ], [ -13191265.503336755558848, 4037878.092132790014148 ], [ -13191264.866574909538031, 4037873.036160860676318 ], [ -13191263.676057258620858, 4037868.128213708754629 ], [ -13191261.953082012012601, 4037863.456261515151709 ], [ -13191259.815274234861135, 4037859.273649320472032 ], [ -13191257.866366283968091, 4037855.881817002780735 ], [ -13191255.860299224033952, 4037852.538973105605692 ], [ -13191253.797563308849931, 4037849.246690086554736 ], [ -13191251.679251026362181, 4037846.00641622999683 ], [ -13191249.506332525983453, 4037842.819236950948834 ], [ -13191247.27941850759089, 4037839.68672412680462 ], [ -13191244.999840904027224, 4037836.609961369074881 ], [ -13191288.839009843766689, 4037785.034139210823923 ], [ -13191308.120005063712597, 4037762.35383454663679 ], [ -13191282.52601083368063, 4037751.916594849899411 ], [ -13191239.496257044374943, 4037734.372519578319043 ], [ -13191234.905153485015035, 4037651.66181293129921 ], [ -13191259.154020428657532, 4037642.819145542103797 ], [ -13191253.92443847283721, 4037625.120597274508327 ], [ -13191237.315983444452286, 4037568.887236144393682 ], [ -13191231.009881453588605, 4037547.534775878768414 ], [ -13191201.232555193826556, 4037521.997030139900744 ], [ -13191180.797903213649988, 4037504.473855976015329 ], [ -13191172.845363134518266, 4037504.760848974343389 ], [ -13191127.275831341743469, 4037506.423430129420012 ], [ -13191125.023641785606742, 4037493.912996745668352 ], [ -13191122.367116464301944, 4037479.200200289022177 ], [ -13191094.749814454466105, 4037462.270190744195133 ], [ -13191092.255509793758392, 4037458.076747627463192 ], [ -13191083.493609115481377, 4037455.500281709711999 ], [ -13191074.791470967233181, 4037452.643663799390197 ], [ -13191066.155255334451795, 4037449.508801986929029 ], [ -13191057.591124750673771, 4037446.098088956438005 ], [ -13191049.105120299383998, 4037442.413796888198704 ], [ -13191040.703284960240126, 4037438.458561404142529 ], [ -13191032.391421150416136, 4037434.235140543431044 ], [ -13191026.894715609028935, 4037431.263589438050985 ], [ -13191021.446465438231826, 4037428.164592091925442 ], [ -13191016.048728378489614, 4037424.939713402185589 ], [ -13191010.703437494114041, 4037421.589670821558684 ], [ -13191005.412529963999987, 4037418.116029795724899 ], [ -13191000.178182085976005, 4037414.519870046060532 ], [ -13190995.002089591696858, 4037410.80275826016441 ], [ -13190992.136107521131635, 4037408.678393964655697 ], [ -13190989.290433574467897, 4037406.514798341318965 ], [ -13190986.465310206636786, 4037404.312212525866926 ], [ -13190983.661101546138525, 4037402.07111931592226 ], [ -13190980.87816926650703, 4037399.791516975965351 ], [ -13190978.116877609863877, 4037397.473888301756233 ], [ -13190975.377590140327811, 4037395.118594980798662 ], [ -13190972.102053310722113, 4037392.224803796503693 ], [ -13190968.860491521656513, 4037389.27535897353664 ], [ -13190962.393056644126773, 4037383.255245188716799 ], [ -13190946.632800582796335, 4037367.650872252415866 ], [ -13190943.274223418906331, 4037364.100518867839128 ], [ -13190938.847029680386186, 4037359.25581575743854 ], [ -13190952.441722005605698, 4037352.235479262657464 ], [ -13190942.228124329820275, 4037308.987493118271232 ], [ -13190940.623256167396903, 4037304.060853476636112 ], [ -13190938.845052981749177, 4037299.221694021020085 ], [ -13190936.896935621276498, 4037294.478962340392172 ], [ -13190929.884487081319094, 4037280.524783878121525 ], [ -13190922.831363517791033, 4037269.529655394144356 ], [ -13190914.765157332643867, 4037259.26145541574806 ], [ -13190905.759408077225089, 4037249.814429096411914 ], [ -13190870.850282123312354, 4037199.787457286845893 ], [ -13190868.700398521497846, 4037196.578103005420417 ], [ -13190865.13845500536263, 4037190.666120292153209 ], [ -13190861.926865098997951, 4037184.468928125221282 ], [ -13190859.081088960170746, 4037178.016373190097511 ], [ -13190857.045852188020945, 4037172.587468158919364 ], [ -13190855.663846535608172, 4037168.292383591644466 ], [ -13190854.45258873142302, 4037163.923042012844235 ], [ -13190853.414537264034152, 4037159.489001717884094 ], [ -13190849.088992577046156, 4037138.077139673288912 ], [ -13190847.310856964439154, 4037128.986033921595663 ], [ -13190844.909420812502503, 4037116.724317224696279 ], [ -13190843.907018408179283, 4037111.591365662403405 ], [ -13190833.683626506477594, 4037059.308842792641371 ], [ -13190832.68295812793076, 4037054.109400559216738 ], [ -13190831.358456896618009, 4037046.585632675793022 ], [ -13190830.173307405784726, 4037039.027986936271191 ], [ -13190829.128010597079992, 4037031.440337511245161 ], [ -13190828.463648529723287, 4037025.968854138627648 ], [ -13190827.872904045507312, 4037020.485137079376727 ], [ -13190827.356144720688462, 4037014.990395969711244 ], [ -13190826.853109193965793, 4037008.654865346848965 ], [ -13190826.403095480054617, 4037001.476050420664251 ], [ -13190826.079647235572338, 4036994.2874068566598 ], [ -13190825.883021503686905, 4036987.092204199638218 ], [ -13190825.822204882279038, 4036982.264044944196939 ], [ -13190825.818783143535256, 4036977.435240264050663 ], [ -13190825.872278282418847, 4036972.606761643663049 ], [ -13190825.983058877289295, 4036967.77993980422616 ], [ -13190826.150886477902532, 4036962.955381661653519 ], [ -13190826.375766320154071, 4036958.134177397936583 ], [ -13190826.657824305817485, 4036953.317416709847748 ], [ -13190827.126657584682107, 4036946.23681673547253 ], [ -13190827.747740415856242, 4036939.884373452980071 ], [ -13190828.368398120626807, 4036933.961744119878858 ], [ -13190829.074738435447216, 4036928.053230646532029 ], [ -13190827.774405777454376, 4036907.726054665632546 ], [ -13190831.107208026573062, 4036905.023383966181427 ], [ -13190845.852759877219796, 4036893.066125503741205 ], [ -13190853.789796488359571, 4036883.660118128173053 ], [ -13190860.123998859897256, 4036873.8780358848162 ], [ -13190866.591627543792129, 4036859.540666468441486 ], [ -13190872.235487876459956, 4036841.064765647985041 ], [ -13190886.562338069081306, 4036761.383385113906115 ], [ -13190895.345379769802094, 4036702.422281370032579 ], [ -13190907.768723217770457, 4036602.009010536596179 ], [ -13190918.544386029243469, 4036512.816083333455026 ], [ -13190931.112343849614263, 4036408.104891538154334 ], [ -13190935.887944439426064, 4036387.345390229020268 ], [ -13190942.444717437028885, 4036368.897188811097294 ], [ -13190950.148043232038617, 4036353.566181377042085 ], [ -13190956.849426373839378, 4036341.218013843521476 ], [ -13190963.53971329703927, 4036332.968135986942798 ], [ -13190975.684740545228124, 4036317.946180240251124 ], [ -13190981.629168957471848, 4036312.625404988881201 ], [ -13190995.009715422987938, 4036299.739823838695884 ], [ -13191001.062803348526359, 4036295.676970474887639 ], [ -13191009.020852852612734, 4036290.335654277354479 ], [ -13191017.750685393810272, 4036284.476045254152268 ], [ -13191067.45648255571723, 4036251.113718412816525 ], [ -13191148.396848687902093, 4036199.074898380320519 ], [ -13191179.143274568021297, 4036176.219757876824588 ], [ -13191203.5779086984694, 4036156.99258476216346 ], [ -13191229.493097510188818, 4036130.267902035731822 ], [ -13191247.048176977783442, 4036103.892593593336642 ], [ -13191260.985375668853521, 4036077.840013253968209 ], [ -13191270.336226584389806, 4036047.393779269885272 ], [ -13191279.375393951311707, 4036007.958937590941787 ], [ -13191289.52771370112896, 4035985.29226029291749 ], [ -13191313.483708752319217, 4035952.521879917010665 ], [ -13191330.582318527624011, 4035935.041791979689151 ], [ -13191350.163387235254049, 4035920.786142710130662 ], [ -13191366.471826553344727, 4035911.569129765033722 ], [ -13191388.858142534270883, 4035903.467239854857326 ], [ -13191416.966303719207644, 4035897.944980567786843 ], [ -13191421.872551308944821, 4035896.981073291040957 ], [ -13191428.933110686019063, 4035896.829826552886516 ], [ -13191449.972447242587805, 4035898.307826116215438 ], [ -13191470.533137490972877, 4035903.386592609342188 ], [ -13191515.573102984577417, 4035911.878223635721952 ], [ -13191539.017001217231154, 4035914.753356418572366 ], [ -13191548.501368397846818, 4035914.928077363409102 ], [ -13191561.84860528819263, 4035915.169903840404004 ], [ -13191575.308056235313416, 4035914.62756026815623 ], [ -13191585.25463685952127, 4035914.232072891201824 ], [ -13191603.682400912046432, 4035911.582537887617946 ], [ -13191617.196708431467414, 4035909.392377635929734 ], [ -13191630.710770826786757, 4035907.202444857917726 ], [ -13191634.397460520267487, 4035906.635211741086096 ], [ -13191643.913401583209634, 4035903.561226356308907 ], [ -13191651.059442637488246, 4035901.25281002977863 ], [ -13191656.848693128675222, 4035899.382671238854527 ], [ -13191684.021761015057564, 4035888.526483429595828 ], [ -13191706.574970519170165, 4035876.756653363350779 ], [ -13191730.987447615712881, 4035862.151845444925129 ], [ -13191764.661568088456988, 4035838.020919479895383 ], [ -13191797.400567879900336, 4035808.247129994444549 ], [ -13191819.876081496477127, 4035785.124135290272534 ], [ -13191844.132548669353127, 4035757.674901387188584 ], [ -13191867.431663325056434, 4035725.442674196790904 ], [ -13191917.069026606157422, 4035648.026357152499259 ], [ -13191974.788326742127538, 4035543.430421181488782 ], [ -13192098.998549336567521, 4035342.490811472292989 ], [ -13192158.721442453563213, 4035239.778639340773225 ], [ -13192222.919297505170107, 4035135.267141135409474 ], [ -13192262.326415613293648, 4035071.370477825403214 ], [ -13192285.024576559662819, 4035044.79616781277582 ], [ -13192304.126990048214793, 4035028.37867671251297 ], [ -13192324.43159069493413, 4035018.517500394023955 ], [ -13192339.281667763367295, 4035014.137730337213725 ], [ -13192353.552835166454315, 4035011.800072608981282 ], [ -13192372.966975398361683, 4035010.684982324484736 ], [ -13192380.102482069283724, 4035010.25503077916801 ], [ -13192387.883686423301697, 4035011.061215071938932 ], [ -13192409.134712578728795, 4035015.776784073095769 ], [ -13192432.021908603608608, 4035026.726178589276969 ], [ -13192445.424886839464307, 4035035.754435929935426 ], [ -13192456.57900920137763, 4035045.400718010496348 ], [ -13192469.24714888446033, 4035059.695537726860493 ], [ -13192472.219485821202397, 4035062.960226136725396 ], [ -13192480.022915557026863, 4035072.740832071751356 ], [ -13192486.167725844308734, 4035083.515704169869423 ], [ -13192491.555535210296512, 4035095.79525923775509 ], [ -13192497.077023474499583, 4035123.887791969813406 ], [ -13192497.199521223083138, 4035151.711781284306198 ], [ -13192494.438795069232583, 4035168.263637317344546 ], [ -13192489.42938425578177, 4035183.807979489676654 ], [ -13192482.661182591691613, 4035198.855378286913037 ], [ -13192474.757431285455823, 4035211.887406267225742 ], [ -13192432.021971054375172, 4035270.075857088901103 ], [ -13192411.951081223785877, 4035296.891734066884965 ], [ -13192397.780049711465836, 4035322.714186561759561 ], [ -13192384.866903061047196, 4035356.060448918957263 ], [ -13192378.978210758417845, 4035381.386034141760319 ], [ -13192375.093096632510424, 4035407.840171926654875 ], [ -13192373.968841020017862, 4035432.023883016314358 ], [ -13192374.62562501244247, 4035478.308699604123831 ], [ -13192375.97257960960269, 4035499.227637419011444 ], [ -13192378.232366275042295, 4035519.286818995606154 ], [ -13192382.996911166235805, 4035536.202176654711366 ], [ -13192389.130568468943238, 4035552.002283121924847 ], [ -13192404.448056375607848, 4035577.167069238144904 ], [ -13192414.366638366132975, 4035589.568027790635824 ], [ -13192419.977132353931665, 4035596.581284592393786 ], [ -13192439.391287168487906, 4035621.66554354224354 ], [ -13192453.417457405477762, 4035638.379523502662778 ], [ -13192463.7813710141927, 4035649.316107523627579 ], [ -13192471.885470021516085, 4035655.335291994269937 ], [ -13192480.278956396505237, 4035660.306456837337464 ], [ -13192493.514714611694217, 4035665.815080441534519 ], [ -13192506.73957453481853, 4035670.047303788363934 ], [ -13192518.194318411871791, 4035672.721030190121382 ], [ -13192529.715843293815851, 4035673.768992645200342 ], [ -13192550.421417754143476, 4035674.078067461494356 ], [ -13192566.21762165799737, 4035669.52321665128693 ], [ -13192581.156697545200586, 4035664.256495289504528 ], [ -13192593.568839246407151, 4035658.00893438141793 ], [ -13192606.57088652998209, 4035648.778735980857164 ], [ -13192616.0776192471385, 4035640.099351874087006 ], [ -13192624.771565390750766, 4035629.203010928817093 ], [ -13192631.873735321685672, 4035618.924806009046733 ], [ -13192637.050153758376837, 4035608.216517264023423 ], [ -13192640.812724051997066, 4035601.283842203672975 ], [ -13192645.710900202393532, 4035587.324250618927181 ], [ -13192668.208436151966453, 4035462.535591958556324 ], [ -13192679.685516394674778, 4035398.838500500191003 ], [ -13192691.696880100294948, 4035370.825854307040572 ], [ -13192714.383842974901199, 4035339.199147270526737 ], [ -13192719.041783206164837, 4035332.32646408630535 ], [ -13192733.742325020954013, 4035310.6359100532718 ], [ -13192792.730438701808453, 4035198.022461823187768 ], [ -13192802.426397409290075, 4035175.787359320092946 ], [ -13192807.892254315316677, 4035156.38716423464939 ], [ -13192811.98868166655302, 4035141.890619280748069 ], [ -13192815.417300052940845, 4035125.473132280632854 ], [ -13192831.425197897478938, 4035132.284682440571487 ], [ -13192840.753669591620564, 4035145.343556942883879 ], [ -13192842.768556272611022, 4035161.546262771822512 ], [ -13192832.315629033371806, 4035178.863931136205792 ], [ -13192817.654986571520567, 4035203.732297367881984 ], [ -13192805.2316022682935, 4035236.218520828522742 ], [ -13192790.89364105463028, 4035302.144849976524711 ], [ -13192779.427801296114922, 4035322.203699707519263 ], [ -13192726.439665684476495, 4035371.054276378825307 ], [ -13192716.888583393767476, 4035383.146098087076098 ], [ -13192712.714048277586699, 4035395.667650044895709 ], [ -13192714.049809919670224, 4035407.934142125304788 ], [ -13192715.986848762258887, 4035417.634565571788698 ], [ -13192728.087292885407805, 4035451.827524241991341 ], [ -13192731.515894131734967, 4035467.493161557242274 ], [ -13192731.827616423368454, 4035481.667613802477717 ], [ -13192727.786614267155528, 4035500.194981414824724 ], [ -13192702.706395328044891, 4035580.364675482735038 ], [ -13192702.105226997286081, 4035589.017168398480862 ], [ -13192703.162785425782204, 4035596.326118703465909 ], [ -13192708.895789185538888, 4035603.971011708956212 ], [ -13192719.39317998662591, 4035609.08988161990419 ], [ -13192732.784952690824866, 4035608.740543700754642 ], [ -13192742.414050124585629, 4035603.648476084694266 ], [ -13192748.069096175953746, 4035597.280095006804913 ], [ -13192760.492399774491787, 4035577.207287789322436 ], [ -13192770.332984317094088, 4035551.249849864281714 ], [ -13192775.776497842743993, 4035518.924143265001476 ], [ -13192777.50201384909451, 4035491.677000135183334 ], [ -13192776.132790679112077, 4035463.099835752509534 ], [ -13192782.466823618859053, 4035451.088562415912747 ], [ -13192795.847409380599856, 4035446.3189856861718 ], [ -13192807.313417565077543, 4035448.226912927348167 ], [ -13192812.868184791877866, 4035456.933018868789077 ], [ -13192814.003666641190648, 4035470.193700681906193 ], [ -13192811.131538620218635, 4035480.713647288735956 ], [ -13192805.710307357832789, 4035502.734362931456417 ], [ -13192805.420842396095395, 4035515.269592760596424 ], [ -13192809.595416141673923, 4035550.658696116879582 ], [ -13192808.704771270975471, 4035565.585554979741573 ], [ -13192805.398610891774297, 4035579.128591184038669 ], [ -13192799.443054536357522, 4035599.174474305473268 ], [ -13192794.890097048133612, 4035620.201112254522741 ], [ -13192793.932688200846314, 4035636.44481463637203 ], [ -13192795.494355829432607, 4035642.698242982383817 ], [ -13192797.751015864312649, 4035651.734405737370253 ], [ -13192801.580386087298393, 4035662.24123744526878 ], [ -13192813.277530269697309, 4035684.965982644353062 ], [ -13192825.792303312569857, 4035709.279401518404484 ], [ -13192881.251909175887704, 4035822.261734274215996 ], [ -13192887.530142441391945, 4035835.051645492203534 ], [ -13192892.882036244496703, 4035846.7511923648417 ], [ -13192897.335087047889829, 4035856.485675708856434 ] ] ] } },
{ "type": "Feature", "properties": { "OBJECTID": 684, "zoneId": "US-CA-XLA-LOS-Q0817", "country_abbr": "US", "state_abbr": "CA", "county_abb": "XLA", "city_abbr": "LOS", "zone_sequence": "Q0817", "city_zone_sequence": "LOS-Q0817", "incident_name": "PALISADES", "most_extreme_status": "Evacuation Order", "datetime": "2025-01-08T05:16:00", "datetime_1h": "2025-01-08T05:00:00", "datetime_2h": "2025-01-08T06:00:00", "datetime_3h": "2025-01-08T06:00:00", "datetime_4h": "2025-01-08T04:00:00", "datetime_6h": "2025-01-08T06:00:00", "datetime_8h": "2025-01-08T08:00:00", "datetime_12h": "2025-01-08T00:00:00" }, "geometry": { "type": "Polygon", "coordinates": [ [ [ -13193324.604099594056606, 4032156.689509834162891 ], [ -13193338.434379585087299, 4032168.219479212537408 ], [ -13193353.166152197867632, 4032180.501955209299922 ], [ -13193359.134525435045362, 4032185.477785665541887 ], [ -13193375.09851642139256, 4032198.787744033150375 ], [ -13193447.022704336792231, 4032258.753102686721832 ], [ -13193528.740616073831916, 4032335.623013875912875 ], [ -13193610.180487455800176, 4032396.044445247855037 ], [ -13193617.270200850442052, 4032401.304419979453087 ], [ -13193622.949453433975577, 4032405.51785699184984 ], [ -13193659.81696630641818, 4032432.869872735347599 ], [ -13193670.715384792536497, 4032440.955579093657434 ], [ -13193682.738721020519733, 4032450.830148303415626 ], [ -13193694.993498818948865, 4032461.053710293024778 ], [ -13193701.843603909015656, 4032466.768404464703053 ], [ -13193734.334787257015705, 4032493.873800029512495 ], [ -13193752.07646613381803, 4032508.67455427441746 ], [ -13193758.219152556732297, 4032513.63257603533566 ], [ -13193783.857533095404506, 4032534.326117981690913 ], [ -13193815.635114090517163, 4032559.974761682096869 ], [ -13193898.994412686675787, 4032627.255732764024287 ], [ -13193966.13327781111002, 4032681.204535027034581 ], [ -13194023.414197225123644, 4032727.231835884042084 ], [ -13194070.332537863403559, 4032764.932117461692542 ], [ -13194140.631112890318036, 4032812.654226790182292 ], [ -13194152.941595077514648, 4032821.866887067444623 ], [ -13194232.636213285848498, 4032881.506598761770874 ], [ -13194284.244631195440888, 4032927.986430006567389 ], [ -13194301.745227009057999, 4032937.544824690092355 ], [ -13194337.121372291818261, 4032956.866176693234593 ], [ -13194349.59507367387414, 4032962.576427568681538 ], [ -13194366.880710437893867, 4032971.344984576571733 ], [ -13194373.911071615293622, 4032974.911249747499824 ], [ -13194388.679653020575643, 4032978.678332042880356 ], [ -13194392.103527080267668, 4032978.660290211904794 ], [ -13194396.18204134516418, 4032978.63879742892459 ], [ -13194401.996419318020344, 4032978.608154498040676 ], [ -13194414.67331194318831, 4032975.991353178396821 ], [ -13194434.519839454442263, 4032977.154981973115355 ], [ -13194457.199807565659285, 4032985.951758350245655 ], [ -13194464.369070647284389, 4032989.448938553687185 ], [ -13194473.042782356962562, 4032995.13055566418916 ], [ -13194503.330931831151247, 4033014.970717788208276 ], [ -13194593.499687312170863, 4033086.163319504354149 ], [ -13194682.555346960201859, 4033135.863846933003515 ], [ -13194701.479579912498593, 4033149.296744743362069 ], [ -13194720.403973054140806, 4033157.356134817469865 ], [ -13194751.573400974273682, 4033165.415978559292853 ], [ -13194767.144468225538731, 4033155.673310821410269 ], [ -13194774.002149606123567, 4033151.382424894720316 ], [ -13194781.629613952711225, 4033146.610194748267531 ], [ -13194877.364496594294906, 4033194.96780512528494 ], [ -13194909.590194309130311, 4033215.906577362678945 ], [ -13194943.042957087978721, 4033237.952663065865636 ], [ -13194964.193640302866697, 4033246.012335154227912 ], [ -13194974.345692662522197, 4033252.429150193464011 ], [ -13195000.929128034040332, 4033272.877900312654674 ], [ -13195027.573204254731536, 4033290.020570177119225 ], [ -13195078.852676635608077, 4033319.892867578193545 ], [ -13195082.450091104954481, 4033321.581114954315126 ], [ -13195118.927609162405133, 4033338.69894183985889 ], [ -13195134.231477128341794, 4033344.437735355924815 ], [ -13195239.567145098000765, 4033383.937881465535611 ], [ -13195304.978659451007843, 4033432.965843710117042 ], [ -13195397.767758972942829, 4033488.542795186396688 ], [ -13195404.909236818552017, 4033491.368152535054833 ], [ -13195416.884310591965914, 4033496.106111986096948 ], [ -13195421.739285204559565, 4033498.026957756374031 ], [ -13195476.06941301561892, 4033518.562971047591418 ], [ -13195515.341770198196173, 4033526.557953800074756 ], [ -13195534.016650941222906, 4033530.359767712187022 ], [ -13195597.61910312063992, 4033570.071014622226357 ], [ -13195654.40606489405036, 4033602.609182239044458 ], [ -13195711.122039452195168, 4033635.856250648386776 ], [ -13195790.509070774540305, 4033683.649623371660709 ], [ -13195803.361389338970184, 4033691.38705175044015 ], [ -13195887.344027876853943, 4033739.511469656135887 ], [ -13195892.143479669466615, 4033742.960341344121844 ], [ -13195901.999897740781307, 4033751.098403033334762 ], [ -13195984.756194904446602, 4033795.331360096577555 ], [ -13196001.691299615427852, 4033802.143436695914716 ], [ -13196016.16286058165133, 4033807.516870055347681 ], [ -13196021.143496310338378, 4033810.121209083124995 ], [ -13196049.558798991143703, 4033824.980437678750604 ], [ -13196061.335988342761993, 4033831.071334120817482 ], [ -13196065.143413487821817, 4033833.040385803207755 ], [ -13196088.08408672735095, 4033844.318977065384388 ], [ -13196091.331854689866304, 4033845.915741748176515 ], [ -13196095.1996846832335, 4033847.817243136465549 ], [ -13196103.242334995418787, 4033851.699599482119083 ], [ -13196111.89752870798111, 4033855.877403530292213 ], [ -13196115.37110748142004, 4033857.274683516472578 ], [ -13196121.916206294670701, 4033859.907562122214586 ], [ -13196126.794842196628451, 4033862.814343053847551 ], [ -13196131.502596784383059, 4033865.619591951835901 ], [ -13196144.650526149198413, 4033872.224478946998715 ], [ -13196149.746172053739429, 4033874.68427439359948 ], [ -13196162.849822418764234, 4033881.009382253978401 ], [ -13196183.142043337225914, 4033890.804692720528692 ], [ -13196188.648524621501565, 4033893.462557530961931 ], [ -13196199.840013599023223, 4033898.864630702883005 ], [ -13196212.72190785780549, 4033904.271802216768265 ], [ -13196216.140383591875434, 4033905.706657841335982 ], [ -13196222.206841990351677, 4033908.252953392453492 ], [ -13196225.443480119109154, 4033909.611527209170163 ], [ -13196261.065672755241394, 4033928.418583104386926 ], [ -13196335.109820591285825, 4033961.821969947312027 ], [ -13196376.494502292945981, 4033983.554631852079183 ], [ -13196380.177513321861625, 4033982.153067445848137 ], [ -13196397.088559774681926, 4033994.838983221445233 ], [ -13196399.10189688578248, 4033991.556589732412249 ], [ -13196430.2712019123137, 4034003.647007040679455 ], [ -13196462.433112002909184, 4034013.780487212352455 ], [ -13196474.081443034112453, 4034014.220752410124987 ], [ -13196491.497092725709081, 4034018.424031765200198 ], [ -13196516.73628624714911, 4034022.680125099606812 ], [ -13196520.440033538267016, 4034023.797368338797241 ], [ -13196528.232539603486657, 4034023.797565278131515 ], [ -13196546.043663362041116, 4034027.827595483511686 ], [ -13196570.533806622028351, 4034029.170962338801473 ], [ -13196598.363830156624317, 4034033.201135608367622 ], [ -13196647.344361132010818, 4034041.261376611888409 ], [ -13196676.287384210154414, 4034045.291445961687714 ], [ -13196701.890950027853251, 4034045.291491756215692 ], [ -13196708.570046115666628, 4034045.291362900752574 ], [ -13196737.513221256434917, 4034046.634678926784545 ], [ -13196753.097725993022323, 4034047.97824566392228 ], [ -13196783.15413467027247, 4034057.381791254971176 ], [ -13196836.58752709813416, 4034065.442109146155417 ], [ -13196882.953664395958185, 4034071.546184934210032 ], [ -13196897.81329701654613, 4034073.502358328085393 ], [ -13196918.963786866515875, 4034074.845632446929812 ], [ -13196937.888102862983942, 4034073.502393926959485 ], [ -13196959.038938583806157, 4034070.815627740696073 ], [ -13196989.095274902880192, 4034066.785389087162912 ], [ -13197009.13271433673799, 4034061.411880411673337 ], [ -13197015.738625429570675, 4034059.41897283680737 ], [ -13197031.396527003496885, 4034054.694951788056642 ], [ -13197054.773639440536499, 4034046.634789324831218 ], [ -13197072.584786685183644, 4034039.917849733028561 ], [ -13197088.169600445777178, 4034038.57459396822378 ], [ -13197097.075092140585184, 4034035.887842252850533 ], [ -13197133.810438606888056, 4034025.140805907547474 ], [ -13197150.508435698226094, 4034019.76731427712366 ], [ -13197168.725223153829575, 4034012.073061300441623 ], [ -13197172.772339643910527, 4034010.363781512249261 ], [ -13197188.35698564350605, 4034007.677036030218005 ], [ -13197205.054928300902247, 4034003.647066162899137 ], [ -13197227.318873547017574, 4033995.586668059695512 ], [ -13197252.922794694080949, 4033982.153141720686108 ], [ -13197271.846635799854994, 4033968.71932176174596 ], [ -13197274.786582883447409, 4033966.46157047431916 ], [ -13197280.520072549581528, 4033963.807241833303124 ], [ -13197284.091767430305481, 4033959.315883380826563 ], [ -13197293.009936409071088, 4033955.728473281022161 ], [ -13197297.450554495677352, 4033953.942134669516236 ], [ -13197301.529295187443495, 4033948.199694566428661 ], [ -13197304.676387138664722, 4033945.268878364004195 ], [ -13197306.974672868847847, 4033942.249866103753448 ], [ -13197311.196337206289172, 4033938.853374446276575 ], [ -13197324.166410749778152, 4033928.418414929881692 ], [ -13197358.675805332139134, 4033905.581464955583215 ], [ -13197385.392569618299603, 4033894.834677153732628 ], [ -13197422.128042213618755, 4033892.147946177981794 ], [ -13197458.863377438858151, 4033889.461216439493001 ], [ -13197485.580067474395037, 4033886.774479381740093 ], [ -13197510.070389179512858, 4033888.117941590491682 ], [ -13197513.948589695617557, 4033888.657879527192563 ], [ -13197539.013459678739309, 4033892.147893907502294 ], [ -13197585.722469577565789, 4033904.22643989417702 ], [ -13197603.578833691775799, 4033912.298198438249528 ], [ -13197615.823871588334441, 4033913.64166192477569 ], [ -13197636.314289849251509, 4033903.526062640361488 ], [ -13197640.314266430214047, 4033901.551419858355075 ], [ -13197661.464955655857921, 4033910.954887449741364 ], [ -13197701.539921356365085, 4033928.41854344913736 ], [ -13197712.671861086040735, 4033936.478768796660006 ], [ -13197775.010720826685429, 4033971.406252508517355 ], [ -13197786.662124274298549, 4033977.158334867097437 ], [ -13197799.501080267131329, 4033983.496498784981668 ], [ -13197810.633058624342084, 4033987.526489186566323 ], [ -13197821.820740921422839, 4033997.904625983443111 ], [ -13197907.480883922427893, 4034030.514328817371279 ], [ -13197931.685289308428764, 4034042.053924195468426 ], [ -13197959.568977409973741, 4034056.633985380642116 ], [ -13197978.453771203756332, 4034064.350706314202398 ], [ -13197997.649733584374189, 4034073.502277362626046 ], [ -13198023.253183960914612, 4034089.622790145222098 ], [ -13198044.403901459649205, 4034101.713268052320927 ], [ -13198068.086468568071723, 4034107.209323657210916 ], [ -13198073.346957933157682, 4034108.430218240246177 ], [ -13198097.837199376896024, 4034121.863931861706078 ], [ -13198122.327529875561595, 4034132.611111289355904 ], [ -13198147.228963922709227, 4034145.13204467529431 ], [ -13198160.278003837913275, 4034153.626074238680303 ], [ -13198169.0817009806633, 4034154.105232204310596 ], [ -13198180.092909933999181, 4034162.358156596310437 ], [ -13198212.496349591761827, 4034172.912664327770472 ], [ -13198229.084722362458706, 4034178.918263657949865 ], [ -13198234.760268341749907, 4034180.973038501571864 ], [ -13198261.4594601765275, 4034193.331439353059977 ], [ -13198316.023414356634021, 4034218.587997166439891 ], [ -13198337.174659064039588, 4034226.648399621248245 ], [ -13198339.400250831618905, 4034230.678257074207067 ], [ -13198348.306121675297618, 4034232.021809631958604 ], [ -13198354.985455878078938, 4034232.021903871092945 ], [ -13198382.30624539963901, 4034243.797172049991786 ], [ -13198386.154804764315486, 4034245.455830392427742 ], [ -13198415.895713185891509, 4034258.274119210895151 ], [ -13198432.908969413489103, 4034265.606889228336513 ], [ -13198439.588129064068198, 4034268.293704059906304 ], [ -13198465.680126512423158, 4034278.789749060757458 ], [ -13198520.141857227310538, 4034300.697778252884746 ], [ -13198536.436122566461563, 4034307.252323114313185 ], [ -13198571.736372334882617, 4034316.719180246349424 ], [ -13198623.104358179494739, 4034330.494866624940187 ], [ -13198626.604886731132865, 4034331.433583587408066 ], [ -13198644.416016278788447, 4034334.120493297930807 ], [ -13198663.340336952358484, 4034332.777079229708761 ], [ -13198674.509130444377661, 4034332.135254514869303 ], [ -13198686.717380814254284, 4034331.433523684740067 ], [ -13198707.868162212893367, 4034334.120338953565806 ], [ -13198725.180758994072676, 4034337.463349137455225 ], [ -13198735.69798737578094, 4034339.494133526459336 ], [ -13198739.346532555297017, 4034340.318494548555464 ], [ -13198742.70247957482934, 4034341.076686874963343 ], [ -13198748.840647762641311, 4034342.463817909825593 ], [ -13198763.550117181614041, 4034345.787473392672837 ], [ -13198775.411053637042642, 4034348.351144766900688 ], [ -13198782.184026563540101, 4034349.815082968678325 ], [ -13198792.049682149663568, 4034351.847690080758184 ], [ -13198795.660573620349169, 4034352.577535821124911 ], [ -13198800.601602541282773, 4034353.572593323886395 ], [ -13198808.854241045191884, 4034355.200114831794053 ], [ -13198817.446142503991723, 4034356.894863983150572 ], [ -13198822.685163682326674, 4034357.928190985694528 ], [ -13198826.623276462778449, 4034358.705950464121997 ], [ -13198834.206229599192739, 4034360.204024136532098 ], [ -13198834.1173041369766, 4034365.106133734807372 ], [ -13198839.263751139864326, 4034365.861779489088804 ], [ -13198848.793500605970621, 4034368.570243408437818 ], [ -13198857.037879537791014, 4034371.900158248376101 ], [ -13198864.634564263746142, 4034375.861112526617944 ], [ -13198885.549894362688065, 4034385.151721313130111 ], [ -13198894.153528448194265, 4034387.619179654866457 ], [ -13198892.058994010090828, 4034421.527249487116933 ], [ -13198845.930966099724174, 4034411.892349779605865 ], [ -13198832.491861462593079, 4034409.221656525973231 ], [ -13198768.293938396498561, 4034396.875611145049334 ], [ -13198712.611976630985737, 4034383.790804210584611 ], [ -13198673.42750963754952, 4034373.110691336449236 ], [ -13198643.938946694135666, 4034364.365079448092729 ], [ -13198618.157336486503482, 4034359.139101741369814 ], [ -13198596.873054966330528, 4034357.956978037953377 ], [ -13198532.764172909781337, 4034356.156817574519664 ], [ -13198506.626366380602121, 4034353.537149499636143 ], [ -13198481.223265593871474, 4034349.238274700473994 ], [ -13198457.055779429152608, 4034343.689996271859854 ], [ -13198433.456074543297291, 4034337.093864364549518 ], [ -13198413.418516218662262, 4034328.563186570070684 ], [ -13198385.421651815995574, 4034316.203946620691568 ], [ -13198355.866360517218709, 4034299.290350886527449 ], [ -13198295.753803206607699, 4034262.333381998818368 ], [ -13198265.909043047577143, 4034247.38134492887184 ], [ -13198239.882564801722765, 4034237.9104398121126 ], [ -13198190.768416929990053, 4034220.01644070725888 ], [ -13198119.445965411141515, 4034194.209850834216923 ], [ -13198098.785095527768135, 4034186.471982339862734 ], [ -13198051.663508100435138, 4034167.395864892285317 ], [ -13197927.687100518494844, 4034115.259119010530412 ], [ -13197775.457689177244902, 4034032.198126976843923 ], [ -13197765.973180731758475, 4034032.977282661013305 ], [ -13197722.458488740026951, 4034014.680597066413611 ], [ -13197674.07901599816978, 4033999.809432124253362 ], [ -13197643.265733078122139, 4033993.482198400422931 ], [ -13197601.298292508348823, 4033986.915074349846691 ], [ -13197597.06818213686347, 4033986.510096332523972 ], [ -13197568.726172434166074, 4033983.796534545253962 ], [ -13197550.926274577155709, 4033982.694953662343323 ], [ -13197523.75314524024725, 4033982.587490601465106 ], [ -13197482.442470852285624, 4033983.084493069909513 ], [ -13197451.90753953717649, 4033984.804036302492023 ], [ -13197446.713852329179645, 4033985.560216536745429 ], [ -13197439.485667955130339, 4033986.612643809523433 ], [ -13197430.779129348695278, 4033987.880358185153455 ], [ -13197403.750749306753278, 4033992.380639390554279 ], [ -13197351.920484224334359, 4034003.330184806603938 ], [ -13197334.120352933183312, 4034007.090585412923247 ], [ -13197201.513023408129811, 4034046.489416332449764 ], [ -13197008.844789925962687, 4034103.732769834809005 ], [ -13196989.438622949644923, 4034107.49410389829427 ], [ -13196977.931431006640196, 4034109.724340958055109 ], [ -13196962.70832165889442, 4034111.228839825373143 ], [ -13196947.485571203753352, 4034112.733558290172368 ], [ -13196940.416700717061758, 4034110.147463122848421 ], [ -13196933.348075356334448, 4034107.561483844649047 ], [ -13196899.818567916750908, 4034107.601889700628817 ], [ -13196856.737906390801072, 4034104.96867263969034 ], [ -13196806.788825489580631, 4034099.178790264762938 ], [ -13196751.65232633985579, 4034093.953160169534385 ], [ -13196720.805653361603618, 4034092.972373082302511 ], [ -13196693.042651284486055, 4034094.020300552714616 ], [ -13196648.280976055189967, 4034099.568422386422753 ], [ -13196603.319040182977915, 4034108.63622538279742 ], [ -13196553.325466552749276, 4034115.850124611519277 ], [ -13196526.597621968016028, 4034119.154826146084815 ], [ -13196499.435737792402506, 4034121.116287111770362 ], [ -13196478.797106094658375, 4034121.828188431914896 ], [ -13196464.091854345053434, 4034121.734266092535108 ], [ -13196436.083908535540104, 4034119.813121330458671 ], [ -13196403.567322302609682, 4034117.677164425607771 ], [ -13196373.611369336023927, 4034113.36484456807375 ], [ -13196342.397423079237342, 4034107.145012451335788 ], [ -13196303.201701905578375, 4034096.277050666045398 ], [ -13196171.978271465748549, 4034046.746882026549429 ], [ -13196084.581368075683713, 4034026.703740500379354 ], [ -13196079.406252633780241, 4034025.079731261823326 ], [ -13196061.832293936982751, 4034019.564919276162982 ], [ -13196000.234664710238576, 4033998.869022233877331 ], [ -13195945.598938848823309, 4033977.079697039444 ], [ -13195910.678114883601665, 4033959.777150189038366 ], [ -13195897.831770395860076, 4033953.181327186990529 ], [ -13195872.747657615691423, 4033937.262248782906681 ], [ -13195869.286079194396734, 4033935.065376102924347 ], [ -13195841.504114734008908, 4033917.43441700283438 ], [ -13195780.35781791433692, 4033877.721103747840971 ], [ -13195751.903142534196377, 4033859.240310258697718 ], [ -13195663.381861077621579, 4033802.846539275720716 ], [ -13195621.9152717217803, 4033780.197784239891917 ], [ -13195552.91949518583715, 4033739.534797192085534 ], [ -13195508.126891285181046, 4033712.935552365146577 ], [ -13195500.214256018400192, 4033708.236947213765234 ], [ -13195426.171068757772446, 4033664.267809946089983 ], [ -13195381.365060653537512, 4033639.026753834914416 ], [ -13195359.479665795341134, 4033625.512915078084916 ], [ -13195339.820657080039382, 4033612.213959547691047 ], [ -13195299.188994850963354, 4033577.556427992414683 ], [ -13195257.421872144564986, 4033538.841974280308932 ], [ -13195223.10221884958446, 4033508.241432744543999 ], [ -13195195.73983346670866, 4033487.796217860188335 ], [ -13195168.444244677200913, 4033470.319850770756602 ], [ -13195119.37463628873229, 4033444.958161584101617 ], [ -13194985.457197358831763, 4033377.981271285098046 ], [ -13194760.090875225141644, 4033264.675038881134242 ], [ -13194573.02970452979207, 4033170.981405294500291 ], [ -13194526.186498092487454, 4033149.851932503748685 ], [ -13194493.480717815458775, 4033137.896746467798948 ], [ -13194395.987121473997831, 4033115.074756819754839 ], [ -13194369.237097373232245, 4033108.385269143618643 ], [ -13194331.978530930355191, 4033095.006366196088493 ], [ -13194292.805148685351014, 4033076.845499142538756 ], [ -13194275.246853979304433, 4033067.635679867118597 ], [ -13194186.45041, 4033021.060054533183575 ], [ -13194133.006033901125193, 4032992.045807761140168 ], [ -13194094.979265568777919, 4032968.445054023060948 ], [ -13194058.144227933138609, 4032944.129549448844045 ], [ -13193885.776541065424681, 4032830.346716416534036 ], [ -13193744.077992403879762, 4032734.306062786374241 ], [ -13193727.079507496207952, 4032730.048004425596446 ], [ -13193660.343368347734213, 4032679.019293982535601 ], [ -13193633.421853454783559, 4032660.424408285412937 ], [ -13193612.865677325055003, 4032649.697140401229262 ], [ -13193549.669595945626497, 4032619.931565621867776 ], [ -13193533.895687997341156, 4032611.509703508578241 ], [ -13193521.67282304726541, 4032603.087918552104384 ], [ -13193494.622068786993623, 4032579.648859232198447 ], [ -13193474.952018514275551, 4032562.523146708961576 ], [ -13193451.942247036844492, 4032544.16165929287672 ], [ -13193437.670975103974342, 4032532.354973047040403 ], [ -13193419.915659369900823, 4032513.415978239383548 ], [ -13193386.141184043139219, 4032491.186052042525262 ], [ -13193381.343418851494789, 4032487.693733194842935 ], [ -13193289.449218276888132, 4032430.08464036649093 ], [ -13193274.387622265145183, 4032420.950840373989195 ], [ -13193265.170385457575321, 4032415.36330153606832 ], [ -13193256.30935332365334, 4032409.990552269853652 ], [ -13193139.279224973171949, 4032338.976862837560475 ], [ -13193146.344002686440945, 4032332.025223276112229 ], [ -13193149.52986309863627, 4032328.916949118953198 ], [ -13193157.245845250785351, 4032320.474214758723974 ], [ -13193159.834656486287713, 4032317.641356367617846 ], [ -13193199.872785344719887, 4032279.35455290786922 ], [ -13193217.192466836422682, 4032262.319843047298491 ], [ -13193222.186096111312509, 4032257.407659355551004 ], [ -13193259.731178104877472, 4032220.485938160680234 ], [ -13193298.28787574917078, 4032183.58622325444594 ], [ -13193318.790792405605316, 4032162.630965298507363 ], [ -13193324.604099594056606, 4032156.689509834162891 ] ] ] } }
]
}
